2025-12-12T13:04:24.593+07:00  INFO 3088 --- [order-service] [main] [                                                 ] com.ecommerce.order.OrderApplication     : Starting OrderApplication using Java 25 with PID 3088 (D:\ecom-microservices\order\target\classes started by Admin in D:\ecom-microservices)
2025-12-12T13:04:24.603+07:00  INFO 3088 --- [order-service] [main] [                                                 ] com.ecommerce.order.OrderApplication     : No active profile set, falling back to 1 default profile: "default"
2025-12-12T13:04:24.681+07:00  INFO 3088 --- [order-service] [main] [                                                 ] o.s.c.c.c.ConfigServerConfigDataLoader   : Fetching config from server at : http://localhost:8888
2025-12-12T13:04:24.682+07:00  INFO 3088 --- [order-service] [main] [                                                 ] o.s.c.c.c.ConfigServerConfigDataLoader   : Located environment: name=order-service, profiles=[default], label=null, version=null, state=null
2025-12-12T13:04:27.063+07:00  INFO 3088 --- [order-service] [main] [                                                 ] .s.d.r.c.RepositoryConfigurationDelegate : Bootstrapping Spring Data JPA repositories in DEFAULT mode.
2025-12-12T13:04:27.311+07:00  INFO 3088 --- [order-service] [main] [                                                 ] .s.d.r.c.RepositoryConfigurationDelegate : Finished Spring Data repository scanning in 234 ms. Found 2 JPA repository interfaces.
2025-12-12T13:04:27.842+07:00  INFO 3088 --- [order-service] [main] [                                                 ] faultConfiguringBeanFactoryPostProcessor : No bean named 'errorChannel' has been explicitly defined. Therefore, a default PublishSubscribeChannel will be created.
2025-12-12T13:04:27.854+07:00  INFO 3088 --- [order-service] [main] [                                                 ] faultConfiguringBeanFactoryPostProcessor : No bean named 'integrationHeaderChannelRegistry' has been explicitly defined. Therefore, a default DefaultHeaderChannelRegistry will be created.
2025-12-12T13:04:28.182+07:00  INFO 3088 --- [order-service] [main] [                                                 ] o.s.cloud.context.scope.GenericScope     : BeanFactory id=edda7dbc-db90-3c6c-a230-0b12c58ec77c
2025-12-12T13:04:29.818+07:00  INFO 3088 --- [order-service] [main] [                                                 ] o.s.b.w.embedded.tomcat.TomcatWebServer  : Tomcat initialized with port 8083 (http)
2025-12-12T13:04:29.844+07:00  INFO 3088 --- [order-service] [main] [                                                 ] o.apache.catalina.core.StandardService   : Starting service [Tomcat]
2025-12-12T13:04:29.845+07:00  INFO 3088 --- [order-service] [main] [                                                 ] o.apache.catalina.core.StandardEngine    : Starting Servlet engine: [Apache Tomcat/10.1.46]
2025-12-12T13:04:30.025+07:00  INFO 3088 --- [order-service] [main] [                                                 ] o.a.c.c.C.[Tomcat].[localhost].[/]       : Initializing Spring embedded WebApplicationContext
2025-12-12T13:04:30.027+07:00  INFO 3088 --- [order-service] [main] [                                                 ] w.s.c.ServletWebServerApplicationContext : Root WebApplicationContext: initialization completed in 5342 ms
2025-12-12T13:04:32.227+07:00  INFO 3088 --- [order-service] [main] [                                                 ] o.hibernate.jpa.internal.util.LogHelper  : HHH000204: Processing PersistenceUnitInfo [name: default]
2025-12-12T13:04:32.354+07:00  INFO 3088 --- [order-service] [main] [                                                 ] org.hibernate.Version                    : HHH000412: Hibernate ORM core version 6.6.29.Final
2025-12-12T13:04:32.417+07:00  INFO 3088 --- [order-service] [main] [                                                 ] o.h.c.internal.RegionFactoryInitiator    : HHH000026: Second-level cache disabled
2025-12-12T13:04:32.957+07:00  INFO 3088 --- [order-service] [main] [                                                 ] o.s.o.j.p.SpringPersistenceUnitInfo      : No LoadTimeWeaver setup: ignoring JPA class transformer
2025-12-12T13:04:33.025+07:00  INFO 3088 --- [order-service] [main] [                                                 ] com.zaxxer.hikari.HikariDataSource       : HikariPool-1 - Starting...
2025-12-12T13:04:33.694+07:00  INFO 3088 --- [order-service] [main] [                                                 ] com.zaxxer.hikari.pool.HikariPool        : HikariPool-1 - Added connection org.postgresql.jdbc.PgConnection@70f37190
2025-12-12T13:04:33.697+07:00  INFO 3088 --- [order-service] [main] [                                                 ] com.zaxxer.hikari.HikariDataSource       : HikariPool-1 - Start completed.
2025-12-12T13:04:33.822+07:00  WARN 3088 --- [order-service] [main] [                                                 ] org.hibernate.orm.deprecation            : HHH90000025: PostgreSQLDialect does not need to be specified explicitly using 'hibernate.dialect' (remove the property setting and it will be selected by default)
2025-12-12T13:04:33.878+07:00  INFO 3088 --- [order-service] [main] [                                                 ] org.hibernate.orm.connections.pooling    : HHH10001005: Database info:
	Database JDBC URL [Connecting through datasource 'HikariDataSource (HikariPool-1)']
	Database driver: undefined/unknown
	Database version: 14.19
	Autocommit mode: undefined/unknown
	Isolation level: undefined/unknown
	Minimum pool size: undefined/unknown
	Maximum pool size: undefined/unknown
2025-12-12T13:04:35.810+07:00  INFO 3088 --- [order-service] [main] [                                                 ] o.h.e.t.j.p.i.JtaPlatformInitiator       : HHH000489: No JTA platform available (set 'hibernate.transaction.jta.platform' to enable JTA platform integration)
2025-12-12T13:04:36.863+07:00  INFO 3088 --- [order-service] [main] [                                                 ] j.LocalContainerEntityManagerFactoryBean : Initialized JPA EntityManagerFactory for persistence unit 'default'
2025-12-12T13:04:39.135+07:00  WARN 3088 --- [order-service] [main] [                                                 ] JpaBaseConfiguration$JpaWebConfiguration : spring.jpa.open-in-view is enabled by default. Therefore, database queries may be performed during view rendering. Explicitly configure spring.jpa.open-in-view to disable this warning
2025-12-12T13:04:41.304+07:00  INFO 3088 --- [order-service] [main] [                                                 ] o.s.cloud.commons.util.InetUtils         : Cannot determine local hostname
2025-12-12T13:04:42.383+07:00  INFO 3088 --- [order-service] [main] [                                                 ] o.s.cloud.commons.util.InetUtils         : Cannot determine local hostname
2025-12-12T13:04:42.953+07:00  WARN 3088 --- [order-service] [main] [                                                 ] c.f.c.c.BeanFactoryAwareFunctionRegistry : Failed to locate function 'busConsumer' for function definition 'busConsumer'. Returning null.
2025-12-12T13:04:43.072+07:00  INFO 3088 --- [order-service] [main] [                                                 ] o.s.c.s.m.DirectWithAttributesChannel    : Channel 'order-service.springCloudBusInput' has 1 subscriber(s).
2025-12-12T13:04:44.614+07:00  INFO 3088 --- [order-service] [main] [                                                 ] o.s.cloud.commons.util.InetUtils         : Cannot determine local hostname
2025-12-12T13:04:44.658+07:00  INFO 3088 --- [order-service] [main] [                                                 ] DiscoveryClientOptionalArgsConfiguration : Eureka HTTP Client uses RestTemplate.
2025-12-12T13:04:44.799+07:00  WARN 3088 --- [order-service] [main] [                                                 ] iguration$LoadBalancerCaffeineWarnLogger : Spring Cloud LoadBalancer is currently working with the default cache. While this cache implementation is useful for development and tests, it's recommended to use Caffeine cache in production.You can switch to using Caffeine cache, by adding it and org.springframework.cache.caffeine.CaffeineCacheManager to the classpath.
2025-12-12T13:04:44.817+07:00  INFO 3088 --- [order-service] [main] [                                                 ] o.s.b.a.e.web.EndpointLinksResolver      : Exposing 35 endpoints beneath base path '/actuator'
2025-12-12T13:04:45.029+07:00  INFO 3088 --- [order-service] [main] [                                                 ] o.s.i.endpoint.EventDrivenConsumer       : Adding {logging-channel-adapter:_org.springframework.integration.errorLogger} as a subscriber to the 'errorChannel' channel
2025-12-12T13:04:45.030+07:00  INFO 3088 --- [order-service] [main] [                                                 ] o.s.i.channel.PublishSubscribeChannel    : Channel 'order-service.errorChannel' has 1 subscriber(s).
2025-12-12T13:04:45.030+07:00  INFO 3088 --- [order-service] [main] [                                                 ] o.s.i.endpoint.EventDrivenConsumer       : started bean '_org.springframework.integration.errorLogger'
2025-12-12T13:04:45.114+07:00  INFO 3088 --- [order-service] [main] [                                                 ] o.s.c.n.eureka.InstanceInfoFactory       : Setting initial instance status as: STARTING
2025-12-12T13:04:45.153+07:00  INFO 3088 --- [order-service] [main] [                                                 ] com.netflix.discovery.DiscoveryClient    : Initializing Eureka in region us-east-1
2025-12-12T13:04:45.158+07:00  INFO 3088 --- [order-service] [main] [                                                 ] c.n.d.s.r.aws.ConfigClusterResolver      : Resolving eureka endpoints via configuration
2025-12-12T13:04:45.169+07:00  INFO 3088 --- [order-service] [main] [                                                 ] com.netflix.discovery.DiscoveryClient    : Disable delta property : false
2025-12-12T13:04:45.170+07:00  INFO 3088 --- [order-service] [main] [                                                 ] com.netflix.discovery.DiscoveryClient    : Single vip registry refresh property : null
2025-12-12T13:04:45.170+07:00  INFO 3088 --- [order-service] [main] [                                                 ] com.netflix.discovery.DiscoveryClient    : Force full registry fetch : false
2025-12-12T13:04:45.170+07:00  INFO 3088 --- [order-service] [main] [                                                 ] com.netflix.discovery.DiscoveryClient    : Application is null : false
2025-12-12T13:04:45.170+07:00  INFO 3088 --- [order-service] [main] [                                                 ] com.netflix.discovery.DiscoveryClient    : Registered Applications size is zero : true
2025-12-12T13:04:45.170+07:00  INFO 3088 --- [order-service] [main] [                                                 ] com.netflix.discovery.DiscoveryClient    : Application version is -1: true
2025-12-12T13:04:45.170+07:00  INFO 3088 --- [order-service] [main] [                                                 ] com.netflix.discovery.DiscoveryClient    : Getting all instance registry info from the eureka server
2025-12-12T13:04:46.573+07:00  INFO 3088 --- [order-service] [main] [                                                 ] com.netflix.discovery.DiscoveryClient    : The response status is 200
2025-12-12T13:04:46.575+07:00  INFO 3088 --- [order-service] [main] [                                                 ] com.netflix.discovery.DiscoveryClient    : Starting heartbeat executor: renew interval is: 30
2025-12-12T13:04:46.577+07:00  INFO 3088 --- [order-service] [main] [                                                 ] c.n.discovery.InstanceInfoReplicator     : InstanceInfoReplicator onDemand update allowed rate per min is 4
2025-12-12T13:04:46.580+07:00  INFO 3088 --- [order-service] [main] [                                                 ] com.netflix.discovery.DiscoveryClient    : Discovery Client initialized at timestamp 1765519486578 with initial instances count: 0
2025-12-12T13:04:46.594+07:00  INFO 3088 --- [order-service] [main] [                                                 ] o.s.c.n.e.s.EurekaServiceRegistry        : Registering application ORDER-SERVICE with eureka with status UP
2025-12-12T13:04:46.596+07:00  INFO 3088 --- [order-service] [main] [                                                 ] com.netflix.discovery.DiscoveryClient    : Saw local status change event StatusChangeEvent [timestamp=1765519486596, current=UP, previous=STARTING]
2025-12-12T13:04:46.598+07:00  INFO 3088 --- [order-service] [DiscoveryClient-InstanceInfoReplicator-%d] [                                                 ] com.netflix.discovery.DiscoveryClient    : DiscoveryClient_ORDER-SERVICE/localhost:order-service:8083: registering service...
2025-12-12T13:04:46.600+07:00  INFO 3088 --- [order-service] [main] [                                                 ] o.s.c.s.binder.DefaultBinderFactory      : Creating binder: rabbit
2025-12-12T13:04:46.600+07:00  INFO 3088 --- [order-service] [main] [                                                 ] o.s.c.s.binder.DefaultBinderFactory      : Constructing binder child context for rabbit
2025-12-12T13:04:46.762+07:00  INFO 3088 --- [order-service] [main] [                                                 ] o.s.c.s.binder.DefaultBinderFactory      : Caching the binder: rabbit
2025-12-12T13:04:46.782+07:00  INFO 3088 --- [order-service] [main] [                                                 ] c.s.b.r.p.RabbitExchangeQueueProvisioner : declaring queue for inbound: springCloudBus.anonymous.RAXb4xr-Shu-cXgclL_u_w, bound to: springCloudBus
2025-12-12T13:04:46.788+07:00  INFO 3088 --- [order-service] [main] [                                                 ] o.s.a.r.c.CachingConnectionFactory       : Attempting to connect to: [localhost:5672]
2025-12-12T13:04:46.908+07:00  INFO 3088 --- [order-service] [main] [                                                 ] o.s.a.r.c.CachingConnectionFactory       : Created new connection: rabbitConnectionFactory#fd10007:0/SimpleConnection@4a6faf7d [delegate=amqp://guest@127.0.0.1:5672/, localPort=54882]
2025-12-12T13:04:46.916+07:00 DEBUG 3088 --- [order-service] [main] [                                                 ] o.s.amqp.rabbit.core.RabbitAdmin         : Initializing declarations
2025-12-12T13:04:46.927+07:00  INFO 3088 --- [order-service] [DiscoveryClient-InstanceInfoReplicator-%d] [                                                 ] com.netflix.discovery.DiscoveryClient    : DiscoveryClient_ORDER-SERVICE/localhost:order-service:8083 - registration status: 204
2025-12-12T13:04:46.941+07:00 DEBUG 3088 --- [order-service] [main] [                                                 ] o.s.a.r.c.CachingConnectionFactory       : Creating cached Rabbit Channel from AMQChannel(amqp://guest@127.0.0.1:5672/,1)
2025-12-12T13:04:46.954+07:00 DEBUG 3088 --- [order-service] [main] [                                                 ] o.s.amqp.rabbit.core.RabbitTemplate      : Executing callback RabbitAdmin$$Lambda/0x0000000007ad0c68 on RabbitMQ Channel: Cached Rabbit Channel: AMQChannel(amqp://guest@127.0.0.1:5672/,1), conn: Proxy@6ec6adcc Shared Rabbit Connection: SimpleConnection@4a6faf7d [delegate=amqp://guest@127.0.0.1:5672/, localPort=54882]
2025-12-12T13:04:46.955+07:00 DEBUG 3088 --- [order-service] [main] [                                                 ] o.s.amqp.rabbit.core.RabbitAdmin         : declaring Exchange 'order.exchange'
2025-12-12T13:04:46.962+07:00 DEBUG 3088 --- [order-service] [main] [                                                 ] o.s.amqp.rabbit.core.RabbitAdmin         : declaring Queue 'order.queue'
2025-12-12T13:04:46.972+07:00 DEBUG 3088 --- [order-service] [main] [                                                 ] o.s.amqp.rabbit.core.RabbitAdmin         : Binding destination [order.queue (QUEUE)] to exchange [order.exchange] with routing key [order.tracking]
2025-12-12T13:04:47.006+07:00 DEBUG 3088 --- [order-service] [main] [                                                 ] o.s.amqp.rabbit.core.RabbitAdmin         : Declarations finished
2025-12-12T13:04:47.006+07:00 DEBUG 3088 --- [order-service] [main] [                                                 ] o.s.amqp.rabbit.core.RabbitAdmin         : Initializing declarations
2025-12-12T13:04:47.006+07:00 DEBUG 3088 --- [order-service] [main] [                                                 ] o.s.amqp.rabbit.core.RabbitAdmin         : Nothing to declare
2025-12-12T13:04:47.007+07:00 DEBUG 3088 --- [order-service] [main] [                                                 ] o.s.amqp.rabbit.core.RabbitAdmin         : Initializing declarations
2025-12-12T13:04:47.007+07:00 DEBUG 3088 --- [order-service] [main] [                                                 ] o.s.amqp.rabbit.core.RabbitAdmin         : Nothing to declare
2025-12-12T13:04:47.007+07:00 DEBUG 3088 --- [order-service] [main] [                                                 ] o.s.amqp.rabbit.core.RabbitTemplate      : Executing callback RabbitAdmin$$Lambda/0x0000000007ab7ad8 on RabbitMQ Channel: Cached Rabbit Channel: AMQChannel(amqp://guest@127.0.0.1:5672/,1), conn: Proxy@6ec6adcc Shared Rabbit Connection: SimpleConnection@4a6faf7d [delegate=amqp://guest@127.0.0.1:5672/, localPort=54882]
2025-12-12T13:04:47.007+07:00 DEBUG 3088 --- [order-service] [main] [                                                 ] o.s.amqp.rabbit.core.RabbitAdmin         : declaring Exchange 'springCloudBus'
2025-12-12T13:04:47.009+07:00 DEBUG 3088 --- [order-service] [main] [                                                 ] o.s.amqp.rabbit.core.RabbitTemplate      : Executing callback RabbitAdmin$$Lambda/0x0000000007adc230 on RabbitMQ Channel: Cached Rabbit Channel: AMQChannel(amqp://guest@127.0.0.1:5672/,1), conn: Proxy@6ec6adcc Shared Rabbit Connection: SimpleConnection@4a6faf7d [delegate=amqp://guest@127.0.0.1:5672/, localPort=54882]
2025-12-12T13:04:47.011+07:00 DEBUG 3088 --- [order-service] [main] [                                                 ] o.s.amqp.rabbit.core.RabbitAdmin         : declaring Queue 'springCloudBus.anonymous.RAXb4xr-Shu-cXgclL_u_w'
2025-12-12T13:04:47.036+07:00 DEBUG 3088 --- [order-service] [main] [                                                 ] o.s.amqp.rabbit.core.RabbitTemplate      : Executing callback RabbitAdmin$$Lambda/0x0000000007adc460 on RabbitMQ Channel: Cached Rabbit Channel: AMQChannel(amqp://guest@127.0.0.1:5672/,1), conn: Proxy@6ec6adcc Shared Rabbit Connection: SimpleConnection@4a6faf7d [delegate=amqp://guest@127.0.0.1:5672/, localPort=54882]
2025-12-12T13:04:47.038+07:00 DEBUG 3088 --- [order-service] [main] [                                                 ] o.s.amqp.rabbit.core.RabbitAdmin         : Binding destination [springCloudBus.anonymous.RAXb4xr-Shu-cXgclL_u_w (QUEUE)] to exchange [springCloudBus] with routing key [#]
2025-12-12T13:04:47.066+07:00 DEBUG 3088 --- [order-service] [main] [                                                 ] o.s.a.r.l.SimpleMessageListenerContainer : Changing consumers from 1 to 1
2025-12-12T13:04:47.069+07:00 DEBUG 3088 --- [order-service] [main] [                                                 ] o.s.a.r.l.SimpleMessageListenerContainer : No global properties bean
2025-12-12T13:04:47.082+07:00  INFO 3088 --- [order-service] [main] [                                                 ] o.s.c.stream.binder.BinderErrorChannel   : Channel 'rabbit-1802642026.springCloudBusInput.errors' has 1 subscriber(s).
2025-12-12T13:04:47.082+07:00  INFO 3088 --- [order-service] [main] [                                                 ] o.s.c.stream.binder.BinderErrorChannel   : Channel 'rabbit-1802642026.springCloudBusInput.errors' has 2 subscriber(s).
2025-12-12T13:04:47.084+07:00 DEBUG 3088 --- [order-service] [main] [                                                 ] o.s.a.r.l.SimpleMessageListenerContainer : Starting Rabbit listener container.
2025-12-12T13:04:47.099+07:00 DEBUG 3088 --- [order-service] [springCloudBus.anonymous.RAXb4xr-Shu-cXgclL_u_w-1] [                                                 ] o.s.a.r.listener.BlockingQueueConsumer   : Starting consumer Consumer@3a8a774a: tags=[[]], channel=null, acknowledgeMode=AUTO local queue size=0
2025-12-12T13:04:47.127+07:00 DEBUG 3088 --- [order-service] [springCloudBus.anonymous.RAXb4xr-Shu-cXgclL_u_w-1] [                                                 ] o.s.a.r.listener.BlockingQueueConsumer   : Started on queue 'springCloudBus.anonymous.RAXb4xr-Shu-cXgclL_u_w' with tag amq.ctag-4rMUCMu2wu18oaZUAORkMg: Consumer@3a8a774a: tags=[[]], channel=Cached Rabbit Channel: AMQChannel(amqp://guest@127.0.0.1:5672/,1), conn: Proxy@6ec6adcc Shared Rabbit Connection: SimpleConnection@4a6faf7d [delegate=amqp://guest@127.0.0.1:5672/, localPort=54882], acknowledgeMode=AUTO local queue size=0
2025-12-12T13:04:47.128+07:00 DEBUG 3088 --- [order-service] [pool-4-thread-3] [                                                 ] o.s.a.r.listener.BlockingQueueConsumer   : ConsumeOK: Consumer@3a8a774a: tags=[[amq.ctag-4rMUCMu2wu18oaZUAORkMg]], channel=Cached Rabbit Channel: AMQChannel(amqp://guest@127.0.0.1:5672/,1), conn: Proxy@6ec6adcc Shared Rabbit Connection: SimpleConnection@4a6faf7d [delegate=amqp://guest@127.0.0.1:5672/, localPort=54882], acknowledgeMode=AUTO local queue size=0
2025-12-12T13:04:47.128+07:00  INFO 3088 --- [order-service] [main] [                                                 ] o.s.i.a.i.AmqpInboundChannelAdapter      : started bean 'inbound.springCloudBus.anonymous.RAXb4xr-Shu-cXgclL_u_w'
2025-12-12T13:04:47.153+07:00  INFO 3088 --- [order-service] [main] [                                                 ] o.s.b.w.embedded.tomcat.TomcatWebServer  : Tomcat started on port 8083 (http) with context path '/'
2025-12-12T13:04:47.156+07:00  INFO 3088 --- [order-service] [main] [                                                 ] .s.c.n.e.s.EurekaAutoServiceRegistration : Updating port to 8083
2025-12-12T13:04:47.660+07:00  WARN 3088 --- [order-service] [AsyncReporter{ZipkinHttpClientSender{http://localhost:9411/api/v2/spans}}] [                                                 ] z.r.i.AsyncReporter$BoundedAsyncReporter : Spans were dropped due to exceptions. All subsequent errors will be logged at FINE level.
2025-12-12T13:04:47.661+07:00  WARN 3088 --- [order-service] [AsyncReporter{ZipkinHttpClientSender{http://localhost:9411/api/v2/spans}}] [                                                 ] z.r.i.AsyncReporter$BoundedAsyncReporter : Dropped 2 spans due to ConnectException()

java.net.ConnectException: null
	at java.net.http/jdk.internal.net.http.HttpClientImpl.send(HttpClientImpl.java:923) ~[java.net.http:na]
	at java.net.http/jdk.internal.net.http.HttpClientFacade.send(HttpClientFacade.java:133) ~[java.net.http:na]
	at org.springframework.boot.actuate.autoconfigure.tracing.zipkin.ZipkinHttpClientSender.postSpans(ZipkinHttpClientSender.java:60) ~[spring-boot-actuator-autoconfigure-3.5.6.jar:3.5.6]
	at org.springframework.boot.actuate.autoconfigure.tracing.zipkin.HttpSender.postSpans(HttpSender.java:69) ~[spring-boot-actuator-autoconfigure-3.5.6.jar:3.5.6]
	at org.springframework.boot.actuate.autoconfigure.tracing.zipkin.HttpSender.postSpans(HttpSender.java:41) ~[spring-boot-actuator-autoconfigure-3.5.6.jar:3.5.6]
	at zipkin2.reporter.BaseHttpSender.send(BaseHttpSender.java:123) ~[zipkin-reporter-3.5.1.jar:na]
	at zipkin2.reporter.internal.AsyncReporter$BoundedAsyncReporter.flush(AsyncReporter.java:266) ~[zipkin-reporter-3.5.1.jar:na]
	at zipkin2.reporter.internal.AsyncReporter$Flusher.run(AsyncReporter.java:352) ~[zipkin-reporter-3.5.1.jar:na]
	at java.base/java.lang.Thread.run(Thread.java:1474) ~[na:na]
Caused by: java.net.ConnectException: null
	at java.net.http/jdk.internal.net.http.common.Utils.toConnectException(Utils.java:1070) ~[java.net.http:na]
	at java.net.http/jdk.internal.net.http.PlainHttpConnection.connectAsync(PlainHttpConnection.java:223) ~[java.net.http:na]
	at java.net.http/jdk.internal.net.http.PlainHttpConnection.checkRetryConnect(PlainHttpConnection.java:277) ~[java.net.http:na]
	at java.net.http/jdk.internal.net.http.PlainHttpConnection.lambda$connectAsync$0(PlainHttpConnection.java:235) ~[java.net.http:na]
	at java.base/java.util.concurrent.CompletableFuture.uniHandle(CompletableFuture.java:955) ~[na:na]
	at java.base/java.util.concurrent.CompletableFuture$UniHandle.tryFire(CompletableFuture.java:932) ~[na:na]
	at java.base/java.util.concurrent.CompletableFuture.postComplete(CompletableFuture.java:531) ~[na:na]
	at java.base/java.util.concurrent.CompletableFuture$AsyncSupply.run(CompletableFuture.java:1794) ~[na:na]
	at java.base/java.util.concurrent.ThreadPoolExecutor.runWorker(ThreadPoolExecutor.java:1090) ~[na:na]
	at java.base/java.util.concurrent.ThreadPoolExecutor$Worker.run(ThreadPoolExecutor.java:614) ~[na:na]
	... 1 common frames omitted
Caused by: java.nio.channels.ClosedChannelException: null
	at java.base/sun.nio.ch.SocketChannelImpl.ensureOpen(SocketChannelImpl.java:204) ~[na:na]
	at java.base/sun.nio.ch.SocketChannelImpl.connect(SocketChannelImpl.java:942) ~[na:na]
	at java.net.http/jdk.internal.net.http.PlainHttpConnection.connectAsync(PlainHttpConnection.java:211) ~[java.net.http:na]
	... 9 common frames omitted

2025-12-12T13:04:48.186+07:00  INFO 3088 --- [order-service] [main] [                                                 ] o.s.cloud.commons.util.InetUtils         : Cannot determine local hostname
2025-12-12T13:04:49.201+07:00  INFO 3088 --- [order-service] [main] [                                                 ] o.s.cloud.commons.util.InetUtils         : Cannot determine local hostname
2025-12-12T13:04:49.319+07:00  INFO 3088 --- [order-service] [main] [                                                 ] com.ecommerce.order.OrderApplication     : Started OrderApplication in 27.86 seconds (process running for 29.186)
2025-12-12T13:05:16.580+07:00  INFO 3088 --- [order-service] [DiscoveryClient-CacheRefreshExecutor-%d] [                                                 ] com.netflix.discovery.DiscoveryClient    : Disable delta property : false
2025-12-12T13:05:16.581+07:00  INFO 3088 --- [order-service] [DiscoveryClient-CacheRefreshExecutor-%d] [                                                 ] com.netflix.discovery.DiscoveryClient    : Single vip registry refresh property : null
2025-12-12T13:05:16.581+07:00  INFO 3088 --- [order-service] [DiscoveryClient-CacheRefreshExecutor-%d] [                                                 ] com.netflix.discovery.DiscoveryClient    : Force full registry fetch : false
2025-12-12T13:05:16.581+07:00  INFO 3088 --- [order-service] [DiscoveryClient-CacheRefreshExecutor-%d] [                                                 ] com.netflix.discovery.DiscoveryClient    : Application is null : false
2025-12-12T13:05:16.581+07:00  INFO 3088 --- [order-service] [DiscoveryClient-CacheRefreshExecutor-%d] [                                                 ] com.netflix.discovery.DiscoveryClient    : Registered Applications size is zero : true
2025-12-12T13:05:16.581+07:00  INFO 3088 --- [order-service] [DiscoveryClient-CacheRefreshExecutor-%d] [                                                 ] com.netflix.discovery.DiscoveryClient    : Application version is -1: false
2025-12-12T13:05:16.581+07:00  INFO 3088 --- [order-service] [DiscoveryClient-CacheRefreshExecutor-%d] [                                                 ] com.netflix.discovery.DiscoveryClient    : Getting all instance registry info from the eureka server
2025-12-12T13:05:16.722+07:00  INFO 3088 --- [order-service] [DiscoveryClient-CacheRefreshExecutor-%d] [                                                 ] com.netflix.discovery.DiscoveryClient    : The response status is 200
2025-12-12T13:09:45.196+07:00  INFO 3088 --- [order-service] [AsyncResolver-bootstrap-executor-%d] [                                                 ] c.n.d.s.r.aws.ConfigClusterResolver      : Resolving eureka endpoints via configuration
2025-12-12T13:14:45.252+07:00  INFO 3088 --- [order-service] [AsyncResolver-bootstrap-executor-%d] [                                                 ] c.n.d.s.r.aws.ConfigClusterResolver      : Resolving eureka endpoints via configuration
2025-12-12T13:19:05.115+07:00  INFO 3088 --- [order-service] [http-nio-8083-exec-1] [                                                 ] o.a.c.c.C.[Tomcat].[localhost].[/]       : Initializing Spring DispatcherServlet 'dispatcherServlet'
2025-12-12T13:19:05.137+07:00  INFO 3088 --- [order-service] [http-nio-8083-exec-1] [                                                 ] o.s.web.servlet.DispatcherServlet        : Initializing Servlet 'dispatcherServlet'
2025-12-12T13:19:05.324+07:00  INFO 3088 --- [order-service] [http-nio-8083-exec-1] [                                                 ] o.s.web.servlet.DispatcherServlet        : Completed initialization in 184 ms
2025-12-12T13:19:05.590+07:00  WARN 3088 --- [order-service] [http-nio-8083-exec-1] [693bb3d76e7ed034018d51d46b4b036e-8946c152ef6c4baa] .w.s.m.s.DefaultHandlerExceptionResolver : Resolved [org.springframework.web.HttpRequestMethodNotSupportedException: Request method 'GET' is not supported]
2025-12-12T13:19:23.605+07:00  WARN 3088 --- [order-service] [http-nio-8083-exec-2] [693bb3ebf1a07ee50f201252bb55158a-52a766749f2509a1] .w.s.m.s.DefaultHandlerExceptionResolver : Resolved [org.springframework.web.bind.MissingRequestHeaderException: Required request header 'X-User-ID' for method parameter type String is not present]
2025-12-12T13:19:45.300+07:00  INFO 3088 --- [order-service] [AsyncResolver-bootstrap-executor-%d] [                                                 ] c.n.d.s.r.aws.ConfigClusterResolver      : Resolving eureka endpoints via configuration
2025-12-12T13:24:45.313+07:00  INFO 3088 --- [order-service] [AsyncResolver-bootstrap-executor-%d] [                                                 ] c.n.d.s.r.aws.ConfigClusterResolver      : Resolving eureka endpoints via configuration
2025-12-12T13:29:45.366+07:00  INFO 3088 --- [order-service] [AsyncResolver-bootstrap-executor-%d] [                                                 ] c.n.d.s.r.aws.ConfigClusterResolver      : Resolving eureka endpoints via configuration
2025-12-12T13:34:45.428+07:00  INFO 3088 --- [order-service] [AsyncResolver-bootstrap-executor-%d] [                                                 ] c.n.d.s.r.aws.ConfigClusterResolver      : Resolving eureka endpoints via configuration
2025-12-12T13:39:45.480+07:00  INFO 3088 --- [order-service] [AsyncResolver-bootstrap-executor-%d] [                                                 ] c.n.d.s.r.aws.ConfigClusterResolver      : Resolving eureka endpoints via configuration
2025-12-12T13:44:45.520+07:00  INFO 3088 --- [order-service] [AsyncResolver-bootstrap-executor-%d] [                                                 ] c.n.d.s.r.aws.ConfigClusterResolver      : Resolving eureka endpoints via configuration
2025-12-12T13:49:45.537+07:00  INFO 3088 --- [order-service] [AsyncResolver-bootstrap-executor-%d] [                                                 ] c.n.d.s.r.aws.ConfigClusterResolver      : Resolving eureka endpoints via configuration
2025-12-12T13:54:45.580+07:00  INFO 3088 --- [order-service] [AsyncResolver-bootstrap-executor-%d] [                                                 ] c.n.d.s.r.aws.ConfigClusterResolver      : Resolving eureka endpoints via configuration
2025-12-12T13:59:45.620+07:00  INFO 3088 --- [order-service] [AsyncResolver-bootstrap-executor-%d] [                                                 ] c.n.d.s.r.aws.ConfigClusterResolver      : Resolving eureka endpoints via configuration
2025-12-12T14:04:45.681+07:00  INFO 3088 --- [order-service] [AsyncResolver-bootstrap-executor-%d] [                                                 ] c.n.d.s.r.aws.ConfigClusterResolver      : Resolving eureka endpoints via configuration
2025-12-12T14:09:45.747+07:00  INFO 3088 --- [order-service] [AsyncResolver-bootstrap-executor-%d] [                                                 ] c.n.d.s.r.aws.ConfigClusterResolver      : Resolving eureka endpoints via configuration
2025-12-12T14:09:51.045+07:00  INFO 3088 --- [order-service] [SpringApplicationShutdownHook] [                                                 ] o.s.c.n.e.s.EurekaServiceRegistry        : Unregistering application ORDER-SERVICE with eureka with status DOWN
2025-12-12T14:09:51.050+07:00  INFO 3088 --- [order-service] [SpringApplicationShutdownHook] [                                                 ] com.netflix.discovery.DiscoveryClient    : Saw local status change event StatusChangeEvent [timestamp=1765523391048, current=DOWN, previous=UP]
2025-12-12T14:09:51.055+07:00  INFO 3088 --- [order-service] [DiscoveryClient-InstanceInfoReplicator-%d] [                                                 ] com.netflix.discovery.DiscoveryClient    : DiscoveryClient_ORDER-SERVICE/localhost:order-service:8083: registering service...
2025-12-12T14:09:51.451+07:00  INFO 3088 --- [order-service] [SpringApplicationShutdownHook] [                                                 ] o.s.b.w.e.tomcat.GracefulShutdown        : Commencing graceful shutdown. Waiting for active requests to complete
2025-12-12T14:09:51.484+07:00  INFO 3088 --- [order-service] [DiscoveryClient-InstanceInfoReplicator-%d] [                                                 ] com.netflix.discovery.DiscoveryClient    : DiscoveryClient_ORDER-SERVICE/localhost:order-service:8083 - registration status: 204
2025-12-12T14:09:51.556+07:00  INFO 3088 --- [order-service] [tomcat-shutdown] [                                                 ] o.s.b.w.e.tomcat.GracefulShutdown        : Graceful shutdown complete
2025-12-12T14:09:51.648+07:00 DEBUG 3088 --- [order-service] [SpringApplicationShutdownHook] [                                                 ] o.s.a.r.l.SimpleMessageListenerContainer : Shutting down Rabbit listener container
2025-12-12T14:09:51.853+07:00  INFO 3088 --- [order-service] [SpringApplicationShutdownHook] [                                                 ] o.s.a.r.l.SimpleMessageListenerContainer : Waiting for workers to finish.
2025-12-12T14:09:51.906+07:00 DEBUG 3088 --- [order-service] [pool-4-thread-4] [                                                 ] o.s.a.r.listener.BlockingQueueConsumer   : Received cancelOk for tag amq.ctag-4rMUCMu2wu18oaZUAORkMg (springCloudBus.anonymous.RAXb4xr-Shu-cXgclL_u_w); Consumer@3a8a774a: tags=[[amq.ctag-4rMUCMu2wu18oaZUAORkMg]], channel=Cached Rabbit Channel: AMQChannel(amqp://guest@127.0.0.1:5672/,1), conn: Proxy@6ec6adcc Shared Rabbit Connection: SimpleConnection@4a6faf7d [delegate=amqp://guest@127.0.0.1:5672/, localPort=54882], acknowledgeMode=AUTO local queue size=0
2025-12-12T14:09:52.438+07:00  INFO 3088 --- [order-service] [SpringApplicationShutdownHook] [                                                 ] o.s.a.r.l.SimpleMessageListenerContainer : Successfully waited for workers to finish.
2025-12-12T14:09:52.448+07:00 DEBUG 3088 --- [order-service] [springCloudBus.anonymous.RAXb4xr-Shu-cXgclL_u_w-1] [                                                 ] o.s.a.r.l.SimpleMessageListenerContainer : Cancelling Consumer@3a8a774a: tags=[[amq.ctag-4rMUCMu2wu18oaZUAORkMg]], channel=Cached Rabbit Channel: AMQChannel(amqp://guest@127.0.0.1:5672/,1), conn: Proxy@6ec6adcc Shared Rabbit Connection: SimpleConnection@4a6faf7d [delegate=amqp://guest@127.0.0.1:5672/, localPort=54882], acknowledgeMode=AUTO local queue size=0
2025-12-12T14:09:52.450+07:00 DEBUG 3088 --- [order-service] [springCloudBus.anonymous.RAXb4xr-Shu-cXgclL_u_w-1] [                                                 ] o.s.a.r.listener.BlockingQueueConsumer   : Closing Rabbit Channel: Cached Rabbit Channel: AMQChannel(amqp://guest@127.0.0.1:5672/,1), conn: Proxy@6ec6adcc Shared Rabbit Connection: SimpleConnection@4a6faf7d [delegate=amqp://guest@127.0.0.1:5672/, localPort=54882]
2025-12-12T14:09:52.450+07:00  INFO 3088 --- [order-service] [SpringApplicationShutdownHook] [                                                 ] o.s.i.a.i.AmqpInboundChannelAdapter      : stopped bean 'inbound.springCloudBus.anonymous.RAXb4xr-Shu-cXgclL_u_w'
2025-12-12T14:09:52.455+07:00 DEBUG 3088 --- [order-service] [springCloudBus.anonymous.RAXb4xr-Shu-cXgclL_u_w-1] [                                                 ] o.s.a.r.c.CachingConnectionFactory       : Closing cached Channel: AMQChannel(amqp://guest@127.0.0.1:5672/,1)
2025-12-12T14:09:52.524+07:00  INFO 3088 --- [order-service] [SpringApplicationShutdownHook] [                                                 ] o.s.c.stream.binder.BinderErrorChannel   : Channel 'order-service.rabbit-1802642026.springCloudBusInput.errors' has 1 subscriber(s).
2025-12-12T14:09:52.539+07:00  INFO 3088 --- [order-service] [SpringApplicationShutdownHook] [                                                 ] o.s.c.stream.binder.BinderErrorChannel   : Channel 'order-service.rabbit-1802642026.springCloudBusInput.errors' has 0 subscriber(s).
2025-12-12T14:09:52.739+07:00  INFO 3088 --- [order-service] [SpringApplicationShutdownHook] [                                                 ] o.s.i.endpoint.EventDrivenConsumer       : Removing {logging-channel-adapter:_org.springframework.integration.errorLogger} as a subscriber to the 'errorChannel' channel
2025-12-12T14:09:52.740+07:00  INFO 3088 --- [order-service] [SpringApplicationShutdownHook] [                                                 ] o.s.i.channel.PublishSubscribeChannel    : Channel 'order-service.errorChannel' has 0 subscriber(s).
2025-12-12T14:09:52.742+07:00  INFO 3088 --- [order-service] [SpringApplicationShutdownHook] [                                                 ] o.s.i.endpoint.EventDrivenConsumer       : stopped bean '_org.springframework.integration.errorLogger'
2025-12-12T14:09:52.946+07:00  INFO 3088 --- [order-service] [SpringApplicationShutdownHook] [                                                 ] j.LocalContainerEntityManagerFactoryBean : Closing JPA EntityManagerFactory for persistence unit 'default'
2025-12-12T14:09:53.066+07:00  INFO 3088 --- [order-service] [SpringApplicationShutdownHook] [                                                 ] com.zaxxer.hikari.HikariDataSource       : HikariPool-1 - Shutdown initiated...
2025-12-12T14:09:53.101+07:00  INFO 3088 --- [order-service] [SpringApplicationShutdownHook] [                                                 ] com.zaxxer.hikari.HikariDataSource       : HikariPool-1 - Shutdown completed.
2025-12-12T14:09:53.165+07:00  INFO 3088 --- [order-service] [DiscoveryClient-HeartbeatExecutor-%d] [693bbfc1596c53d84c82a20561096488-4c82a20561096488] o.a.h.c.h.i.c.HttpRequestRetryExec       : Recoverable I/O exception (java.net.SocketException) caught when processing request to {}->[http://localhost:8761]
2025-12-12T14:09:53.661+07:00  INFO 3088 --- [order-service] [DiscoveryClient-CacheRefreshExecutor-%d] [                                                 ] c.n.d.s.t.d.RedirectingEurekaHttpClient  : Request execution error. endpoint=DefaultEndpoint{ serviceUrl='http://localhost:8761/eureka/} exception=I/O error on GET request for "http://localhost:8761/eureka/apps/delta": Connect to http://localhost:8761 failed: Connection refused: getsockopt stacktrace=org.springframework.web.client.ResourceAccessException: I/O error on GET request for "http://localhost:8761/eureka/apps/delta": Connect to http://localhost:8761 failed: Connection refused: getsockopt
	at org.springframework.web.client.RestTemplate.createResourceAccessException(RestTemplate.java:926)
	at org.springframework.web.client.RestTemplate.doExecute(RestTemplate.java:906)
	at org.springframework.web.client.RestTemplate.execute(RestTemplate.java:841)
	at org.springframework.web.client.RestTemplate.exchange(RestTemplate.java:702)
	at org.springframework.cloud.netflix.eureka.http.RestTemplateEurekaHttpClient.getApplicationsInternal(RestTemplateEurekaHttpClient.java:174)
	at org.springframework.cloud.netflix.eureka.http.RestTemplateEurekaHttpClient.getDelta(RestTemplateEurekaHttpClient.java:186)
	at com.netflix.discovery.shared.transport.decorator.EurekaHttpClientDecorator$7.execute(EurekaHttpClientDecorator.java:152)
	at com.netflix.discovery.shared.transport.decorator.RedirectingEurekaHttpClient.execute(RedirectingEurekaHttpClient.java:91)
	at com.netflix.discovery.shared.transport.decorator.EurekaHttpClientDecorator.getDelta(EurekaHttpClientDecorator.java:149)
	at com.netflix.discovery.shared.transport.decorator.EurekaHttpClientDecorator$7.execute(EurekaHttpClientDecorator.java:152)
	at com.netflix.discovery.shared.transport.decorator.RetryableEurekaHttpClient.execute(RetryableEurekaHttpClient.java:120)
	at com.netflix.discovery.shared.transport.decorator.EurekaHttpClientDecorator.getDelta(EurekaHttpClientDecorator.java:149)
	at com.netflix.discovery.shared.transport.decorator.EurekaHttpClientDecorator$7.execute(EurekaHttpClientDecorator.java:152)
	at com.netflix.discovery.shared.transport.decorator.SessionedEurekaHttpClient.execute(SessionedEurekaHttpClient.java:76)
	at com.netflix.discovery.shared.transport.decorator.EurekaHttpClientDecorator.getDelta(EurekaHttpClientDecorator.java:149)
	at com.netflix.discovery.DiscoveryClient.getAndUpdateDelta(DiscoveryClient.java:1080)
	at com.netflix.discovery.DiscoveryClient.fetchRegistry(DiscoveryClient.java:963)
	at com.netflix.discovery.DiscoveryClient.refreshRegistry(DiscoveryClient.java:1473)
	at com.netflix.discovery.DiscoveryClient$CacheRefreshThread.run(DiscoveryClient.java:1441)
	at java.base/java.util.concurrent.Executors$RunnableAdapter.call(Executors.java:545)
	at java.base/java.util.concurrent.FutureTask.run(FutureTask.java:328)
	at java.base/java.util.concurrent.ThreadPoolExecutor.runWorker(ThreadPoolExecutor.java:1090)
	at java.base/java.util.concurrent.ThreadPoolExecutor$Worker.run(ThreadPoolExecutor.java:614)
	at java.base/java.lang.Thread.run(Thread.java:1474)
Caused by: org.apache.hc.client5.http.HttpHostConnectException: Connect to http://localhost:8761 failed: Connection refused: getsockopt
	at java.base/sun.nio.ch.Net.pollConnect(Native Method)
	at java.base/sun.nio.ch.Net.pollConnectNow(Net.java:639)
	at java.base/sun.nio.ch.NioSocketImpl.timedFinishConnect(NioSocketImpl.java:543)
	at java.base/sun.nio.ch.NioSocketImpl.connect(NioSocketImpl.java:594)
	at java.base/java.net.SocksSocketImpl.connect(SocksSocketImpl.java:284)
	at java.base/java.net.Socket.connect(Socket.java:659)
	at org.apache.hc.client5.http.impl.io.DefaultHttpClientConnectionOperator.connect(DefaultHttpClientConnectionOperator.java:205)
	at org.apache.hc.client5.http.impl.io.PoolingHttpClientConnectionManager.connect(PoolingHttpClientConnectionManager.java:490)
	at org.apache.hc.client5.http.impl.classic.InternalExecRuntime.connectEndpoint(InternalExecRuntime.java:164)
	at org.apache.hc.client5.http.impl.classic.InternalExecRuntime.connectEndpoint(InternalExecRuntime.java:174)
	at org.apache.hc.client5.http.impl.classic.ConnectExec.execute(ConnectExec.java:144)
	at org.apache.hc.client5.http.impl.classic.ExecChainElement.execute(ExecChainElement.java:51)
	at org.apache.hc.client5.http.impl.classic.ProtocolExec.execute(ProtocolExec.java:195)
	at org.apache.hc.client5.http.impl.classic.ExecChainElement.execute(ExecChainElement.java:51)
	at org.apache.hc.client5.http.impl.classic.ContentCompressionExec.execute(ContentCompressionExec.java:150)
	at org.apache.hc.client5.http.impl.classic.ExecChainElement.execute(ExecChainElement.java:51)
	at org.apache.hc.client5.http.impl.classic.HttpRequestRetryExec.execute(HttpRequestRetryExec.java:113)
	at org.apache.hc.client5.http.impl.classic.ExecChainElement.execute(ExecChainElement.java:51)
	at org.apache.hc.client5.http.impl.classic.RedirectExec.execute(RedirectExec.java:110)
	at org.apache.hc.client5.http.impl.classic.ExecChainElement.execute(ExecChainElement.java:51)
	at org.apache.hc.client5.http.impl.classic.InternalHttpClient.doExecute(InternalHttpClient.java:185)
	at org.apache.hc.client5.http.impl.classic.CloseableHttpClient.execute(CloseableHttpClient.java:87)
	at org.apache.hc.client5.http.impl.classic.CloseableHttpClient.execute(CloseableHttpClient.java:55)
	at org.apache.hc.client5.http.classic.HttpClient.executeOpen(HttpClient.java:183)
	at org.springframework.http.client.HttpComponentsClientHttpRequest.executeInternal(HttpComponentsClientHttpRequest.java:99)
	at org.springframework.http.client.AbstractStreamingClientHttpRequest.executeInternal(AbstractStreamingClientHttpRequest.java:71)
	at org.springframework.http.client.AbstractClientHttpRequest.execute(AbstractClientHttpRequest.java:81)
	at org.springframework.http.client.InterceptingClientHttpRequest$InterceptingRequestExecution.execute(InterceptingClientHttpRequest.java:117)
	at org.springframework.cloud.netflix.eureka.http.RestTemplateTransportClientFactory.lambda$restTemplate$2(RestTemplateTransportClientFactory.java:145)
	at org.springframework.http.client.InterceptingClientHttpRequest$InterceptingRequestExecution.execute(InterceptingClientHttpRequest.java:88)
	at org.springframework.http.client.InterceptingClientHttpRequest.executeInternal(InterceptingClientHttpRequest.java:72)
	at org.springframework.http.client.AbstractBufferingClientHttpRequest.executeInternal(AbstractBufferingClientHttpRequest.java:48)
	at org.springframework.http.client.AbstractClientHttpRequest.execute(AbstractClientHttpRequest.java:81)
	at org.springframework.web.client.RestTemplate.doExecute(RestTemplate.java:900)
	... 22 more

2025-12-12T14:09:53.664+07:00  WARN 3088 --- [order-service] [DiscoveryClient-CacheRefreshExecutor-%d] [                                                 ] c.n.d.s.t.d.RetryableEurekaHttpClient    : Request execution failed with message: I/O error on GET request for "http://localhost:8761/eureka/apps/delta": Connect to http://localhost:8761 failed: Connection refused: getsockopt
2025-12-12T14:09:53.661+07:00  INFO 3088 --- [order-service] [DiscoveryClient-HeartbeatExecutor-%d] [                                                 ] c.n.d.s.t.d.RedirectingEurekaHttpClient  : Request execution error. endpoint=DefaultEndpoint{ serviceUrl='http://localhost:8761/eureka/} exception=I/O error on PUT request for "http://localhost:8761/eureka/apps/ORDER-SERVICE/localhost:order-service:8083": Connect to http://localhost:8761 failed: Connection refused: getsockopt stacktrace=org.springframework.web.client.ResourceAccessException: I/O error on PUT request for "http://localhost:8761/eureka/apps/ORDER-SERVICE/localhost:order-service:8083": Connect to http://localhost:8761 failed: Connection refused: getsockopt
	at org.springframework.web.client.RestTemplate.createResourceAccessException(RestTemplate.java:926)
	at org.springframework.web.client.RestTemplate.doExecute(RestTemplate.java:906)
	at org.springframework.web.client.RestTemplate.execute(RestTemplate.java:841)
	at org.springframework.web.client.RestTemplate.exchange(RestTemplate.java:702)
	at org.springframework.cloud.netflix.eureka.http.RestTemplateEurekaHttpClient.sendHeartBeat(RestTemplateEurekaHttpClient.java:119)
	at com.netflix.discovery.shared.transport.decorator.EurekaHttpClientDecorator$3.execute(EurekaHttpClientDecorator.java:92)
	at com.netflix.discovery.shared.transport.decorator.RedirectingEurekaHttpClient.execute(RedirectingEurekaHttpClient.java:91)
	at com.netflix.discovery.shared.transport.decorator.EurekaHttpClientDecorator.sendHeartBeat(EurekaHttpClientDecorator.java:89)
	at com.netflix.discovery.shared.transport.decorator.EurekaHttpClientDecorator$3.execute(EurekaHttpClientDecorator.java:92)
	at com.netflix.discovery.shared.transport.decorator.RetryableEurekaHttpClient.execute(RetryableEurekaHttpClient.java:120)
	at com.netflix.discovery.shared.transport.decorator.EurekaHttpClientDecorator.sendHeartBeat(EurekaHttpClientDecorator.java:89)
	at com.netflix.discovery.shared.transport.decorator.EurekaHttpClientDecorator$3.execute(EurekaHttpClientDecorator.java:92)
	at com.netflix.discovery.shared.transport.decorator.SessionedEurekaHttpClient.execute(SessionedEurekaHttpClient.java:76)
	at com.netflix.discovery.shared.transport.decorator.EurekaHttpClientDecorator.sendHeartBeat(EurekaHttpClientDecorator.java:89)
	at com.netflix.discovery.DiscoveryClient.renew(DiscoveryClient.java:845)
	at com.netflix.discovery.DiscoveryClient$HeartbeatThread.run(DiscoveryClient.java:1402)
	at java.base/java.util.concurrent.Executors$RunnableAdapter.call(Executors.java:545)
	at java.base/java.util.concurrent.FutureTask.run(FutureTask.java:328)
	at java.base/java.util.concurrent.ThreadPoolExecutor.runWorker(ThreadPoolExecutor.java:1090)
	at java.base/java.util.concurrent.ThreadPoolExecutor$Worker.run(ThreadPoolExecutor.java:614)
	at java.base/java.lang.Thread.run(Thread.java:1474)
Caused by: org.apache.hc.client5.http.HttpHostConnectException: Connect to http://localhost:8761 failed: Connection refused: getsockopt
	at java.base/sun.nio.ch.Net.pollConnect(Native Method)
	at java.base/sun.nio.ch.Net.pollConnectNow(Net.java:639)
	at java.base/sun.nio.ch.NioSocketImpl.timedFinishConnect(NioSocketImpl.java:543)
	at java.base/sun.nio.ch.NioSocketImpl.connect(NioSocketImpl.java:594)
	at java.base/java.net.SocksSocketImpl.connect(SocksSocketImpl.java:284)
	at java.base/java.net.Socket.connect(Socket.java:659)
	at org.apache.hc.client5.http.impl.io.DefaultHttpClientConnectionOperator.connect(DefaultHttpClientConnectionOperator.java:205)
	at org.apache.hc.client5.http.impl.io.PoolingHttpClientConnectionManager.connect(PoolingHttpClientConnectionManager.java:490)
	at org.apache.hc.client5.http.impl.classic.InternalExecRuntime.connectEndpoint(InternalExecRuntime.java:164)
	at org.apache.hc.client5.http.impl.classic.InternalExecRuntime.connectEndpoint(InternalExecRuntime.java:174)
	at org.apache.hc.client5.http.impl.classic.ConnectExec.execute(ConnectExec.java:144)
	at org.apache.hc.client5.http.impl.classic.ExecChainElement.execute(ExecChainElement.java:51)
	at org.apache.hc.client5.http.impl.classic.ProtocolExec.execute(ProtocolExec.java:195)
	at org.apache.hc.client5.http.impl.classic.ExecChainElement.execute(ExecChainElement.java:51)
	at org.apache.hc.client5.http.impl.classic.ContentCompressionExec.execute(ContentCompressionExec.java:150)
	at org.apache.hc.client5.http.impl.classic.ExecChainElement.execute(ExecChainElement.java:51)
	at org.apache.hc.client5.http.impl.classic.HttpRequestRetryExec.execute(HttpRequestRetryExec.java:113)
	at org.apache.hc.client5.http.impl.classic.ExecChainElement.execute(ExecChainElement.java:51)
	at org.apache.hc.client5.http.impl.classic.RedirectExec.execute(RedirectExec.java:110)
	at org.apache.hc.client5.http.impl.classic.ExecChainElement.execute(ExecChainElement.java:51)
	at org.apache.hc.client5.http.impl.classic.InternalHttpClient.doExecute(InternalHttpClient.java:185)
	at org.apache.hc.client5.http.impl.classic.CloseableHttpClient.execute(CloseableHttpClient.java:87)
	at org.apache.hc.client5.http.impl.classic.CloseableHttpClient.execute(CloseableHttpClient.java:55)
	at org.apache.hc.client5.http.classic.HttpClient.executeOpen(HttpClient.java:183)
	at org.springframework.http.client.HttpComponentsClientHttpRequest.executeInternal(HttpComponentsClientHttpRequest.java:99)
	at org.springframework.http.client.AbstractStreamingClientHttpRequest.executeInternal(AbstractStreamingClientHttpRequest.java:71)
	at org.springframework.http.client.AbstractClientHttpRequest.execute(AbstractClientHttpRequest.java:81)
	at org.springframework.http.client.InterceptingClientHttpRequest$InterceptingRequestExecution.execute(InterceptingClientHttpRequest.java:117)
	at org.springframework.cloud.netflix.eureka.http.RestTemplateTransportClientFactory.lambda$restTemplate$2(RestTemplateTransportClientFactory.java:145)
	at org.springframework.http.client.InterceptingClientHttpRequest$InterceptingRequestExecution.execute(InterceptingClientHttpRequest.java:88)
	at org.springframework.http.client.InterceptingClientHttpRequest.executeInternal(InterceptingClientHttpRequest.java:72)
	at org.springframework.http.client.AbstractBufferingClientHttpRequest.executeInternal(AbstractBufferingClientHttpRequest.java:48)
	at org.springframework.http.client.AbstractClientHttpRequest.execute(AbstractClientHttpRequest.java:81)
	at org.springframework.web.client.RestTemplate.doExecute(RestTemplate.java:900)
	... 19 more

2025-12-12T14:09:53.668+07:00  WARN 3088 --- [order-service] [DiscoveryClient-HeartbeatExecutor-%d] [                                                 ] c.n.d.s.t.d.RetryableEurekaHttpClient    : Request execution failed with message: I/O error on PUT request for "http://localhost:8761/eureka/apps/ORDER-SERVICE/localhost:order-service:8083": Connect to http://localhost:8761 failed: Connection refused: getsockopt
2025-12-12T14:09:53.729+07:00  INFO 3088 --- [order-service] [SpringApplicationShutdownHook] [                                                 ] com.netflix.discovery.DiscoveryClient    : Shutting down DiscoveryClient ...
2025-12-12T14:09:53.836+07:00  INFO 3088 --- [order-service] [DiscoveryClient-HeartbeatExecutor-%d] [                                                 ] c.n.d.s.t.d.RedirectingEurekaHttpClient  : Request execution error. endpoint=DefaultEndpoint{ serviceUrl='http://localhost:8761/eureka/}, exception=I/O error on PUT request for "http://localhost:8761/eureka/apps/ORDER-SERVICE/localhost:order-service:8083": Connect to http://localhost:8761 failed: Connection refused: getsockopt stacktrace=org.springframework.web.client.ResourceAccessException: I/O error on PUT request for "http://localhost:8761/eureka/apps/ORDER-SERVICE/localhost:order-service:8083": Connect to http://localhost:8761 failed: Connection refused: getsockopt
	at org.springframework.web.client.RestTemplate.createResourceAccessException(RestTemplate.java:926)
	at org.springframework.web.client.RestTemplate.doExecute(RestTemplate.java:906)
	at org.springframework.web.client.RestTemplate.execute(RestTemplate.java:841)
	at org.springframework.web.client.RestTemplate.exchange(RestTemplate.java:702)
	at org.springframework.cloud.netflix.eureka.http.RestTemplateEurekaHttpClient.sendHeartBeat(RestTemplateEurekaHttpClient.java:119)
	at com.netflix.discovery.shared.transport.decorator.EurekaHttpClientDecorator$3.execute(EurekaHttpClientDecorator.java:92)
	at com.netflix.discovery.shared.transport.decorator.RedirectingEurekaHttpClient.executeOnNewServer(RedirectingEurekaHttpClient.java:121)
	at com.netflix.discovery.shared.transport.decorator.RedirectingEurekaHttpClient.execute(RedirectingEurekaHttpClient.java:80)
	at com.netflix.discovery.shared.transport.decorator.EurekaHttpClientDecorator.sendHeartBeat(EurekaHttpClientDecorator.java:89)
	at com.netflix.discovery.shared.transport.decorator.EurekaHttpClientDecorator$3.execute(EurekaHttpClientDecorator.java:92)
	at com.netflix.discovery.shared.transport.decorator.RetryableEurekaHttpClient.execute(RetryableEurekaHttpClient.java:120)
	at com.netflix.discovery.shared.transport.decorator.EurekaHttpClientDecorator.sendHeartBeat(EurekaHttpClientDecorator.java:89)
	at com.netflix.discovery.shared.transport.decorator.EurekaHttpClientDecorator$3.execute(EurekaHttpClientDecorator.java:92)
	at com.netflix.discovery.shared.transport.decorator.SessionedEurekaHttpClient.execute(SessionedEurekaHttpClient.java:76)
	at com.netflix.discovery.shared.transport.decorator.EurekaHttpClientDecorator.sendHeartBeat(EurekaHttpClientDecorator.java:89)
	at com.netflix.discovery.DiscoveryClient.renew(DiscoveryClient.java:845)
	at com.netflix.discovery.DiscoveryClient$HeartbeatThread.run(DiscoveryClient.java:1402)
	at java.base/java.util.concurrent.Executors$RunnableAdapter.call(Executors.java:545)
	at java.base/java.util.concurrent.FutureTask.run(FutureTask.java:328)
	at java.base/java.util.concurrent.ThreadPoolExecutor.runWorker(ThreadPoolExecutor.java:1090)
	at java.base/java.util.concurrent.ThreadPoolExecutor$Worker.run(ThreadPoolExecutor.java:614)
	at java.base/java.lang.Thread.run(Thread.java:1474)
Caused by: org.apache.hc.client5.http.HttpHostConnectException: Connect to http://localhost:8761 failed: Connection refused: getsockopt
	at java.base/sun.nio.ch.Net.pollConnect(Native Method)
	at java.base/sun.nio.ch.Net.pollConnectNow(Net.java:639)
	at java.base/sun.nio.ch.NioSocketImpl.timedFinishConnect(NioSocketImpl.java:543)
	at java.base/sun.nio.ch.NioSocketImpl.connect(NioSocketImpl.java:594)
	at java.base/java.net.SocksSocketImpl.connect(SocksSocketImpl.java:284)
	at java.base/java.net.Socket.connect(Socket.java:659)
	at org.apache.hc.client5.http.impl.io.DefaultHttpClientConnectionOperator.connect(DefaultHttpClientConnectionOperator.java:205)
	at org.apache.hc.client5.http.impl.io.PoolingHttpClientConnectionManager.connect(PoolingHttpClientConnectionManager.java:490)
	at org.apache.hc.client5.http.impl.classic.InternalExecRuntime.connectEndpoint(InternalExecRuntime.java:164)
	at org.apache.hc.client5.http.impl.classic.InternalExecRuntime.connectEndpoint(InternalExecRuntime.java:174)
	at org.apache.hc.client5.http.impl.classic.ConnectExec.execute(ConnectExec.java:144)
	at org.apache.hc.client5.http.impl.classic.ExecChainElement.execute(ExecChainElement.java:51)
	at org.apache.hc.client5.http.impl.classic.ProtocolExec.execute(ProtocolExec.java:195)
	at org.apache.hc.client5.http.impl.classic.ExecChainElement.execute(ExecChainElement.java:51)
	at org.apache.hc.client5.http.impl.classic.ContentCompressionExec.execute(ContentCompressionExec.java:150)
	at org.apache.hc.client5.http.impl.classic.ExecChainElement.execute(ExecChainElement.java:51)
	at org.apache.hc.client5.http.impl.classic.HttpRequestRetryExec.execute(HttpRequestRetryExec.java:113)
	at org.apache.hc.client5.http.impl.classic.ExecChainElement.execute(ExecChainElement.java:51)
	at org.apache.hc.client5.http.impl.classic.RedirectExec.execute(RedirectExec.java:110)
	at org.apache.hc.client5.http.impl.classic.ExecChainElement.execute(ExecChainElement.java:51)
	at org.apache.hc.client5.http.impl.classic.InternalHttpClient.doExecute(InternalHttpClient.java:185)
	at org.apache.hc.client5.http.impl.classic.CloseableHttpClient.execute(CloseableHttpClient.java:87)
	at org.apache.hc.client5.http.impl.classic.CloseableHttpClient.execute(CloseableHttpClient.java:55)
	at org.apache.hc.client5.http.classic.HttpClient.executeOpen(HttpClient.java:183)
	at org.springframework.http.client.HttpComponentsClientHttpRequest.executeInternal(HttpComponentsClientHttpRequest.java:99)
	at org.springframework.http.client.AbstractStreamingClientHttpRequest.executeInternal(AbstractStreamingClientHttpRequest.java:71)
	at org.springframework.http.client.AbstractClientHttpRequest.execute(AbstractClientHttpRequest.java:81)
	at org.springframework.http.client.InterceptingClientHttpRequest$InterceptingRequestExecution.execute(InterceptingClientHttpRequest.java:117)
	at org.springframework.cloud.netflix.eureka.http.RestTemplateTransportClientFactory.lambda$restTemplate$2(RestTemplateTransportClientFactory.java:145)
	at org.springframework.http.client.InterceptingClientHttpRequest$InterceptingRequestExecution.execute(InterceptingClientHttpRequest.java:88)
	at org.springframework.http.client.InterceptingClientHttpRequest.executeInternal(InterceptingClientHttpRequest.java:72)
	at org.springframework.http.client.AbstractBufferingClientHttpRequest.executeInternal(AbstractBufferingClientHttpRequest.java:48)
	at org.springframework.http.client.AbstractClientHttpRequest.execute(AbstractClientHttpRequest.java:81)
	at org.springframework.web.client.RestTemplate.doExecute(RestTemplate.java:900)
	... 20 more

2025-12-12T14:09:53.839+07:00  WARN 3088 --- [order-service] [DiscoveryClient-HeartbeatExecutor-%d] [                                                 ] c.n.d.s.t.d.RetryableEurekaHttpClient    : Request execution failed with message: I/O error on PUT request for "http://localhost:8761/eureka/apps/ORDER-SERVICE/localhost:order-service:8083": Connect to http://localhost:8761 failed: Connection refused: getsockopt
2025-12-12T14:09:53.842+07:00 ERROR 3088 --- [order-service] [DiscoveryClient-HeartbeatExecutor-%d] [                                                 ] com.netflix.discovery.DiscoveryClient    : DiscoveryClient_ORDER-SERVICE/localhost:order-service:8083 - was unable to send heartbeat!

com.netflix.discovery.shared.transport.TransportException: Cannot execute request on any known server
	at com.netflix.discovery.shared.transport.decorator.RetryableEurekaHttpClient.execute(RetryableEurekaHttpClient.java:112) ~[eureka-client-2.0.4.jar:2.0.4]
	at com.netflix.discovery.shared.transport.decorator.EurekaHttpClientDecorator.sendHeartBeat(EurekaHttpClientDecorator.java:89) ~[eureka-client-2.0.4.jar:2.0.4]
	at com.netflix.discovery.shared.transport.decorator.EurekaHttpClientDecorator$3.execute(EurekaHttpClientDecorator.java:92) ~[eureka-client-2.0.4.jar:2.0.4]
	at com.netflix.discovery.shared.transport.decorator.SessionedEurekaHttpClient.execute(SessionedEurekaHttpClient.java:76) ~[eureka-client-2.0.4.jar:2.0.4]
	at com.netflix.discovery.shared.transport.decorator.EurekaHttpClientDecorator.sendHeartBeat(EurekaHttpClientDecorator.java:89) ~[eureka-client-2.0.4.jar:2.0.4]
	at com.netflix.discovery.DiscoveryClient.renew(DiscoveryClient.java:845) ~[eureka-client-2.0.4.jar:2.0.4]
	at com.netflix.discovery.DiscoveryClient$HeartbeatThread.run(DiscoveryClient.java:1402) ~[eureka-client-2.0.4.jar:2.0.4]
	at java.base/java.util.concurrent.Executors$RunnableAdapter.call(Executors.java:545) ~[na:na]
	at java.base/java.util.concurrent.FutureTask.run(FutureTask.java:328) ~[na:na]
	at java.base/java.util.concurrent.ThreadPoolExecutor.runWorker(ThreadPoolExecutor.java:1090) ~[na:na]
	at java.base/java.util.concurrent.ThreadPoolExecutor$Worker.run(ThreadPoolExecutor.java:614) ~[na:na]
	at java.base/java.lang.Thread.run(Thread.java:1474) ~[na:na]

2025-12-12T14:09:53.857+07:00  INFO 3088 --- [order-service] [DiscoveryClient-CacheRefreshExecutor-%d] [                                                 ] c.n.d.s.t.d.RedirectingEurekaHttpClient  : Request execution error. endpoint=DefaultEndpoint{ serviceUrl='http://localhost:8761/eureka/}, exception=I/O error on GET request for "http://localhost:8761/eureka/apps/delta": Connect to http://localhost:8761 failed: Connection refused: getsockopt stacktrace=org.springframework.web.client.ResourceAccessException: I/O error on GET request for "http://localhost:8761/eureka/apps/delta": Connect to http://localhost:8761 failed: Connection refused: getsockopt
	at org.springframework.web.client.RestTemplate.createResourceAccessException(RestTemplate.java:926)
	at org.springframework.web.client.RestTemplate.doExecute(RestTemplate.java:906)
	at org.springframework.web.client.RestTemplate.execute(RestTemplate.java:841)
	at org.springframework.web.client.RestTemplate.exchange(RestTemplate.java:702)
	at org.springframework.cloud.netflix.eureka.http.RestTemplateEurekaHttpClient.getApplicationsInternal(RestTemplateEurekaHttpClient.java:174)
	at org.springframework.cloud.netflix.eureka.http.RestTemplateEurekaHttpClient.getDelta(RestTemplateEurekaHttpClient.java:186)
	at com.netflix.discovery.shared.transport.decorator.EurekaHttpClientDecorator$7.execute(EurekaHttpClientDecorator.java:152)
	at com.netflix.discovery.shared.transport.decorator.RedirectingEurekaHttpClient.executeOnNewServer(RedirectingEurekaHttpClient.java:121)
	at com.netflix.discovery.shared.transport.decorator.RedirectingEurekaHttpClient.execute(RedirectingEurekaHttpClient.java:80)
	at com.netflix.discovery.shared.transport.decorator.EurekaHttpClientDecorator.getDelta(EurekaHttpClientDecorator.java:149)
	at com.netflix.discovery.shared.transport.decorator.EurekaHttpClientDecorator$7.execute(EurekaHttpClientDecorator.java:152)
	at com.netflix.discovery.shared.transport.decorator.RetryableEurekaHttpClient.execute(RetryableEurekaHttpClient.java:120)
	at com.netflix.discovery.shared.transport.decorator.EurekaHttpClientDecorator.getDelta(EurekaHttpClientDecorator.java:149)
	at com.netflix.discovery.shared.transport.decorator.EurekaHttpClientDecorator$7.execute(EurekaHttpClientDecorator.java:152)
	at com.netflix.discovery.shared.transport.decorator.SessionedEurekaHttpClient.execute(SessionedEurekaHttpClient.java:76)
	at com.netflix.discovery.shared.transport.decorator.EurekaHttpClientDecorator.getDelta(EurekaHttpClientDecorator.java:149)
	at com.netflix.discovery.DiscoveryClient.getAndUpdateDelta(DiscoveryClient.java:1080)
	at com.netflix.discovery.DiscoveryClient.fetchRegistry(DiscoveryClient.java:963)
	at com.netflix.discovery.DiscoveryClient.refreshRegistry(DiscoveryClient.java:1473)
	at com.netflix.discovery.DiscoveryClient$CacheRefreshThread.run(DiscoveryClient.java:1441)
	at java.base/java.util.concurrent.Executors$RunnableAdapter.call(Executors.java:545)
	at java.base/java.util.concurrent.FutureTask.run(FutureTask.java:328)
	at java.base/java.util.concurrent.ThreadPoolExecutor.runWorker(ThreadPoolExecutor.java:1090)
	at java.base/java.util.concurrent.ThreadPoolExecutor$Worker.run(ThreadPoolExecutor.java:614)
	at java.base/java.lang.Thread.run(Thread.java:1474)
Caused by: org.apache.hc.client5.http.HttpHostConnectException: Connect to http://localhost:8761 failed: Connection refused: getsockopt
	at java.base/sun.nio.ch.Net.pollConnect(Native Method)
	at java.base/sun.nio.ch.Net.pollConnectNow(Net.java:639)
	at java.base/sun.nio.ch.NioSocketImpl.timedFinishConnect(NioSocketImpl.java:543)
	at java.base/sun.nio.ch.NioSocketImpl.connect(NioSocketImpl.java:594)
	at java.base/java.net.SocksSocketImpl.connect(SocksSocketImpl.java:284)
	at java.base/java.net.Socket.connect(Socket.java:659)
	at org.apache.hc.client5.http.impl.io.DefaultHttpClientConnectionOperator.connect(DefaultHttpClientConnectionOperator.java:205)
	at org.apache.hc.client5.http.impl.io.PoolingHttpClientConnectionManager.connect(PoolingHttpClientConnectionManager.java:490)
	at org.apache.hc.client5.http.impl.classic.InternalExecRuntime.connectEndpoint(InternalExecRuntime.java:164)
	at org.apache.hc.client5.http.impl.classic.InternalExecRuntime.connectEndpoint(InternalExecRuntime.java:174)
	at org.apache.hc.client5.http.impl.classic.ConnectExec.execute(ConnectExec.java:144)
	at org.apache.hc.client5.http.impl.classic.ExecChainElement.execute(ExecChainElement.java:51)
	at org.apache.hc.client5.http.impl.classic.ProtocolExec.execute(ProtocolExec.java:195)
	at org.apache.hc.client5.http.impl.classic.ExecChainElement.execute(ExecChainElement.java:51)
	at org.apache.hc.client5.http.impl.classic.ContentCompressionExec.execute(ContentCompressionExec.java:150)
	at org.apache.hc.client5.http.impl.classic.ExecChainElement.execute(ExecChainElement.java:51)
	at org.apache.hc.client5.http.impl.classic.HttpRequestRetryExec.execute(HttpRequestRetryExec.java:113)
	at org.apache.hc.client5.http.impl.classic.ExecChainElement.execute(ExecChainElement.java:51)
	at org.apache.hc.client5.http.impl.classic.RedirectExec.execute(RedirectExec.java:110)
	at org.apache.hc.client5.http.impl.classic.ExecChainElement.execute(ExecChainElement.java:51)
	at org.apache.hc.client5.http.impl.classic.InternalHttpClient.doExecute(InternalHttpClient.java:185)
	at org.apache.hc.client5.http.impl.classic.CloseableHttpClient.execute(CloseableHttpClient.java:87)
	at org.apache.hc.client5.http.impl.classic.CloseableHttpClient.execute(CloseableHttpClient.java:55)
	at org.apache.hc.client5.http.classic.HttpClient.executeOpen(HttpClient.java:183)
	at org.springframework.http.client.HttpComponentsClientHttpRequest.executeInternal(HttpComponentsClientHttpRequest.java:99)
	at org.springframework.http.client.AbstractStreamingClientHttpRequest.executeInternal(AbstractStreamingClientHttpRequest.java:71)
	at org.springframework.http.client.AbstractClientHttpRequest.execute(AbstractClientHttpRequest.java:81)
	at org.springframework.http.client.InterceptingClientHttpRequest$InterceptingRequestExecution.execute(InterceptingClientHttpRequest.java:117)
	at org.springframework.cloud.netflix.eureka.http.RestTemplateTransportClientFactory.lambda$restTemplate$2(RestTemplateTransportClientFactory.java:145)
	at org.springframework.http.client.InterceptingClientHttpRequest$InterceptingRequestExecution.execute(InterceptingClientHttpRequest.java:88)
	at org.springframework.http.client.InterceptingClientHttpRequest.executeInternal(InterceptingClientHttpRequest.java:72)
	at org.springframework.http.client.AbstractBufferingClientHttpRequest.executeInternal(AbstractBufferingClientHttpRequest.java:48)
	at org.springframework.http.client.AbstractClientHttpRequest.execute(AbstractClientHttpRequest.java:81)
	at org.springframework.web.client.RestTemplate.doExecute(RestTemplate.java:900)
	... 23 more

2025-12-12T14:09:53.859+07:00  WARN 3088 --- [order-service] [DiscoveryClient-CacheRefreshExecutor-%d] [                                                 ] c.n.d.s.t.d.RetryableEurekaHttpClient    : Request execution failed with message: I/O error on GET request for "http://localhost:8761/eureka/apps/delta": Connect to http://localhost:8761 failed: Connection refused: getsockopt
2025-12-12T14:09:53.863+07:00  INFO 3088 --- [order-service] [DiscoveryClient-CacheRefreshExecutor-%d] [                                                 ] com.netflix.discovery.DiscoveryClient    : DiscoveryClient_ORDER-SERVICE/localhost:order-service:8083 - was unable to refresh its cache! This periodic background refresh will be retried in 30 seconds. status = Cannot execute request on any known server stacktrace = com.netflix.discovery.shared.transport.TransportException: Cannot execute request on any known server
	at com.netflix.discovery.shared.transport.decorator.RetryableEurekaHttpClient.execute(RetryableEurekaHttpClient.java:112)
	at com.netflix.discovery.shared.transport.decorator.EurekaHttpClientDecorator.getDelta(EurekaHttpClientDecorator.java:149)
	at com.netflix.discovery.shared.transport.decorator.EurekaHttpClientDecorator$7.execute(EurekaHttpClientDecorator.java:152)
	at com.netflix.discovery.shared.transport.decorator.SessionedEurekaHttpClient.execute(SessionedEurekaHttpClient.java:76)
	at com.netflix.discovery.shared.transport.decorator.EurekaHttpClientDecorator.getDelta(EurekaHttpClientDecorator.java:149)
	at com.netflix.discovery.DiscoveryClient.getAndUpdateDelta(DiscoveryClient.java:1080)
	at com.netflix.discovery.DiscoveryClient.fetchRegistry(DiscoveryClient.java:963)
	at com.netflix.discovery.DiscoveryClient.refreshRegistry(DiscoveryClient.java:1473)
	at com.netflix.discovery.DiscoveryClient$CacheRefreshThread.run(DiscoveryClient.java:1441)
	at java.base/java.util.concurrent.Executors$RunnableAdapter.call(Executors.java:545)
	at java.base/java.util.concurrent.FutureTask.run(FutureTask.java:328)
	at java.base/java.util.concurrent.ThreadPoolExecutor.runWorker(ThreadPoolExecutor.java:1090)
	at java.base/java.util.concurrent.ThreadPoolExecutor$Worker.run(ThreadPoolExecutor.java:614)
	at java.base/java.lang.Thread.run(Thread.java:1474)

2025-12-12T14:09:56.733+07:00  INFO 3088 --- [order-service] [SpringApplicationShutdownHook] [                                                 ] com.netflix.discovery.DiscoveryClient    : Unregistering ...
2025-12-12T14:09:56.825+07:00  INFO 3088 --- [order-service] [SpringApplicationShutdownHook] [                                                 ] c.n.d.s.t.d.RedirectingEurekaHttpClient  : Request execution error. endpoint=DefaultEndpoint{ serviceUrl='http://localhost:8761/eureka/}, exception=I/O error on DELETE request for "http://localhost:8761/eureka/apps/ORDER-SERVICE/localhost:order-service:8083": Connect to http://localhost:8761 failed: Connection refused: getsockopt stacktrace=org.springframework.web.client.ResourceAccessException: I/O error on DELETE request for "http://localhost:8761/eureka/apps/ORDER-SERVICE/localhost:order-service:8083": Connect to http://localhost:8761 failed: Connection refused: getsockopt
	at org.springframework.web.client.RestTemplate.createResourceAccessException(RestTemplate.java:926)
	at org.springframework.web.client.RestTemplate.doExecute(RestTemplate.java:906)
	at org.springframework.web.client.RestTemplate.execute(RestTemplate.java:841)
	at org.springframework.web.client.RestTemplate.exchange(RestTemplate.java:702)
	at org.springframework.cloud.netflix.eureka.http.RestTemplateEurekaHttpClient.cancel(RestTemplateEurekaHttpClient.java:100)
	at com.netflix.discovery.shared.transport.decorator.EurekaHttpClientDecorator$2.execute(EurekaHttpClientDecorator.java:74)
	at com.netflix.discovery.shared.transport.decorator.RedirectingEurekaHttpClient.executeOnNewServer(RedirectingEurekaHttpClient.java:121)
	at com.netflix.discovery.shared.transport.decorator.RedirectingEurekaHttpClient.execute(RedirectingEurekaHttpClient.java:80)
	at com.netflix.discovery.shared.transport.decorator.EurekaHttpClientDecorator.cancel(EurekaHttpClientDecorator.java:71)
	at com.netflix.discovery.shared.transport.decorator.EurekaHttpClientDecorator$2.execute(EurekaHttpClientDecorator.java:74)
	at com.netflix.discovery.shared.transport.decorator.RetryableEurekaHttpClient.execute(RetryableEurekaHttpClient.java:120)
	at com.netflix.discovery.shared.transport.decorator.EurekaHttpClientDecorator.cancel(EurekaHttpClientDecorator.java:71)
	at com.netflix.discovery.shared.transport.decorator.EurekaHttpClientDecorator$2.execute(EurekaHttpClientDecorator.java:74)
	at com.netflix.discovery.shared.transport.decorator.SessionedEurekaHttpClient.execute(SessionedEurekaHttpClient.java:76)
	at com.netflix.discovery.shared.transport.decorator.EurekaHttpClientDecorator.cancel(EurekaHttpClientDecorator.java:71)
	at com.netflix.discovery.DiscoveryClient.unregister(DiscoveryClient.java:919)
	at com.netflix.discovery.DiscoveryClient.shutdown(DiscoveryClient.java:900)
	at java.base/jdk.internal.reflect.DirectMethodHandleAccessor.invoke(DirectMethodHandleAccessor.java:104)
	at java.base/java.lang.reflect.Method.invoke(Method.java:565)
	at org.springframework.beans.factory.annotation.InitDestroyAnnotationBeanPostProcessor$LifecycleMethod.invoke(InitDestroyAnnotationBeanPostProcessor.java:457)
	at org.springframework.beans.factory.annotation.InitDestroyAnnotationBeanPostProcessor$LifecycleMetadata.invokeDestroyMethods(InitDestroyAnnotationBeanPostProcessor.java:415)
	at org.springframework.beans.factory.annotation.InitDestroyAnnotationBeanPostProcessor.postProcessBeforeDestruction(InitDestroyAnnotationBeanPostProcessor.java:239)
	at org.springframework.beans.factory.support.DisposableBeanAdapter.destroy(DisposableBeanAdapter.java:203)
	at org.springframework.beans.factory.support.DisposableBeanAdapter.run(DisposableBeanAdapter.java:196)
	at org.springframework.cloud.context.scope.GenericScope$BeanLifecycleWrapper.destroy(GenericScope.java:387)
	at org.springframework.cloud.context.scope.GenericScope.destroy(GenericScope.java:134)
	at org.springframework.beans.factory.support.DisposableBeanAdapter.destroy(DisposableBeanAdapter.java:212)
	at org.springframework.beans.factory.support.DefaultSingletonBeanRegistry.destroyBean(DefaultSingletonBeanRegistry.java:798)
	at org.springframework.beans.factory.support.DefaultSingletonBeanRegistry.destroySingleton(DefaultSingletonBeanRegistry.java:748)
	at org.springframework.beans.factory.support.DefaultListableBeanFactory.destroySingleton(DefaultListableBeanFactory.java:1489)
	at org.springframework.beans.factory.support.DefaultSingletonBeanRegistry.destroySingletons(DefaultSingletonBeanRegistry.java:707)
	at org.springframework.beans.factory.support.DefaultListableBeanFactory.destroySingletons(DefaultListableBeanFactory.java:1482)
	at org.springframework.context.support.AbstractApplicationContext.destroyBeans(AbstractApplicationContext.java:1219)
	at org.springframework.context.support.AbstractApplicationContext.doClose(AbstractApplicationContext.java:1180)
	at org.springframework.boot.web.servlet.context.ServletWebServerApplicationContext.doClose(ServletWebServerApplicationContext.java:179)
	at org.springframework.context.support.AbstractApplicationContext.close(AbstractApplicationContext.java:1126)
	at org.springframework.boot.SpringApplicationShutdownHook.closeAndWait(SpringApplicationShutdownHook.java:147)
	at java.base/java.lang.Iterable.forEach(Iterable.java:75)
	at org.springframework.boot.SpringApplicationShutdownHook.run(SpringApplicationShutdownHook.java:116)
	at java.base/java.lang.Thread.run(Thread.java:1474)
Caused by: org.apache.hc.client5.http.HttpHostConnectException: Connect to http://localhost:8761 failed: Connection refused: getsockopt
	at java.base/sun.nio.ch.Net.pollConnect(Native Method)
	at java.base/sun.nio.ch.Net.pollConnectNow(Net.java:639)
	at java.base/sun.nio.ch.NioSocketImpl.timedFinishConnect(NioSocketImpl.java:543)
	at java.base/sun.nio.ch.NioSocketImpl.connect(NioSocketImpl.java:594)
	at java.base/java.net.SocksSocketImpl.connect(SocksSocketImpl.java:284)
	at java.base/java.net.Socket.connect(Socket.java:659)
	at org.apache.hc.client5.http.impl.io.DefaultHttpClientConnectionOperator.connect(DefaultHttpClientConnectionOperator.java:205)
	at org.apache.hc.client5.http.impl.io.PoolingHttpClientConnectionManager.connect(PoolingHttpClientConnectionManager.java:490)
	at org.apache.hc.client5.http.impl.classic.InternalExecRuntime.connectEndpoint(InternalExecRuntime.java:164)
	at org.apache.hc.client5.http.impl.classic.InternalExecRuntime.connectEndpoint(InternalExecRuntime.java:174)
	at org.apache.hc.client5.http.impl.classic.ConnectExec.execute(ConnectExec.java:144)
	at org.apache.hc.client5.http.impl.classic.ExecChainElement.execute(ExecChainElement.java:51)
	at org.apache.hc.client5.http.impl.classic.ProtocolExec.execute(ProtocolExec.java:195)
	at org.apache.hc.client5.http.impl.classic.ExecChainElement.execute(ExecChainElement.java:51)
	at org.apache.hc.client5.http.impl.classic.ContentCompressionExec.execute(ContentCompressionExec.java:150)
	at org.apache.hc.client5.http.impl.classic.ExecChainElement.execute(ExecChainElement.java:51)
	at org.apache.hc.client5.http.impl.classic.HttpRequestRetryExec.execute(HttpRequestRetryExec.java:113)
	at org.apache.hc.client5.http.impl.classic.ExecChainElement.execute(ExecChainElement.java:51)
	at org.apache.hc.client5.http.impl.classic.RedirectExec.execute(RedirectExec.java:110)
	at org.apache.hc.client5.http.impl.classic.ExecChainElement.execute(ExecChainElement.java:51)
	at org.apache.hc.client5.http.impl.classic.InternalHttpClient.doExecute(InternalHttpClient.java:185)
	at org.apache.hc.client5.http.impl.classic.CloseableHttpClient.execute(CloseableHttpClient.java:87)
	at org.apache.hc.client5.http.impl.classic.CloseableHttpClient.execute(CloseableHttpClient.java:55)
	at org.apache.hc.client5.http.classic.HttpClient.executeOpen(HttpClient.java:183)
	at org.springframework.http.client.HttpComponentsClientHttpRequest.executeInternal(HttpComponentsClientHttpRequest.java:99)
	at org.springframework.http.client.AbstractStreamingClientHttpRequest.executeInternal(AbstractStreamingClientHttpRequest.java:71)
	at org.springframework.http.client.AbstractClientHttpRequest.execute(AbstractClientHttpRequest.java:81)
	at org.springframework.http.client.InterceptingClientHttpRequest$InterceptingRequestExecution.execute(InterceptingClientHttpRequest.java:117)
	at org.springframework.cloud.netflix.eureka.http.RestTemplateTransportClientFactory.lambda$restTemplate$2(RestTemplateTransportClientFactory.java:145)
	at org.springframework.http.client.InterceptingClientHttpRequest$InterceptingRequestExecution.execute(InterceptingClientHttpRequest.java:88)
	at org.springframework.http.client.InterceptingClientHttpRequest.executeInternal(InterceptingClientHttpRequest.java:72)
	at org.springframework.http.client.AbstractBufferingClientHttpRequest.executeInternal(AbstractBufferingClientHttpRequest.java:48)
	at org.springframework.http.client.AbstractClientHttpRequest.execute(AbstractClientHttpRequest.java:81)
	at org.springframework.web.client.RestTemplate.doExecute(RestTemplate.java:900)
	... 38 more

2025-12-12T14:09:56.827+07:00  WARN 3088 --- [order-service] [SpringApplicationShutdownHook] [                                                 ] c.n.d.s.t.d.RetryableEurekaHttpClient    : Request execution failed with message: I/O error on DELETE request for "http://localhost:8761/eureka/apps/ORDER-SERVICE/localhost:order-service:8083": Connect to http://localhost:8761 failed: Connection refused: getsockopt
2025-12-12T14:09:56.828+07:00 ERROR 3088 --- [order-service] [SpringApplicationShutdownHook] [                                                 ] com.netflix.discovery.DiscoveryClient    : DiscoveryClient_ORDER-SERVICE/localhost:order-service:8083 - de-registration failedCannot execute request on any known server

com.netflix.discovery.shared.transport.TransportException: Cannot execute request on any known server
	at com.netflix.discovery.shared.transport.decorator.RetryableEurekaHttpClient.execute(RetryableEurekaHttpClient.java:112) ~[eureka-client-2.0.4.jar:2.0.4]
	at com.netflix.discovery.shared.transport.decorator.EurekaHttpClientDecorator.cancel(EurekaHttpClientDecorator.java:71) ~[eureka-client-2.0.4.jar:2.0.4]
	at com.netflix.discovery.shared.transport.decorator.EurekaHttpClientDecorator$2.execute(EurekaHttpClientDecorator.java:74) ~[eureka-client-2.0.4.jar:2.0.4]
	at com.netflix.discovery.shared.transport.decorator.SessionedEurekaHttpClient.execute(SessionedEurekaHttpClient.java:76) ~[eureka-client-2.0.4.jar:2.0.4]
	at com.netflix.discovery.shared.transport.decorator.EurekaHttpClientDecorator.cancel(EurekaHttpClientDecorator.java:71) ~[eureka-client-2.0.4.jar:2.0.4]
	at com.netflix.discovery.DiscoveryClient.unregister(DiscoveryClient.java:919) ~[eureka-client-2.0.4.jar:2.0.4]
	at com.netflix.discovery.DiscoveryClient.shutdown(DiscoveryClient.java:900) ~[eureka-client-2.0.4.jar:2.0.4]
	at java.base/jdk.internal.reflect.DirectMethodHandleAccessor.invoke(DirectMethodHandleAccessor.java:104) ~[na:na]
	at java.base/java.lang.reflect.Method.invoke(Method.java:565) ~[na:na]
	at org.springframework.beans.factory.annotation.InitDestroyAnnotationBeanPostProcessor$LifecycleMethod.invoke(InitDestroyAnnotationBeanPostProcessor.java:457) ~[spring-beans-6.2.11.jar:6.2.11]
	at org.springframework.beans.factory.annotation.InitDestroyAnnotationBeanPostProcessor$LifecycleMetadata.invokeDestroyMethods(InitDestroyAnnotationBeanPostProcessor.java:415) ~[spring-beans-6.2.11.jar:6.2.11]
	at org.springframework.beans.factory.annotation.InitDestroyAnnotationBeanPostProcessor.postProcessBeforeDestruction(InitDestroyAnnotationBeanPostProcessor.java:239) ~[spring-beans-6.2.11.jar:6.2.11]
	at org.springframework.beans.factory.support.DisposableBeanAdapter.destroy(DisposableBeanAdapter.java:203) ~[spring-beans-6.2.11.jar:6.2.11]
	at org.springframework.beans.factory.support.DisposableBeanAdapter.run(DisposableBeanAdapter.java:196) ~[spring-beans-6.2.11.jar:6.2.11]
	at org.springframework.cloud.context.scope.GenericScope$BeanLifecycleWrapper.destroy(GenericScope.java:387) ~[spring-cloud-context-4.3.0.jar:4.3.0]
	at org.springframework.cloud.context.scope.GenericScope.destroy(GenericScope.java:134) ~[spring-cloud-context-4.3.0.jar:4.3.0]
	at org.springframework.beans.factory.support.DisposableBeanAdapter.destroy(DisposableBeanAdapter.java:212) ~[spring-beans-6.2.11.jar:6.2.11]
	at org.springframework.beans.factory.support.DefaultSingletonBeanRegistry.destroyBean(DefaultSingletonBeanRegistry.java:798) ~[spring-beans-6.2.11.jar:6.2.11]
	at org.springframework.beans.factory.support.DefaultSingletonBeanRegistry.destroySingleton(DefaultSingletonBeanRegistry.java:748) ~[spring-beans-6.2.11.jar:6.2.11]
	at org.springframework.beans.factory.support.DefaultListableBeanFactory.destroySingleton(DefaultListableBeanFactory.java:1489) ~[spring-beans-6.2.11.jar:6.2.11]
	at org.springframework.beans.factory.support.DefaultSingletonBeanRegistry.destroySingletons(DefaultSingletonBeanRegistry.java:707) ~[spring-beans-6.2.11.jar:6.2.11]
	at org.springframework.beans.factory.support.DefaultListableBeanFactory.destroySingletons(DefaultListableBeanFactory.java:1482) ~[spring-beans-6.2.11.jar:6.2.11]
	at org.springframework.context.support.AbstractApplicationContext.destroyBeans(AbstractApplicationContext.java:1219) ~[spring-context-6.2.11.jar:6.2.11]
	at org.springframework.context.support.AbstractApplicationContext.doClose(AbstractApplicationContext.java:1180) ~[spring-context-6.2.11.jar:6.2.11]
	at org.springframework.boot.web.servlet.context.ServletWebServerApplicationContext.doClose(ServletWebServerApplicationContext.java:179) ~[spring-boot-3.5.6.jar:3.5.6]
	at org.springframework.context.support.AbstractApplicationContext.close(AbstractApplicationContext.java:1126) ~[spring-context-6.2.11.jar:6.2.11]
	at org.springframework.boot.SpringApplicationShutdownHook.closeAndWait(SpringApplicationShutdownHook.java:147) ~[spring-boot-3.5.6.jar:3.5.6]
	at java.base/java.lang.Iterable.forEach(Iterable.java:75) ~[na:na]
	at org.springframework.boot.SpringApplicationShutdownHook.run(SpringApplicationShutdownHook.java:116) ~[spring-boot-3.5.6.jar:3.5.6]
	at java.base/java.lang.Thread.run(Thread.java:1474) ~[na:na]

2025-12-12T14:09:56.853+07:00  INFO 3088 --- [order-service] [SpringApplicationShutdownHook] [                                                 ] com.netflix.discovery.DiscoveryClient    : Completed shut down of DiscoveryClient
2025-12-12T19:39:24.016+07:00  INFO 21308 --- [order-service] [main] [                                                 ] com.ecommerce.order.OrderApplication     : Starting OrderApplication using Java 25 with PID 21308 (D:\ecom-microservices\order\target\classes started by Admin in D:\ecom-microservices)
2025-12-12T19:39:24.022+07:00  INFO 21308 --- [order-service] [main] [                                                 ] com.ecommerce.order.OrderApplication     : No active profile set, falling back to 1 default profile: "default"
2025-12-12T19:39:24.093+07:00  INFO 21308 --- [order-service] [main] [                                                 ] o.s.c.c.c.ConfigServerConfigDataLoader   : Fetching config from server at : http://localhost:8888
2025-12-12T19:39:24.094+07:00  INFO 21308 --- [order-service] [main] [                                                 ] o.s.c.c.c.ConfigServerConfigDataLoader   : Located environment: name=order-service, profiles=[default], label=null, version=null, state=null
2025-12-12T19:39:26.536+07:00  INFO 21308 --- [order-service] [main] [                                                 ] .s.d.r.c.RepositoryConfigurationDelegate : Bootstrapping Spring Data JPA repositories in DEFAULT mode.
2025-12-12T19:39:26.946+07:00  INFO 21308 --- [order-service] [main] [                                                 ] .s.d.r.c.RepositoryConfigurationDelegate : Finished Spring Data repository scanning in 387 ms. Found 2 JPA repository interfaces.
2025-12-12T19:39:27.555+07:00  INFO 21308 --- [order-service] [main] [                                                 ] faultConfiguringBeanFactoryPostProcessor : No bean named 'errorChannel' has been explicitly defined. Therefore, a default PublishSubscribeChannel will be created.
2025-12-12T19:39:27.569+07:00  INFO 21308 --- [order-service] [main] [                                                 ] faultConfiguringBeanFactoryPostProcessor : No bean named 'integrationHeaderChannelRegistry' has been explicitly defined. Therefore, a default DefaultHeaderChannelRegistry will be created.
2025-12-12T19:39:28.144+07:00  INFO 21308 --- [order-service] [main] [                                                 ] o.s.cloud.context.scope.GenericScope     : BeanFactory id=edda7dbc-db90-3c6c-a230-0b12c58ec77c
2025-12-12T19:39:30.246+07:00  INFO 21308 --- [order-service] [main] [                                                 ] o.s.b.w.embedded.tomcat.TomcatWebServer  : Tomcat initialized with port 8083 (http)
2025-12-12T19:39:30.267+07:00  INFO 21308 --- [order-service] [main] [                                                 ] o.apache.catalina.core.StandardService   : Starting service [Tomcat]
2025-12-12T19:39:30.268+07:00  INFO 21308 --- [order-service] [main] [                                                 ] o.apache.catalina.core.StandardEngine    : Starting Servlet engine: [Apache Tomcat/10.1.46]
2025-12-12T19:39:30.389+07:00  INFO 21308 --- [order-service] [main] [                                                 ] o.a.c.c.C.[Tomcat].[localhost].[/]       : Initializing Spring embedded WebApplicationContext
2025-12-12T19:39:30.390+07:00  INFO 21308 --- [order-service] [main] [                                                 ] w.s.c.ServletWebServerApplicationContext : Root WebApplicationContext: initialization completed in 6292 ms
2025-12-12T19:39:31.940+07:00  INFO 21308 --- [order-service] [main] [                                                 ] o.hibernate.jpa.internal.util.LogHelper  : HHH000204: Processing PersistenceUnitInfo [name: default]
2025-12-12T19:39:32.060+07:00  INFO 21308 --- [order-service] [main] [                                                 ] org.hibernate.Version                    : HHH000412: Hibernate ORM core version 6.6.29.Final
2025-12-12T19:39:32.116+07:00  INFO 21308 --- [order-service] [main] [                                                 ] o.h.c.internal.RegionFactoryInitiator    : HHH000026: Second-level cache disabled
2025-12-12T19:39:32.481+07:00  INFO 21308 --- [order-service] [main] [                                                 ] o.s.o.j.p.SpringPersistenceUnitInfo      : No LoadTimeWeaver setup: ignoring JPA class transformer
2025-12-12T19:39:32.521+07:00  INFO 21308 --- [order-service] [main] [                                                 ] com.zaxxer.hikari.HikariDataSource       : HikariPool-1 - Starting...
2025-12-12T19:39:32.782+07:00  INFO 21308 --- [order-service] [main] [                                                 ] com.zaxxer.hikari.pool.HikariPool        : HikariPool-1 - Added connection org.postgresql.jdbc.PgConnection@70f37190
2025-12-12T19:39:32.784+07:00  INFO 21308 --- [order-service] [main] [                                                 ] com.zaxxer.hikari.HikariDataSource       : HikariPool-1 - Start completed.
2025-12-12T19:39:32.931+07:00  WARN 21308 --- [order-service] [main] [                                                 ] org.hibernate.orm.deprecation            : HHH90000025: PostgreSQLDialect does not need to be specified explicitly using 'hibernate.dialect' (remove the property setting and it will be selected by default)
2025-12-12T19:39:32.977+07:00  INFO 21308 --- [order-service] [main] [                                                 ] org.hibernate.orm.connections.pooling    : HHH10001005: Database info:
	Database JDBC URL [Connecting through datasource 'HikariDataSource (HikariPool-1)']
	Database driver: undefined/unknown
	Database version: 14.19
	Autocommit mode: undefined/unknown
	Isolation level: undefined/unknown
	Minimum pool size: undefined/unknown
	Maximum pool size: undefined/unknown
2025-12-12T19:39:34.438+07:00  INFO 21308 --- [order-service] [main] [                                                 ] o.h.e.t.j.p.i.JtaPlatformInitiator       : HHH000489: No JTA platform available (set 'hibernate.transaction.jta.platform' to enable JTA platform integration)
2025-12-12T19:39:34.830+07:00  INFO 21308 --- [order-service] [main] [                                                 ] j.LocalContainerEntityManagerFactoryBean : Initialized JPA EntityManagerFactory for persistence unit 'default'
2025-12-12T19:39:36.189+07:00  WARN 21308 --- [order-service] [main] [                                                 ] JpaBaseConfiguration$JpaWebConfiguration : spring.jpa.open-in-view is enabled by default. Therefore, database queries may be performed during view rendering. Explicitly configure spring.jpa.open-in-view to disable this warning
2025-12-12T19:39:38.039+07:00  INFO 21308 --- [order-service] [main] [                                                 ] o.s.cloud.commons.util.InetUtils         : Cannot determine local hostname
2025-12-12T19:39:39.126+07:00  INFO 21308 --- [order-service] [main] [                                                 ] o.s.cloud.commons.util.InetUtils         : Cannot determine local hostname
2025-12-12T19:39:39.530+07:00  WARN 21308 --- [order-service] [main] [                                                 ] c.f.c.c.BeanFactoryAwareFunctionRegistry : Failed to locate function 'busConsumer' for function definition 'busConsumer'. Returning null.
2025-12-12T19:39:39.597+07:00  INFO 21308 --- [order-service] [main] [                                                 ] o.s.c.s.m.DirectWithAttributesChannel    : Channel 'order-service.springCloudBusInput' has 1 subscriber(s).
2025-12-12T19:39:40.988+07:00  INFO 21308 --- [order-service] [main] [                                                 ] o.s.cloud.commons.util.InetUtils         : Cannot determine local hostname
2025-12-12T19:39:41.042+07:00  INFO 21308 --- [order-service] [main] [                                                 ] DiscoveryClientOptionalArgsConfiguration : Eureka HTTP Client uses RestTemplate.
2025-12-12T19:39:41.265+07:00  WARN 21308 --- [order-service] [main] [                                                 ] iguration$LoadBalancerCaffeineWarnLogger : Spring Cloud LoadBalancer is currently working with the default cache. While this cache implementation is useful for development and tests, it's recommended to use Caffeine cache in production.You can switch to using Caffeine cache, by adding it and org.springframework.cache.caffeine.CaffeineCacheManager to the classpath.
2025-12-12T19:39:41.297+07:00  INFO 21308 --- [order-service] [main] [                                                 ] o.s.b.a.e.web.EndpointLinksResolver      : Exposing 35 endpoints beneath base path '/actuator'
2025-12-12T19:39:41.584+07:00  INFO 21308 --- [order-service] [main] [                                                 ] o.s.i.endpoint.EventDrivenConsumer       : Adding {logging-channel-adapter:_org.springframework.integration.errorLogger} as a subscriber to the 'errorChannel' channel
2025-12-12T19:39:41.586+07:00  INFO 21308 --- [order-service] [main] [                                                 ] o.s.i.channel.PublishSubscribeChannel    : Channel 'order-service.errorChannel' has 1 subscriber(s).
2025-12-12T19:39:41.586+07:00  INFO 21308 --- [order-service] [main] [                                                 ] o.s.i.endpoint.EventDrivenConsumer       : started bean '_org.springframework.integration.errorLogger'
2025-12-12T19:39:41.665+07:00  INFO 21308 --- [order-service] [main] [                                                 ] o.s.c.n.eureka.InstanceInfoFactory       : Setting initial instance status as: STARTING
2025-12-12T19:39:41.711+07:00  INFO 21308 --- [order-service] [main] [                                                 ] com.netflix.discovery.DiscoveryClient    : Initializing Eureka in region us-east-1
2025-12-12T19:39:41.716+07:00  INFO 21308 --- [order-service] [main] [                                                 ] c.n.d.s.r.aws.ConfigClusterResolver      : Resolving eureka endpoints via configuration
2025-12-12T19:39:41.733+07:00  INFO 21308 --- [order-service] [main] [                                                 ] com.netflix.discovery.DiscoveryClient    : Disable delta property : false
2025-12-12T19:39:41.733+07:00  INFO 21308 --- [order-service] [main] [                                                 ] com.netflix.discovery.DiscoveryClient    : Single vip registry refresh property : null
2025-12-12T19:39:41.733+07:00  INFO 21308 --- [order-service] [main] [                                                 ] com.netflix.discovery.DiscoveryClient    : Force full registry fetch : false
2025-12-12T19:39:41.734+07:00  INFO 21308 --- [order-service] [main] [                                                 ] com.netflix.discovery.DiscoveryClient    : Application is null : false
2025-12-12T19:39:41.734+07:00  INFO 21308 --- [order-service] [main] [                                                 ] com.netflix.discovery.DiscoveryClient    : Registered Applications size is zero : true
2025-12-12T19:39:41.734+07:00  INFO 21308 --- [order-service] [main] [                                                 ] com.netflix.discovery.DiscoveryClient    : Application version is -1: true
2025-12-12T19:39:41.734+07:00  INFO 21308 --- [order-service] [main] [                                                 ] com.netflix.discovery.DiscoveryClient    : Getting all instance registry info from the eureka server
2025-12-12T19:39:41.970+07:00  INFO 21308 --- [order-service] [main] [                                                 ] com.netflix.discovery.DiscoveryClient    : The response status is 200
2025-12-12T19:39:41.971+07:00  INFO 21308 --- [order-service] [main] [                                                 ] com.netflix.discovery.DiscoveryClient    : Starting heartbeat executor: renew interval is: 30
2025-12-12T19:39:41.974+07:00  INFO 21308 --- [order-service] [main] [                                                 ] c.n.discovery.InstanceInfoReplicator     : InstanceInfoReplicator onDemand update allowed rate per min is 4
2025-12-12T19:39:41.975+07:00  INFO 21308 --- [order-service] [main] [                                                 ] com.netflix.discovery.DiscoveryClient    : Discovery Client initialized at timestamp 1765543181975 with initial instances count: 0
2025-12-12T19:39:41.987+07:00  INFO 21308 --- [order-service] [main] [                                                 ] o.s.c.n.e.s.EurekaServiceRegistry        : Registering application ORDER-SERVICE with eureka with status UP
2025-12-12T19:39:41.988+07:00  INFO 21308 --- [order-service] [main] [                                                 ] com.netflix.discovery.DiscoveryClient    : Saw local status change event StatusChangeEvent [timestamp=1765543181988, current=UP, previous=STARTING]
2025-12-12T19:39:41.991+07:00  INFO 21308 --- [order-service] [DiscoveryClient-InstanceInfoReplicator-%d] [                                                 ] com.netflix.discovery.DiscoveryClient    : DiscoveryClient_ORDER-SERVICE/localhost:order-service:8083: registering service...
2025-12-12T19:39:41.993+07:00  INFO 21308 --- [order-service] [main] [                                                 ] o.s.c.s.binder.DefaultBinderFactory      : Creating binder: rabbit
2025-12-12T19:39:41.993+07:00  INFO 21308 --- [order-service] [main] [                                                 ] o.s.c.s.binder.DefaultBinderFactory      : Constructing binder child context for rabbit
2025-12-12T19:39:42.046+07:00  INFO 21308 --- [order-service] [DiscoveryClient-InstanceInfoReplicator-%d] [                                                 ] com.netflix.discovery.DiscoveryClient    : DiscoveryClient_ORDER-SERVICE/localhost:order-service:8083 - registration status: 204
2025-12-12T19:39:42.098+07:00  INFO 21308 --- [order-service] [main] [                                                 ] o.s.c.s.binder.DefaultBinderFactory      : Caching the binder: rabbit
2025-12-12T19:39:42.112+07:00  INFO 21308 --- [order-service] [main] [                                                 ] c.s.b.r.p.RabbitExchangeQueueProvisioner : declaring queue for inbound: springCloudBus.anonymous.tWI90j9UTHKGe7STCgAwBw, bound to: springCloudBus
2025-12-12T19:39:42.115+07:00  INFO 21308 --- [order-service] [main] [                                                 ] o.s.a.r.c.CachingConnectionFactory       : Attempting to connect to: [localhost:5672]
2025-12-12T19:39:42.166+07:00  INFO 21308 --- [order-service] [main] [                                                 ] o.s.a.r.c.CachingConnectionFactory       : Created new connection: rabbitConnectionFactory#39b8313d:0/SimpleConnection@4a5dbec [delegate=amqp://guest@127.0.0.1:5672/, localPort=49256]
2025-12-12T19:39:42.172+07:00 DEBUG 21308 --- [order-service] [main] [                                                 ] o.s.amqp.rabbit.core.RabbitAdmin         : Initializing declarations
2025-12-12T19:39:42.189+07:00 DEBUG 21308 --- [order-service] [main] [                                                 ] o.s.a.r.c.CachingConnectionFactory       : Creating cached Rabbit Channel from AMQChannel(amqp://guest@127.0.0.1:5672/,1)
2025-12-12T19:39:42.200+07:00 DEBUG 21308 --- [order-service] [main] [                                                 ] o.s.amqp.rabbit.core.RabbitTemplate      : Executing callback RabbitAdmin$$Lambda/0x000000000fac73f0 on RabbitMQ Channel: Cached Rabbit Channel: AMQChannel(amqp://guest@127.0.0.1:5672/,1), conn: Proxy@6cc57f26 Shared Rabbit Connection: SimpleConnection@4a5dbec [delegate=amqp://guest@127.0.0.1:5672/, localPort=49256]
2025-12-12T19:39:42.201+07:00 DEBUG 21308 --- [order-service] [main] [                                                 ] o.s.amqp.rabbit.core.RabbitAdmin         : declaring Exchange 'order.exchange'
2025-12-12T19:39:42.205+07:00 DEBUG 21308 --- [order-service] [main] [                                                 ] o.s.amqp.rabbit.core.RabbitAdmin         : declaring Queue 'order.queue'
2025-12-12T19:39:42.209+07:00 DEBUG 21308 --- [order-service] [main] [                                                 ] o.s.amqp.rabbit.core.RabbitAdmin         : Binding destination [order.queue (QUEUE)] to exchange [order.exchange] with routing key [order.tracking]
2025-12-12T19:39:42.216+07:00 DEBUG 21308 --- [order-service] [main] [                                                 ] o.s.amqp.rabbit.core.RabbitAdmin         : Declarations finished
2025-12-12T19:39:42.216+07:00 DEBUG 21308 --- [order-service] [main] [                                                 ] o.s.amqp.rabbit.core.RabbitAdmin         : Initializing declarations
2025-12-12T19:39:42.216+07:00 DEBUG 21308 --- [order-service] [main] [                                                 ] o.s.amqp.rabbit.core.RabbitAdmin         : Nothing to declare
2025-12-12T19:39:42.216+07:00 DEBUG 21308 --- [order-service] [main] [                                                 ] o.s.amqp.rabbit.core.RabbitAdmin         : Initializing declarations
2025-12-12T19:39:42.216+07:00 DEBUG 21308 --- [order-service] [main] [                                                 ] o.s.amqp.rabbit.core.RabbitAdmin         : Nothing to declare
2025-12-12T19:39:42.217+07:00 DEBUG 21308 --- [order-service] [main] [                                                 ] o.s.amqp.rabbit.core.RabbitTemplate      : Executing callback RabbitAdmin$$Lambda/0x000000000fab07a8 on RabbitMQ Channel: Cached Rabbit Channel: AMQChannel(amqp://guest@127.0.0.1:5672/,1), conn: Proxy@6cc57f26 Shared Rabbit Connection: SimpleConnection@4a5dbec [delegate=amqp://guest@127.0.0.1:5672/, localPort=49256]
2025-12-12T19:39:42.217+07:00 DEBUG 21308 --- [order-service] [main] [                                                 ] o.s.amqp.rabbit.core.RabbitAdmin         : declaring Exchange 'springCloudBus'
2025-12-12T19:39:42.219+07:00 DEBUG 21308 --- [order-service] [main] [                                                 ] o.s.amqp.rabbit.core.RabbitTemplate      : Executing callback RabbitAdmin$$Lambda/0x000000000facb2b0 on RabbitMQ Channel: Cached Rabbit Channel: AMQChannel(amqp://guest@127.0.0.1:5672/,1), conn: Proxy@6cc57f26 Shared Rabbit Connection: SimpleConnection@4a5dbec [delegate=amqp://guest@127.0.0.1:5672/, localPort=49256]
2025-12-12T19:39:42.220+07:00 DEBUG 21308 --- [order-service] [main] [                                                 ] o.s.amqp.rabbit.core.RabbitAdmin         : declaring Queue 'springCloudBus.anonymous.tWI90j9UTHKGe7STCgAwBw'
2025-12-12T19:39:42.228+07:00 DEBUG 21308 --- [order-service] [main] [                                                 ] o.s.amqp.rabbit.core.RabbitTemplate      : Executing callback RabbitAdmin$$Lambda/0x000000000facb4e0 on RabbitMQ Channel: Cached Rabbit Channel: AMQChannel(amqp://guest@127.0.0.1:5672/,1), conn: Proxy@6cc57f26 Shared Rabbit Connection: SimpleConnection@4a5dbec [delegate=amqp://guest@127.0.0.1:5672/, localPort=49256]
2025-12-12T19:39:42.229+07:00 DEBUG 21308 --- [order-service] [main] [                                                 ] o.s.amqp.rabbit.core.RabbitAdmin         : Binding destination [springCloudBus.anonymous.tWI90j9UTHKGe7STCgAwBw (QUEUE)] to exchange [springCloudBus] with routing key [#]
2025-12-12T19:39:42.244+07:00 DEBUG 21308 --- [order-service] [main] [                                                 ] o.s.a.r.l.SimpleMessageListenerContainer : Changing consumers from 1 to 1
2025-12-12T19:39:42.249+07:00 DEBUG 21308 --- [order-service] [main] [                                                 ] o.s.a.r.l.SimpleMessageListenerContainer : No global properties bean
2025-12-12T19:39:42.261+07:00  INFO 21308 --- [order-service] [main] [                                                 ] o.s.c.stream.binder.BinderErrorChannel   : Channel 'rabbit-2004943989.springCloudBusInput.errors' has 1 subscriber(s).
2025-12-12T19:39:42.263+07:00  INFO 21308 --- [order-service] [main] [                                                 ] o.s.c.stream.binder.BinderErrorChannel   : Channel 'rabbit-2004943989.springCloudBusInput.errors' has 2 subscriber(s).
2025-12-12T19:39:42.265+07:00 DEBUG 21308 --- [order-service] [main] [                                                 ] o.s.a.r.l.SimpleMessageListenerContainer : Starting Rabbit listener container.
2025-12-12T19:39:42.281+07:00 DEBUG 21308 --- [order-service] [springCloudBus.anonymous.tWI90j9UTHKGe7STCgAwBw-1] [                                                 ] o.s.a.r.listener.BlockingQueueConsumer   : Starting consumer Consumer@7c2c3098: tags=[[]], channel=null, acknowledgeMode=AUTO local queue size=0
2025-12-12T19:39:42.296+07:00 DEBUG 21308 --- [order-service] [springCloudBus.anonymous.tWI90j9UTHKGe7STCgAwBw-1] [                                                 ] o.s.a.r.listener.BlockingQueueConsumer   : Started on queue 'springCloudBus.anonymous.tWI90j9UTHKGe7STCgAwBw' with tag amq.ctag-bRojWiJTz-c_1GZARq_MPQ: Consumer@7c2c3098: tags=[[]], channel=Cached Rabbit Channel: AMQChannel(amqp://guest@127.0.0.1:5672/,1), conn: Proxy@6cc57f26 Shared Rabbit Connection: SimpleConnection@4a5dbec [delegate=amqp://guest@127.0.0.1:5672/, localPort=49256], acknowledgeMode=AUTO local queue size=0
2025-12-12T19:39:42.296+07:00  INFO 21308 --- [order-service] [main] [                                                 ] o.s.i.a.i.AmqpInboundChannelAdapter      : started bean 'inbound.springCloudBus.anonymous.tWI90j9UTHKGe7STCgAwBw'
2025-12-12T19:39:42.296+07:00 DEBUG 21308 --- [order-service] [pool-4-thread-3] [                                                 ] o.s.a.r.listener.BlockingQueueConsumer   : ConsumeOK: Consumer@7c2c3098: tags=[[amq.ctag-bRojWiJTz-c_1GZARq_MPQ]], channel=Cached Rabbit Channel: AMQChannel(amqp://guest@127.0.0.1:5672/,1), conn: Proxy@6cc57f26 Shared Rabbit Connection: SimpleConnection@4a5dbec [delegate=amqp://guest@127.0.0.1:5672/, localPort=49256], acknowledgeMode=AUTO local queue size=0
2025-12-12T19:39:42.321+07:00  INFO 21308 --- [order-service] [main] [                                                 ] o.s.b.w.embedded.tomcat.TomcatWebServer  : Tomcat started on port 8083 (http) with context path '/'
2025-12-12T19:39:42.325+07:00  INFO 21308 --- [order-service] [main] [                                                 ] .s.c.n.e.s.EurekaAutoServiceRegistration : Updating port to 8083
2025-12-12T19:39:43.345+07:00  INFO 21308 --- [order-service] [main] [                                                 ] o.s.cloud.commons.util.InetUtils         : Cannot determine local hostname
2025-12-12T19:39:43.556+07:00  INFO 21308 --- [order-service] [http-nio-8083-exec-1] [                                                 ] o.a.c.c.C.[Tomcat].[localhost].[/]       : Initializing Spring DispatcherServlet 'dispatcherServlet'
2025-12-12T19:39:43.556+07:00  INFO 21308 --- [order-service] [http-nio-8083-exec-1] [                                                 ] o.s.web.servlet.DispatcherServlet        : Initializing Servlet 'dispatcherServlet'
2025-12-12T19:39:43.557+07:00  INFO 21308 --- [order-service] [http-nio-8083-exec-1] [                                                 ] o.s.web.servlet.DispatcherServlet        : Completed initialization in 1 ms
2025-12-12T19:39:44.351+07:00  INFO 21308 --- [order-service] [main] [                                                 ] o.s.cloud.commons.util.InetUtils         : Cannot determine local hostname
2025-12-12T19:39:44.389+07:00  INFO 21308 --- [order-service] [main] [                                                 ] com.ecommerce.order.OrderApplication     : Started OrderApplication in 22.991 seconds (process running for 23.862)
2025-12-12T19:40:11.981+07:00  INFO 21308 --- [order-service] [DiscoveryClient-CacheRefreshExecutor-%d] [                                                 ] com.netflix.discovery.DiscoveryClient    : Disable delta property : false
2025-12-12T19:40:12.005+07:00  INFO 21308 --- [order-service] [DiscoveryClient-CacheRefreshExecutor-%d] [                                                 ] com.netflix.discovery.DiscoveryClient    : Single vip registry refresh property : null
2025-12-12T19:40:12.005+07:00  INFO 21308 --- [order-service] [DiscoveryClient-CacheRefreshExecutor-%d] [                                                 ] com.netflix.discovery.DiscoveryClient    : Force full registry fetch : false
2025-12-12T19:40:12.005+07:00  INFO 21308 --- [order-service] [DiscoveryClient-CacheRefreshExecutor-%d] [                                                 ] com.netflix.discovery.DiscoveryClient    : Application is null : false
2025-12-12T19:40:12.005+07:00  INFO 21308 --- [order-service] [DiscoveryClient-CacheRefreshExecutor-%d] [                                                 ] com.netflix.discovery.DiscoveryClient    : Registered Applications size is zero : true
2025-12-12T19:40:12.005+07:00  INFO 21308 --- [order-service] [DiscoveryClient-CacheRefreshExecutor-%d] [                                                 ] com.netflix.discovery.DiscoveryClient    : Application version is -1: false
2025-12-12T19:40:12.005+07:00  INFO 21308 --- [order-service] [DiscoveryClient-CacheRefreshExecutor-%d] [                                                 ] com.netflix.discovery.DiscoveryClient    : Getting all instance registry info from the eureka server
2025-12-12T19:40:12.211+07:00  INFO 21308 --- [order-service] [DiscoveryClient-CacheRefreshExecutor-%d] [                                                 ] com.netflix.discovery.DiscoveryClient    : The response status is 200
2025-12-12T19:41:45.659+07:00  WARN 21308 --- [order-service] [AMQP Connection 127.0.0.1:5672] [                                                 ] c.r.c.impl.ForgivingExceptionHandler     : An unexpected connection driver error occurred (Exception message: Connection reset)
2025-12-12T19:41:45.590+07:00 DEBUG 21308 --- [order-service] [pool-4-thread-4] [                                                 ] o.s.a.r.listener.BlockingQueueConsumer   : Received shutdown signal for consumer tag=amq.ctag-bRojWiJTz-c_1GZARq_MPQ

com.rabbitmq.client.ShutdownSignalException: connection error; protocol method: #method<connection.close>(reply-code=320, reply-text=CONNECTION_FORCED - broker forced connection closure with reason 'shutdown', class-id=0, method-id=0)
	at com.rabbitmq.client.impl.AMQConnection.startShutdown(AMQConnection.java:1007) ~[amqp-client-5.25.0.jar:5.25.0]
	at com.rabbitmq.client.impl.AMQConnection.shutdown(AMQConnection.java:997) ~[amqp-client-5.25.0.jar:5.25.0]
	at com.rabbitmq.client.impl.AMQConnection.handleConnectionClose(AMQConnection.java:935) ~[amqp-client-5.25.0.jar:5.25.0]
	at com.rabbitmq.client.impl.AMQConnection.processControlCommand(AMQConnection.java:890) ~[amqp-client-5.25.0.jar:5.25.0]
	at com.rabbitmq.client.impl.AMQConnection$1.processAsync(AMQConnection.java:275) ~[amqp-client-5.25.0.jar:5.25.0]
	at com.rabbitmq.client.impl.AMQChannel.handleCompleteInboundCommand(AMQChannel.java:193) ~[amqp-client-5.25.0.jar:5.25.0]
	at com.rabbitmq.client.impl.AMQChannel.handleFrame(AMQChannel.java:125) ~[amqp-client-5.25.0.jar:5.25.0]
	at com.rabbitmq.client.impl.AMQConnection.readFrame(AMQConnection.java:741) ~[amqp-client-5.25.0.jar:5.25.0]
	at com.rabbitmq.client.impl.AMQConnection.access$400(AMQConnection.java:48) ~[amqp-client-5.25.0.jar:5.25.0]
	at com.rabbitmq.client.impl.AMQConnection$MainLoop.run(AMQConnection.java:688) ~[amqp-client-5.25.0.jar:5.25.0]
	at java.base/java.lang.Thread.run(Thread.java:1474) ~[na:na]

2025-12-12T19:41:46.404+07:00  WARN 21308 --- [order-service] [springCloudBus.anonymous.tWI90j9UTHKGe7STCgAwBw-1] [                                                 ] o.s.a.r.l.SimpleMessageListenerContainer : Consumer raised exception, processing can restart if the connection factory supports it

com.rabbitmq.client.ShutdownSignalException: connection error; protocol method: #method<connection.close>(reply-code=320, reply-text=CONNECTION_FORCED - broker forced connection closure with reason 'shutdown', class-id=0, method-id=0)
	at com.rabbitmq.client.impl.AMQConnection.startShutdown(AMQConnection.java:1007) ~[amqp-client-5.25.0.jar:5.25.0]
	at com.rabbitmq.client.impl.AMQConnection.shutdown(AMQConnection.java:997) ~[amqp-client-5.25.0.jar:5.25.0]
	at com.rabbitmq.client.impl.AMQConnection.handleConnectionClose(AMQConnection.java:935) ~[amqp-client-5.25.0.jar:5.25.0]
	at com.rabbitmq.client.impl.AMQConnection.processControlCommand(AMQConnection.java:890) ~[amqp-client-5.25.0.jar:5.25.0]
	at com.rabbitmq.client.impl.AMQConnection$1.processAsync(AMQConnection.java:275) ~[amqp-client-5.25.0.jar:5.25.0]
	at com.rabbitmq.client.impl.AMQChannel.handleCompleteInboundCommand(AMQChannel.java:193) ~[amqp-client-5.25.0.jar:5.25.0]
	at com.rabbitmq.client.impl.AMQChannel.handleFrame(AMQChannel.java:125) ~[amqp-client-5.25.0.jar:5.25.0]
	at com.rabbitmq.client.impl.AMQConnection.readFrame(AMQConnection.java:741) ~[amqp-client-5.25.0.jar:5.25.0]
	at com.rabbitmq.client.impl.AMQConnection.access$400(AMQConnection.java:48) ~[amqp-client-5.25.0.jar:5.25.0]
	at com.rabbitmq.client.impl.AMQConnection$MainLoop.run(AMQConnection.java:688) ~[amqp-client-5.25.0.jar:5.25.0]
	at java.base/java.lang.Thread.run(Thread.java:1474) ~[na:na]

2025-12-12T19:41:46.464+07:00  INFO 21308 --- [order-service] [springCloudBus.anonymous.tWI90j9UTHKGe7STCgAwBw-1] [                                                 ] o.s.a.r.l.SimpleMessageListenerContainer : Restarting Consumer@7c2c3098: tags=[[amq.ctag-bRojWiJTz-c_1GZARq_MPQ]], channel=Cached Rabbit Channel: AMQChannel(amqp://guest@127.0.0.1:5672/,1), conn: Proxy@6cc57f26 Shared Rabbit Connection: SimpleConnection@4a5dbec [delegate=amqp://guest@127.0.0.1:5672/, localPort=49256], acknowledgeMode=AUTO local queue size=0
2025-12-12T19:41:46.466+07:00 DEBUG 21308 --- [order-service] [springCloudBus.anonymous.tWI90j9UTHKGe7STCgAwBw-1] [                                                 ] o.s.a.r.listener.BlockingQueueConsumer   : Closing Rabbit Channel: Cached Rabbit Channel: AMQChannel(amqp://guest@127.0.0.1:5672/,1), conn: Proxy@6cc57f26 Shared Rabbit Connection: SimpleConnection@4a5dbec [delegate=amqp://guest@127.0.0.1:5672/, localPort=49256]
2025-12-12T19:41:46.468+07:00 DEBUG 21308 --- [order-service] [springCloudBus.anonymous.tWI90j9UTHKGe7STCgAwBw-1] [                                                 ] o.s.a.r.c.CachingConnectionFactory       : Closing cached Channel: AMQChannel(amqp://guest@127.0.0.1:5672/,1)
2025-12-12T19:41:46.635+07:00 DEBUG 21308 --- [order-service] [springCloudBus.anonymous.tWI90j9UTHKGe7STCgAwBw-2] [                                                 ] o.s.a.r.listener.BlockingQueueConsumer   : Starting consumer Consumer@6a388d3a: tags=[[]], channel=null, acknowledgeMode=AUTO local queue size=0
2025-12-12T19:41:46.645+07:00  INFO 21308 --- [order-service] [springCloudBus.anonymous.tWI90j9UTHKGe7STCgAwBw-2] [                                                 ] o.s.a.r.c.CachingConnectionFactory       : Attempting to connect to: [localhost:5672]
2025-12-12T19:41:46.672+07:00  INFO 21308 --- [order-service] [springCloudBus.anonymous.tWI90j9UTHKGe7STCgAwBw-2] [                                                 ] o.s.a.r.c.CachingConnectionFactory       : Created new connection: rabbitConnectionFactory#39b8313d:1/SimpleConnection@2f1e16bf [delegate=amqp://guest@127.0.0.1:5672/, localPort=57709]
2025-12-12T19:41:46.676+07:00 DEBUG 21308 --- [order-service] [springCloudBus.anonymous.tWI90j9UTHKGe7STCgAwBw-2] [                                                 ] o.s.amqp.rabbit.core.RabbitAdmin         : Initializing declarations
2025-12-12T19:41:46.689+07:00 DEBUG 21308 --- [order-service] [springCloudBus.anonymous.tWI90j9UTHKGe7STCgAwBw-2] [                                                 ] o.s.a.r.c.CachingConnectionFactory       : Creating cached Rabbit Channel from AMQChannel(amqp://guest@127.0.0.1:5672/,1)
2025-12-12T19:41:46.691+07:00 DEBUG 21308 --- [order-service] [springCloudBus.anonymous.tWI90j9UTHKGe7STCgAwBw-2] [                                                 ] o.s.amqp.rabbit.core.RabbitTemplate      : Executing callback RabbitAdmin$$Lambda/0x000000000fac73f0 on RabbitMQ Channel: Cached Rabbit Channel: AMQChannel(amqp://guest@127.0.0.1:5672/,1), conn: Proxy@6cc57f26 Shared Rabbit Connection: SimpleConnection@2f1e16bf [delegate=amqp://guest@127.0.0.1:5672/, localPort=57709]
2025-12-12T19:41:46.693+07:00 DEBUG 21308 --- [order-service] [springCloudBus.anonymous.tWI90j9UTHKGe7STCgAwBw-2] [                                                 ] o.s.amqp.rabbit.core.RabbitAdmin         : declaring Exchange 'order.exchange'
2025-12-12T19:41:46.705+07:00 DEBUG 21308 --- [order-service] [springCloudBus.anonymous.tWI90j9UTHKGe7STCgAwBw-2] [                                                 ] o.s.amqp.rabbit.core.RabbitAdmin         : declaring Queue 'order.queue'
2025-12-12T19:41:46.723+07:00 DEBUG 21308 --- [order-service] [springCloudBus.anonymous.tWI90j9UTHKGe7STCgAwBw-2] [                                                 ] o.s.amqp.rabbit.core.RabbitAdmin         : Binding destination [order.queue (QUEUE)] to exchange [order.exchange] with routing key [order.tracking]
2025-12-12T19:41:46.737+07:00 DEBUG 21308 --- [order-service] [springCloudBus.anonymous.tWI90j9UTHKGe7STCgAwBw-2] [                                                 ] o.s.amqp.rabbit.core.RabbitAdmin         : Declarations finished
2025-12-12T19:41:46.738+07:00 DEBUG 21308 --- [order-service] [springCloudBus.anonymous.tWI90j9UTHKGe7STCgAwBw-2] [                                                 ] o.s.amqp.rabbit.core.RabbitAdmin         : Initializing declarations
2025-12-12T19:41:46.820+07:00  INFO 21308 --- [order-service] [springCloudBus.anonymous.tWI90j9UTHKGe7STCgAwBw-2] [                                                 ] o.s.amqp.rabbit.core.RabbitAdmin         : Auto-declaring a non-durable, auto-delete, or exclusive Queue (springCloudBus.anonymous.tWI90j9UTHKGe7STCgAwBw) durable:false, auto-delete:true, exclusive:true. It will be redeclared if the broker stops and is restarted while the connection factory is alive, but all messages will be lost.
2025-12-12T19:41:46.822+07:00 DEBUG 21308 --- [order-service] [springCloudBus.anonymous.tWI90j9UTHKGe7STCgAwBw-2] [                                                 ] o.s.amqp.rabbit.core.RabbitTemplate      : Executing callback RabbitAdmin$$Lambda/0x000000000fac73f0 on RabbitMQ Channel: Cached Rabbit Channel: AMQChannel(amqp://guest@127.0.0.1:5672/,1), conn: Proxy@6cc57f26 Shared Rabbit Connection: SimpleConnection@2f1e16bf [delegate=amqp://guest@127.0.0.1:5672/, localPort=57709]
2025-12-12T19:41:46.822+07:00 DEBUG 21308 --- [order-service] [springCloudBus.anonymous.tWI90j9UTHKGe7STCgAwBw-2] [                                                 ] o.s.amqp.rabbit.core.RabbitAdmin         : declaring Exchange 'springCloudBus'
2025-12-12T19:41:46.825+07:00 DEBUG 21308 --- [order-service] [springCloudBus.anonymous.tWI90j9UTHKGe7STCgAwBw-2] [                                                 ] o.s.amqp.rabbit.core.RabbitAdmin         : declaring Queue 'springCloudBus.anonymous.tWI90j9UTHKGe7STCgAwBw'
2025-12-12T19:41:46.831+07:00 DEBUG 21308 --- [order-service] [springCloudBus.anonymous.tWI90j9UTHKGe7STCgAwBw-2] [                                                 ] o.s.amqp.rabbit.core.RabbitAdmin         : Binding destination [springCloudBus.anonymous.tWI90j9UTHKGe7STCgAwBw (QUEUE)] to exchange [springCloudBus] with routing key [#]
2025-12-12T19:41:46.836+07:00 DEBUG 21308 --- [order-service] [springCloudBus.anonymous.tWI90j9UTHKGe7STCgAwBw-2] [                                                 ] o.s.amqp.rabbit.core.RabbitAdmin         : Declarations finished
2025-12-12T19:41:46.837+07:00 DEBUG 21308 --- [order-service] [springCloudBus.anonymous.tWI90j9UTHKGe7STCgAwBw-2] [                                                 ] o.s.amqp.rabbit.core.RabbitAdmin         : Initializing declarations
2025-12-12T19:41:46.837+07:00 DEBUG 21308 --- [order-service] [springCloudBus.anonymous.tWI90j9UTHKGe7STCgAwBw-2] [                                                 ] o.s.amqp.rabbit.core.RabbitAdmin         : Nothing to declare
2025-12-12T19:41:46.840+07:00 DEBUG 21308 --- [order-service] [springCloudBus.anonymous.tWI90j9UTHKGe7STCgAwBw-2] [                                                 ] o.s.a.r.c.CachingConnectionFactory       : Creating cached Rabbit Channel from AMQChannel(amqp://guest@127.0.0.1:5672/,2)
2025-12-12T19:41:46.854+07:00 DEBUG 21308 --- [order-service] [pool-4-thread-10] [                                                 ] o.s.a.r.listener.BlockingQueueConsumer   : ConsumeOK: Consumer@6a388d3a: tags=[[amq.ctag-ctYZPkVdkExDnLgxtFtfyw]], channel=Cached Rabbit Channel: AMQChannel(amqp://guest@127.0.0.1:5672/,2), conn: Proxy@6cc57f26 Shared Rabbit Connection: SimpleConnection@2f1e16bf [delegate=amqp://guest@127.0.0.1:5672/, localPort=57709], acknowledgeMode=AUTO local queue size=0
2025-12-12T19:41:46.853+07:00 DEBUG 21308 --- [order-service] [springCloudBus.anonymous.tWI90j9UTHKGe7STCgAwBw-2] [                                                 ] o.s.a.r.listener.BlockingQueueConsumer   : Started on queue 'springCloudBus.anonymous.tWI90j9UTHKGe7STCgAwBw' with tag amq.ctag-ctYZPkVdkExDnLgxtFtfyw: Consumer@6a388d3a: tags=[[]], channel=Cached Rabbit Channel: AMQChannel(amqp://guest@127.0.0.1:5672/,2), conn: Proxy@6cc57f26 Shared Rabbit Connection: SimpleConnection@2f1e16bf [delegate=amqp://guest@127.0.0.1:5672/, localPort=57709], acknowledgeMode=AUTO local queue size=0
2025-12-12T19:42:12.603+07:00  INFO 21308 --- [order-service] [DiscoveryClient-CacheRefreshExecutor-%d] [                                                 ] c.n.d.s.t.d.RedirectingEurekaHttpClient  : Request execution error. endpoint=DefaultEndpoint{ serviceUrl='http://localhost:8761/eureka/} exception=I/O error on GET request for "http://localhost:8761/eureka/apps/delta": Connect to http://localhost:8761 failed: Connection refused: getsockopt stacktrace=org.springframework.web.client.ResourceAccessException: I/O error on GET request for "http://localhost:8761/eureka/apps/delta": Connect to http://localhost:8761 failed: Connection refused: getsockopt
	at org.springframework.web.client.RestTemplate.createResourceAccessException(RestTemplate.java:926)
	at org.springframework.web.client.RestTemplate.doExecute(RestTemplate.java:906)
	at org.springframework.web.client.RestTemplate.execute(RestTemplate.java:841)
	at org.springframework.web.client.RestTemplate.exchange(RestTemplate.java:702)
	at org.springframework.cloud.netflix.eureka.http.RestTemplateEurekaHttpClient.getApplicationsInternal(RestTemplateEurekaHttpClient.java:174)
	at org.springframework.cloud.netflix.eureka.http.RestTemplateEurekaHttpClient.getDelta(RestTemplateEurekaHttpClient.java:186)
	at com.netflix.discovery.shared.transport.decorator.EurekaHttpClientDecorator$7.execute(EurekaHttpClientDecorator.java:152)
	at com.netflix.discovery.shared.transport.decorator.RedirectingEurekaHttpClient.execute(RedirectingEurekaHttpClient.java:91)
	at com.netflix.discovery.shared.transport.decorator.EurekaHttpClientDecorator.getDelta(EurekaHttpClientDecorator.java:149)
	at com.netflix.discovery.shared.transport.decorator.EurekaHttpClientDecorator$7.execute(EurekaHttpClientDecorator.java:152)
	at com.netflix.discovery.shared.transport.decorator.RetryableEurekaHttpClient.execute(RetryableEurekaHttpClient.java:120)
	at com.netflix.discovery.shared.transport.decorator.EurekaHttpClientDecorator.getDelta(EurekaHttpClientDecorator.java:149)
	at com.netflix.discovery.shared.transport.decorator.EurekaHttpClientDecorator$7.execute(EurekaHttpClientDecorator.java:152)
	at com.netflix.discovery.shared.transport.decorator.SessionedEurekaHttpClient.execute(SessionedEurekaHttpClient.java:76)
	at com.netflix.discovery.shared.transport.decorator.EurekaHttpClientDecorator.getDelta(EurekaHttpClientDecorator.java:149)
	at com.netflix.discovery.DiscoveryClient.getAndUpdateDelta(DiscoveryClient.java:1080)
	at com.netflix.discovery.DiscoveryClient.fetchRegistry(DiscoveryClient.java:963)
	at com.netflix.discovery.DiscoveryClient.refreshRegistry(DiscoveryClient.java:1473)
	at com.netflix.discovery.DiscoveryClient$CacheRefreshThread.run(DiscoveryClient.java:1441)
	at java.base/java.util.concurrent.Executors$RunnableAdapter.call(Executors.java:545)
	at java.base/java.util.concurrent.FutureTask.run(FutureTask.java:328)
	at java.base/java.util.concurrent.ThreadPoolExecutor.runWorker(ThreadPoolExecutor.java:1090)
	at java.base/java.util.concurrent.ThreadPoolExecutor$Worker.run(ThreadPoolExecutor.java:614)
	at java.base/java.lang.Thread.run(Thread.java:1474)
Caused by: org.apache.hc.client5.http.HttpHostConnectException: Connect to http://localhost:8761 failed: Connection refused: getsockopt
	at java.base/sun.nio.ch.Net.pollConnect(Native Method)
	at java.base/sun.nio.ch.Net.pollConnectNow(Net.java:639)
	at java.base/sun.nio.ch.NioSocketImpl.timedFinishConnect(NioSocketImpl.java:543)
	at java.base/sun.nio.ch.NioSocketImpl.connect(NioSocketImpl.java:594)
	at java.base/java.net.SocksSocketImpl.connect(SocksSocketImpl.java:284)
	at java.base/java.net.Socket.connect(Socket.java:659)
	at org.apache.hc.client5.http.impl.io.DefaultHttpClientConnectionOperator.connect(DefaultHttpClientConnectionOperator.java:205)
	at org.apache.hc.client5.http.impl.io.PoolingHttpClientConnectionManager.connect(PoolingHttpClientConnectionManager.java:490)
	at org.apache.hc.client5.http.impl.classic.InternalExecRuntime.connectEndpoint(InternalExecRuntime.java:164)
	at org.apache.hc.client5.http.impl.classic.InternalExecRuntime.connectEndpoint(InternalExecRuntime.java:174)
	at org.apache.hc.client5.http.impl.classic.ConnectExec.execute(ConnectExec.java:144)
	at org.apache.hc.client5.http.impl.classic.ExecChainElement.execute(ExecChainElement.java:51)
	at org.apache.hc.client5.http.impl.classic.ProtocolExec.execute(ProtocolExec.java:195)
	at org.apache.hc.client5.http.impl.classic.ExecChainElement.execute(ExecChainElement.java:51)
	at org.apache.hc.client5.http.impl.classic.ContentCompressionExec.execute(ContentCompressionExec.java:150)
	at org.apache.hc.client5.http.impl.classic.ExecChainElement.execute(ExecChainElement.java:51)
	at org.apache.hc.client5.http.impl.classic.HttpRequestRetryExec.execute(HttpRequestRetryExec.java:113)
	at org.apache.hc.client5.http.impl.classic.ExecChainElement.execute(ExecChainElement.java:51)
	at org.apache.hc.client5.http.impl.classic.RedirectExec.execute(RedirectExec.java:110)
	at org.apache.hc.client5.http.impl.classic.ExecChainElement.execute(ExecChainElement.java:51)
	at org.apache.hc.client5.http.impl.classic.InternalHttpClient.doExecute(InternalHttpClient.java:185)
	at org.apache.hc.client5.http.impl.classic.CloseableHttpClient.execute(CloseableHttpClient.java:87)
	at org.apache.hc.client5.http.impl.classic.CloseableHttpClient.execute(CloseableHttpClient.java:55)
	at org.apache.hc.client5.http.classic.HttpClient.executeOpen(HttpClient.java:183)
	at org.springframework.http.client.HttpComponentsClientHttpRequest.executeInternal(HttpComponentsClientHttpRequest.java:99)
	at org.springframework.http.client.AbstractStreamingClientHttpRequest.executeInternal(AbstractStreamingClientHttpRequest.java:71)
	at org.springframework.http.client.AbstractClientHttpRequest.execute(AbstractClientHttpRequest.java:81)
	at org.springframework.http.client.InterceptingClientHttpRequest$InterceptingRequestExecution.execute(InterceptingClientHttpRequest.java:117)
	at org.springframework.cloud.netflix.eureka.http.RestTemplateTransportClientFactory.lambda$restTemplate$2(RestTemplateTransportClientFactory.java:145)
	at org.springframework.http.client.InterceptingClientHttpRequest$InterceptingRequestExecution.execute(InterceptingClientHttpRequest.java:88)
	at org.springframework.http.client.InterceptingClientHttpRequest.executeInternal(InterceptingClientHttpRequest.java:72)
	at org.springframework.http.client.AbstractBufferingClientHttpRequest.executeInternal(AbstractBufferingClientHttpRequest.java:48)
	at org.springframework.http.client.AbstractClientHttpRequest.execute(AbstractClientHttpRequest.java:81)
	at org.springframework.web.client.RestTemplate.doExecute(RestTemplate.java:900)
	... 22 more

2025-12-12T19:42:12.611+07:00  INFO 21308 --- [order-service] [DiscoveryClient-HeartbeatExecutor-%d] [                                                 ] c.n.d.s.t.d.RedirectingEurekaHttpClient  : Request execution error. endpoint=DefaultEndpoint{ serviceUrl='http://localhost:8761/eureka/} exception=I/O error on PUT request for "http://localhost:8761/eureka/apps/ORDER-SERVICE/localhost:order-service:8083": Connect to http://localhost:8761 failed: Connection refused: getsockopt stacktrace=org.springframework.web.client.ResourceAccessException: I/O error on PUT request for "http://localhost:8761/eureka/apps/ORDER-SERVICE/localhost:order-service:8083": Connect to http://localhost:8761 failed: Connection refused: getsockopt
	at org.springframework.web.client.RestTemplate.createResourceAccessException(RestTemplate.java:926)
	at org.springframework.web.client.RestTemplate.doExecute(RestTemplate.java:906)
	at org.springframework.web.client.RestTemplate.execute(RestTemplate.java:841)
	at org.springframework.web.client.RestTemplate.exchange(RestTemplate.java:702)
	at org.springframework.cloud.netflix.eureka.http.RestTemplateEurekaHttpClient.sendHeartBeat(RestTemplateEurekaHttpClient.java:119)
	at com.netflix.discovery.shared.transport.decorator.EurekaHttpClientDecorator$3.execute(EurekaHttpClientDecorator.java:92)
	at com.netflix.discovery.shared.transport.decorator.RedirectingEurekaHttpClient.execute(RedirectingEurekaHttpClient.java:91)
	at com.netflix.discovery.shared.transport.decorator.EurekaHttpClientDecorator.sendHeartBeat(EurekaHttpClientDecorator.java:89)
	at com.netflix.discovery.shared.transport.decorator.EurekaHttpClientDecorator$3.execute(EurekaHttpClientDecorator.java:92)
	at com.netflix.discovery.shared.transport.decorator.RetryableEurekaHttpClient.execute(RetryableEurekaHttpClient.java:120)
	at com.netflix.discovery.shared.transport.decorator.EurekaHttpClientDecorator.sendHeartBeat(EurekaHttpClientDecorator.java:89)
	at com.netflix.discovery.shared.transport.decorator.EurekaHttpClientDecorator$3.execute(EurekaHttpClientDecorator.java:92)
	at com.netflix.discovery.shared.transport.decorator.SessionedEurekaHttpClient.execute(SessionedEurekaHttpClient.java:76)
	at com.netflix.discovery.shared.transport.decorator.EurekaHttpClientDecorator.sendHeartBeat(EurekaHttpClientDecorator.java:89)
	at com.netflix.discovery.DiscoveryClient.renew(DiscoveryClient.java:845)
	at com.netflix.discovery.DiscoveryClient$HeartbeatThread.run(DiscoveryClient.java:1402)
	at java.base/java.util.concurrent.Executors$RunnableAdapter.call(Executors.java:545)
	at java.base/java.util.concurrent.FutureTask.run(FutureTask.java:328)
	at java.base/java.util.concurrent.ThreadPoolExecutor.runWorker(ThreadPoolExecutor.java:1090)
	at java.base/java.util.concurrent.ThreadPoolExecutor$Worker.run(ThreadPoolExecutor.java:614)
	at java.base/java.lang.Thread.run(Thread.java:1474)
Caused by: org.apache.hc.client5.http.HttpHostConnectException: Connect to http://localhost:8761 failed: Connection refused: getsockopt
	at java.base/sun.nio.ch.Net.pollConnect(Native Method)
	at java.base/sun.nio.ch.Net.pollConnectNow(Net.java:639)
	at java.base/sun.nio.ch.NioSocketImpl.timedFinishConnect(NioSocketImpl.java:543)
	at java.base/sun.nio.ch.NioSocketImpl.connect(NioSocketImpl.java:594)
	at java.base/java.net.SocksSocketImpl.connect(SocksSocketImpl.java:284)
	at java.base/java.net.Socket.connect(Socket.java:659)
	at org.apache.hc.client5.http.impl.io.DefaultHttpClientConnectionOperator.connect(DefaultHttpClientConnectionOperator.java:205)
	at org.apache.hc.client5.http.impl.io.PoolingHttpClientConnectionManager.connect(PoolingHttpClientConnectionManager.java:490)
	at org.apache.hc.client5.http.impl.classic.InternalExecRuntime.connectEndpoint(InternalExecRuntime.java:164)
	at org.apache.hc.client5.http.impl.classic.InternalExecRuntime.connectEndpoint(InternalExecRuntime.java:174)
	at org.apache.hc.client5.http.impl.classic.ConnectExec.execute(ConnectExec.java:144)
	at org.apache.hc.client5.http.impl.classic.ExecChainElement.execute(ExecChainElement.java:51)
	at org.apache.hc.client5.http.impl.classic.ProtocolExec.execute(ProtocolExec.java:195)
	at org.apache.hc.client5.http.impl.classic.ExecChainElement.execute(ExecChainElement.java:51)
	at org.apache.hc.client5.http.impl.classic.ContentCompressionExec.execute(ContentCompressionExec.java:150)
	at org.apache.hc.client5.http.impl.classic.ExecChainElement.execute(ExecChainElement.java:51)
	at org.apache.hc.client5.http.impl.classic.HttpRequestRetryExec.execute(HttpRequestRetryExec.java:113)
	at org.apache.hc.client5.http.impl.classic.ExecChainElement.execute(ExecChainElement.java:51)
	at org.apache.hc.client5.http.impl.classic.RedirectExec.execute(RedirectExec.java:110)
	at org.apache.hc.client5.http.impl.classic.ExecChainElement.execute(ExecChainElement.java:51)
	at org.apache.hc.client5.http.impl.classic.InternalHttpClient.doExecute(InternalHttpClient.java:185)
	at org.apache.hc.client5.http.impl.classic.CloseableHttpClient.execute(CloseableHttpClient.java:87)
	at org.apache.hc.client5.http.impl.classic.CloseableHttpClient.execute(CloseableHttpClient.java:55)
	at org.apache.hc.client5.http.classic.HttpClient.executeOpen(HttpClient.java:183)
	at org.springframework.http.client.HttpComponentsClientHttpRequest.executeInternal(HttpComponentsClientHttpRequest.java:99)
	at org.springframework.http.client.AbstractStreamingClientHttpRequest.executeInternal(AbstractStreamingClientHttpRequest.java:71)
	at org.springframework.http.client.AbstractClientHttpRequest.execute(AbstractClientHttpRequest.java:81)
	at org.springframework.http.client.InterceptingClientHttpRequest$InterceptingRequestExecution.execute(InterceptingClientHttpRequest.java:117)
	at org.springframework.cloud.netflix.eureka.http.RestTemplateTransportClientFactory.lambda$restTemplate$2(RestTemplateTransportClientFactory.java:145)
	at org.springframework.http.client.InterceptingClientHttpRequest$InterceptingRequestExecution.execute(InterceptingClientHttpRequest.java:88)
	at org.springframework.http.client.InterceptingClientHttpRequest.executeInternal(InterceptingClientHttpRequest.java:72)
	at org.springframework.http.client.AbstractBufferingClientHttpRequest.executeInternal(AbstractBufferingClientHttpRequest.java:48)
	at org.springframework.http.client.AbstractClientHttpRequest.execute(AbstractClientHttpRequest.java:81)
	at org.springframework.web.client.RestTemplate.doExecute(RestTemplate.java:900)
	... 19 more

2025-12-12T19:42:12.633+07:00  WARN 21308 --- [order-service] [DiscoveryClient-HeartbeatExecutor-%d] [                                                 ] c.n.d.s.t.d.RetryableEurekaHttpClient    : Request execution failed with message: I/O error on PUT request for "http://localhost:8761/eureka/apps/ORDER-SERVICE/localhost:order-service:8083": Connect to http://localhost:8761 failed: Connection refused: getsockopt
2025-12-12T19:42:12.633+07:00  WARN 21308 --- [order-service] [DiscoveryClient-CacheRefreshExecutor-%d] [                                                 ] c.n.d.s.t.d.RetryableEurekaHttpClient    : Request execution failed with message: I/O error on GET request for "http://localhost:8761/eureka/apps/delta": Connect to http://localhost:8761 failed: Connection refused: getsockopt
2025-12-12T19:42:12.937+07:00  INFO 21308 --- [order-service] [DiscoveryClient-CacheRefreshExecutor-%d] [                                                 ] c.n.d.s.t.d.RedirectingEurekaHttpClient  : Request execution error. endpoint=DefaultEndpoint{ serviceUrl='http://localhost:8761/eureka/}, exception=I/O error on GET request for "http://localhost:8761/eureka/apps/delta": Connect to http://localhost:8761 failed: Connection refused: getsockopt stacktrace=org.springframework.web.client.ResourceAccessException: I/O error on GET request for "http://localhost:8761/eureka/apps/delta": Connect to http://localhost:8761 failed: Connection refused: getsockopt
	at org.springframework.web.client.RestTemplate.createResourceAccessException(RestTemplate.java:926)
	at org.springframework.web.client.RestTemplate.doExecute(RestTemplate.java:906)
	at org.springframework.web.client.RestTemplate.execute(RestTemplate.java:841)
	at org.springframework.web.client.RestTemplate.exchange(RestTemplate.java:702)
	at org.springframework.cloud.netflix.eureka.http.RestTemplateEurekaHttpClient.getApplicationsInternal(RestTemplateEurekaHttpClient.java:174)
	at org.springframework.cloud.netflix.eureka.http.RestTemplateEurekaHttpClient.getDelta(RestTemplateEurekaHttpClient.java:186)
	at com.netflix.discovery.shared.transport.decorator.EurekaHttpClientDecorator$7.execute(EurekaHttpClientDecorator.java:152)
	at com.netflix.discovery.shared.transport.decorator.RedirectingEurekaHttpClient.executeOnNewServer(RedirectingEurekaHttpClient.java:121)
	at com.netflix.discovery.shared.transport.decorator.RedirectingEurekaHttpClient.execute(RedirectingEurekaHttpClient.java:80)
	at com.netflix.discovery.shared.transport.decorator.EurekaHttpClientDecorator.getDelta(EurekaHttpClientDecorator.java:149)
	at com.netflix.discovery.shared.transport.decorator.EurekaHttpClientDecorator$7.execute(EurekaHttpClientDecorator.java:152)
	at com.netflix.discovery.shared.transport.decorator.RetryableEurekaHttpClient.execute(RetryableEurekaHttpClient.java:120)
	at com.netflix.discovery.shared.transport.decorator.EurekaHttpClientDecorator.getDelta(EurekaHttpClientDecorator.java:149)
	at com.netflix.discovery.shared.transport.decorator.EurekaHttpClientDecorator$7.execute(EurekaHttpClientDecorator.java:152)
	at com.netflix.discovery.shared.transport.decorator.SessionedEurekaHttpClient.execute(SessionedEurekaHttpClient.java:76)
	at com.netflix.discovery.shared.transport.decorator.EurekaHttpClientDecorator.getDelta(EurekaHttpClientDecorator.java:149)
	at com.netflix.discovery.DiscoveryClient.getAndUpdateDelta(DiscoveryClient.java:1080)
	at com.netflix.discovery.DiscoveryClient.fetchRegistry(DiscoveryClient.java:963)
	at com.netflix.discovery.DiscoveryClient.refreshRegistry(DiscoveryClient.java:1473)
	at com.netflix.discovery.DiscoveryClient$CacheRefreshThread.run(DiscoveryClient.java:1441)
	at java.base/java.util.concurrent.Executors$RunnableAdapter.call(Executors.java:545)
	at java.base/java.util.concurrent.FutureTask.run(FutureTask.java:328)
	at java.base/java.util.concurrent.ThreadPoolExecutor.runWorker(ThreadPoolExecutor.java:1090)
	at java.base/java.util.concurrent.ThreadPoolExecutor$Worker.run(ThreadPoolExecutor.java:614)
	at java.base/java.lang.Thread.run(Thread.java:1474)
Caused by: org.apache.hc.client5.http.HttpHostConnectException: Connect to http://localhost:8761 failed: Connection refused: getsockopt
	at java.base/sun.nio.ch.Net.pollConnect(Native Method)
	at java.base/sun.nio.ch.Net.pollConnectNow(Net.java:639)
	at java.base/sun.nio.ch.NioSocketImpl.timedFinishConnect(NioSocketImpl.java:543)
	at java.base/sun.nio.ch.NioSocketImpl.connect(NioSocketImpl.java:594)
	at java.base/java.net.SocksSocketImpl.connect(SocksSocketImpl.java:284)
	at java.base/java.net.Socket.connect(Socket.java:659)
	at org.apache.hc.client5.http.impl.io.DefaultHttpClientConnectionOperator.connect(DefaultHttpClientConnectionOperator.java:205)
	at org.apache.hc.client5.http.impl.io.PoolingHttpClientConnectionManager.connect(PoolingHttpClientConnectionManager.java:490)
	at org.apache.hc.client5.http.impl.classic.InternalExecRuntime.connectEndpoint(InternalExecRuntime.java:164)
	at org.apache.hc.client5.http.impl.classic.InternalExecRuntime.connectEndpoint(InternalExecRuntime.java:174)
	at org.apache.hc.client5.http.impl.classic.ConnectExec.execute(ConnectExec.java:144)
	at org.apache.hc.client5.http.impl.classic.ExecChainElement.execute(ExecChainElement.java:51)
	at org.apache.hc.client5.http.impl.classic.ProtocolExec.execute(ProtocolExec.java:195)
	at org.apache.hc.client5.http.impl.classic.ExecChainElement.execute(ExecChainElement.java:51)
	at org.apache.hc.client5.http.impl.classic.ContentCompressionExec.execute(ContentCompressionExec.java:150)
	at org.apache.hc.client5.http.impl.classic.ExecChainElement.execute(ExecChainElement.java:51)
	at org.apache.hc.client5.http.impl.classic.HttpRequestRetryExec.execute(HttpRequestRetryExec.java:113)
	at org.apache.hc.client5.http.impl.classic.ExecChainElement.execute(ExecChainElement.java:51)
	at org.apache.hc.client5.http.impl.classic.RedirectExec.execute(RedirectExec.java:110)
	at org.apache.hc.client5.http.impl.classic.ExecChainElement.execute(ExecChainElement.java:51)
	at org.apache.hc.client5.http.impl.classic.InternalHttpClient.doExecute(InternalHttpClient.java:185)
	at org.apache.hc.client5.http.impl.classic.CloseableHttpClient.execute(CloseableHttpClient.java:87)
	at org.apache.hc.client5.http.impl.classic.CloseableHttpClient.execute(CloseableHttpClient.java:55)
	at org.apache.hc.client5.http.classic.HttpClient.executeOpen(HttpClient.java:183)
	at org.springframework.http.client.HttpComponentsClientHttpRequest.executeInternal(HttpComponentsClientHttpRequest.java:99)
	at org.springframework.http.client.AbstractStreamingClientHttpRequest.executeInternal(AbstractStreamingClientHttpRequest.java:71)
	at org.springframework.http.client.AbstractClientHttpRequest.execute(AbstractClientHttpRequest.java:81)
	at org.springframework.http.client.InterceptingClientHttpRequest$InterceptingRequestExecution.execute(InterceptingClientHttpRequest.java:117)
	at org.springframework.cloud.netflix.eureka.http.RestTemplateTransportClientFactory.lambda$restTemplate$2(RestTemplateTransportClientFactory.java:145)
	at org.springframework.http.client.InterceptingClientHttpRequest$InterceptingRequestExecution.execute(InterceptingClientHttpRequest.java:88)
	at org.springframework.http.client.InterceptingClientHttpRequest.executeInternal(InterceptingClientHttpRequest.java:72)
	at org.springframework.http.client.AbstractBufferingClientHttpRequest.executeInternal(AbstractBufferingClientHttpRequest.java:48)
	at org.springframework.http.client.AbstractClientHttpRequest.execute(AbstractClientHttpRequest.java:81)
	at org.springframework.web.client.RestTemplate.doExecute(RestTemplate.java:900)
	... 23 more

2025-12-12T19:42:12.937+07:00  INFO 21308 --- [order-service] [DiscoveryClient-HeartbeatExecutor-%d] [                                                 ] c.n.d.s.t.d.RedirectingEurekaHttpClient  : Request execution error. endpoint=DefaultEndpoint{ serviceUrl='http://localhost:8761/eureka/}, exception=I/O error on PUT request for "http://localhost:8761/eureka/apps/ORDER-SERVICE/localhost:order-service:8083": Connect to http://localhost:8761 failed: Connection refused: getsockopt stacktrace=org.springframework.web.client.ResourceAccessException: I/O error on PUT request for "http://localhost:8761/eureka/apps/ORDER-SERVICE/localhost:order-service:8083": Connect to http://localhost:8761 failed: Connection refused: getsockopt
	at org.springframework.web.client.RestTemplate.createResourceAccessException(RestTemplate.java:926)
	at org.springframework.web.client.RestTemplate.doExecute(RestTemplate.java:906)
	at org.springframework.web.client.RestTemplate.execute(RestTemplate.java:841)
	at org.springframework.web.client.RestTemplate.exchange(RestTemplate.java:702)
	at org.springframework.cloud.netflix.eureka.http.RestTemplateEurekaHttpClient.sendHeartBeat(RestTemplateEurekaHttpClient.java:119)
	at com.netflix.discovery.shared.transport.decorator.EurekaHttpClientDecorator$3.execute(EurekaHttpClientDecorator.java:92)
	at com.netflix.discovery.shared.transport.decorator.RedirectingEurekaHttpClient.executeOnNewServer(RedirectingEurekaHttpClient.java:121)
	at com.netflix.discovery.shared.transport.decorator.RedirectingEurekaHttpClient.execute(RedirectingEurekaHttpClient.java:80)
	at com.netflix.discovery.shared.transport.decorator.EurekaHttpClientDecorator.sendHeartBeat(EurekaHttpClientDecorator.java:89)
	at com.netflix.discovery.shared.transport.decorator.EurekaHttpClientDecorator$3.execute(EurekaHttpClientDecorator.java:92)
	at com.netflix.discovery.shared.transport.decorator.RetryableEurekaHttpClient.execute(RetryableEurekaHttpClient.java:120)
	at com.netflix.discovery.shared.transport.decorator.EurekaHttpClientDecorator.sendHeartBeat(EurekaHttpClientDecorator.java:89)
	at com.netflix.discovery.shared.transport.decorator.EurekaHttpClientDecorator$3.execute(EurekaHttpClientDecorator.java:92)
	at com.netflix.discovery.shared.transport.decorator.SessionedEurekaHttpClient.execute(SessionedEurekaHttpClient.java:76)
	at com.netflix.discovery.shared.transport.decorator.EurekaHttpClientDecorator.sendHeartBeat(EurekaHttpClientDecorator.java:89)
	at com.netflix.discovery.DiscoveryClient.renew(DiscoveryClient.java:845)
	at com.netflix.discovery.DiscoveryClient$HeartbeatThread.run(DiscoveryClient.java:1402)
	at java.base/java.util.concurrent.Executors$RunnableAdapter.call(Executors.java:545)
	at java.base/java.util.concurrent.FutureTask.run(FutureTask.java:328)
	at java.base/java.util.concurrent.ThreadPoolExecutor.runWorker(ThreadPoolExecutor.java:1090)
	at java.base/java.util.concurrent.ThreadPoolExecutor$Worker.run(ThreadPoolExecutor.java:614)
	at java.base/java.lang.Thread.run(Thread.java:1474)
Caused by: org.apache.hc.client5.http.HttpHostConnectException: Connect to http://localhost:8761 failed: Connection refused: getsockopt
	at java.base/sun.nio.ch.Net.pollConnect(Native Method)
	at java.base/sun.nio.ch.Net.pollConnectNow(Net.java:639)
	at java.base/sun.nio.ch.NioSocketImpl.timedFinishConnect(NioSocketImpl.java:543)
	at java.base/sun.nio.ch.NioSocketImpl.connect(NioSocketImpl.java:594)
	at java.base/java.net.SocksSocketImpl.connect(SocksSocketImpl.java:284)
	at java.base/java.net.Socket.connect(Socket.java:659)
	at org.apache.hc.client5.http.impl.io.DefaultHttpClientConnectionOperator.connect(DefaultHttpClientConnectionOperator.java:205)
	at org.apache.hc.client5.http.impl.io.PoolingHttpClientConnectionManager.connect(PoolingHttpClientConnectionManager.java:490)
	at org.apache.hc.client5.http.impl.classic.InternalExecRuntime.connectEndpoint(InternalExecRuntime.java:164)
	at org.apache.hc.client5.http.impl.classic.InternalExecRuntime.connectEndpoint(InternalExecRuntime.java:174)
	at org.apache.hc.client5.http.impl.classic.ConnectExec.execute(ConnectExec.java:144)
	at org.apache.hc.client5.http.impl.classic.ExecChainElement.execute(ExecChainElement.java:51)
	at org.apache.hc.client5.http.impl.classic.ProtocolExec.execute(ProtocolExec.java:195)
	at org.apache.hc.client5.http.impl.classic.ExecChainElement.execute(ExecChainElement.java:51)
	at org.apache.hc.client5.http.impl.classic.ContentCompressionExec.execute(ContentCompressionExec.java:150)
	at org.apache.hc.client5.http.impl.classic.ExecChainElement.execute(ExecChainElement.java:51)
	at org.apache.hc.client5.http.impl.classic.HttpRequestRetryExec.execute(HttpRequestRetryExec.java:113)
	at org.apache.hc.client5.http.impl.classic.ExecChainElement.execute(ExecChainElement.java:51)
	at org.apache.hc.client5.http.impl.classic.RedirectExec.execute(RedirectExec.java:110)
	at org.apache.hc.client5.http.impl.classic.ExecChainElement.execute(ExecChainElement.java:51)
	at org.apache.hc.client5.http.impl.classic.InternalHttpClient.doExecute(InternalHttpClient.java:185)
	at org.apache.hc.client5.http.impl.classic.CloseableHttpClient.execute(CloseableHttpClient.java:87)
	at org.apache.hc.client5.http.impl.classic.CloseableHttpClient.execute(CloseableHttpClient.java:55)
	at org.apache.hc.client5.http.classic.HttpClient.executeOpen(HttpClient.java:183)
	at org.springframework.http.client.HttpComponentsClientHttpRequest.executeInternal(HttpComponentsClientHttpRequest.java:99)
	at org.springframework.http.client.AbstractStreamingClientHttpRequest.executeInternal(AbstractStreamingClientHttpRequest.java:71)
	at org.springframework.http.client.AbstractClientHttpRequest.execute(AbstractClientHttpRequest.java:81)
	at org.springframework.http.client.InterceptingClientHttpRequest$InterceptingRequestExecution.execute(InterceptingClientHttpRequest.java:117)
	at org.springframework.cloud.netflix.eureka.http.RestTemplateTransportClientFactory.lambda$restTemplate$2(RestTemplateTransportClientFactory.java:145)
	at org.springframework.http.client.InterceptingClientHttpRequest$InterceptingRequestExecution.execute(InterceptingClientHttpRequest.java:88)
	at org.springframework.http.client.InterceptingClientHttpRequest.executeInternal(InterceptingClientHttpRequest.java:72)
	at org.springframework.http.client.AbstractBufferingClientHttpRequest.executeInternal(AbstractBufferingClientHttpRequest.java:48)
	at org.springframework.http.client.AbstractClientHttpRequest.execute(AbstractClientHttpRequest.java:81)
	at org.springframework.web.client.RestTemplate.doExecute(RestTemplate.java:900)
	... 20 more

2025-12-12T19:42:12.938+07:00  WARN 21308 --- [order-service] [DiscoveryClient-CacheRefreshExecutor-%d] [                                                 ] c.n.d.s.t.d.RetryableEurekaHttpClient    : Request execution failed with message: I/O error on GET request for "http://localhost:8761/eureka/apps/delta": Connect to http://localhost:8761 failed: Connection refused: getsockopt
2025-12-12T19:42:12.938+07:00  WARN 21308 --- [order-service] [DiscoveryClient-HeartbeatExecutor-%d] [                                                 ] c.n.d.s.t.d.RetryableEurekaHttpClient    : Request execution failed with message: I/O error on PUT request for "http://localhost:8761/eureka/apps/ORDER-SERVICE/localhost:order-service:8083": Connect to http://localhost:8761 failed: Connection refused: getsockopt
2025-12-12T19:42:12.941+07:00  INFO 21308 --- [order-service] [DiscoveryClient-CacheRefreshExecutor-%d] [                                                 ] com.netflix.discovery.DiscoveryClient    : DiscoveryClient_ORDER-SERVICE/localhost:order-service:8083 - was unable to refresh its cache! This periodic background refresh will be retried in 30 seconds. status = Cannot execute request on any known server stacktrace = com.netflix.discovery.shared.transport.TransportException: Cannot execute request on any known server
	at com.netflix.discovery.shared.transport.decorator.RetryableEurekaHttpClient.execute(RetryableEurekaHttpClient.java:112)
	at com.netflix.discovery.shared.transport.decorator.EurekaHttpClientDecorator.getDelta(EurekaHttpClientDecorator.java:149)
	at com.netflix.discovery.shared.transport.decorator.EurekaHttpClientDecorator$7.execute(EurekaHttpClientDecorator.java:152)
	at com.netflix.discovery.shared.transport.decorator.SessionedEurekaHttpClient.execute(SessionedEurekaHttpClient.java:76)
	at com.netflix.discovery.shared.transport.decorator.EurekaHttpClientDecorator.getDelta(EurekaHttpClientDecorator.java:149)
	at com.netflix.discovery.DiscoveryClient.getAndUpdateDelta(DiscoveryClient.java:1080)
	at com.netflix.discovery.DiscoveryClient.fetchRegistry(DiscoveryClient.java:963)
	at com.netflix.discovery.DiscoveryClient.refreshRegistry(DiscoveryClient.java:1473)
	at com.netflix.discovery.DiscoveryClient$CacheRefreshThread.run(DiscoveryClient.java:1441)
	at java.base/java.util.concurrent.Executors$RunnableAdapter.call(Executors.java:545)
	at java.base/java.util.concurrent.FutureTask.run(FutureTask.java:328)
	at java.base/java.util.concurrent.ThreadPoolExecutor.runWorker(ThreadPoolExecutor.java:1090)
	at java.base/java.util.concurrent.ThreadPoolExecutor$Worker.run(ThreadPoolExecutor.java:614)
	at java.base/java.lang.Thread.run(Thread.java:1474)

2025-12-12T19:42:12.939+07:00 ERROR 21308 --- [order-service] [DiscoveryClient-HeartbeatExecutor-%d] [                                                 ] com.netflix.discovery.DiscoveryClient    : DiscoveryClient_ORDER-SERVICE/localhost:order-service:8083 - was unable to send heartbeat!

com.netflix.discovery.shared.transport.TransportException: Cannot execute request on any known server
	at com.netflix.discovery.shared.transport.decorator.RetryableEurekaHttpClient.execute(RetryableEurekaHttpClient.java:112) ~[eureka-client-2.0.4.jar:2.0.4]
	at com.netflix.discovery.shared.transport.decorator.EurekaHttpClientDecorator.sendHeartBeat(EurekaHttpClientDecorator.java:89) ~[eureka-client-2.0.4.jar:2.0.4]
	at com.netflix.discovery.shared.transport.decorator.EurekaHttpClientDecorator$3.execute(EurekaHttpClientDecorator.java:92) ~[eureka-client-2.0.4.jar:2.0.4]
	at com.netflix.discovery.shared.transport.decorator.SessionedEurekaHttpClient.execute(SessionedEurekaHttpClient.java:76) ~[eureka-client-2.0.4.jar:2.0.4]
	at com.netflix.discovery.shared.transport.decorator.EurekaHttpClientDecorator.sendHeartBeat(EurekaHttpClientDecorator.java:89) ~[eureka-client-2.0.4.jar:2.0.4]
	at com.netflix.discovery.DiscoveryClient.renew(DiscoveryClient.java:845) ~[eureka-client-2.0.4.jar:2.0.4]
	at com.netflix.discovery.DiscoveryClient$HeartbeatThread.run(DiscoveryClient.java:1402) ~[eureka-client-2.0.4.jar:2.0.4]
	at java.base/java.util.concurrent.Executors$RunnableAdapter.call(Executors.java:545) ~[na:na]
	at java.base/java.util.concurrent.FutureTask.run(FutureTask.java:328) ~[na:na]
	at java.base/java.util.concurrent.ThreadPoolExecutor.runWorker(ThreadPoolExecutor.java:1090) ~[na:na]
	at java.base/java.util.concurrent.ThreadPoolExecutor$Worker.run(ThreadPoolExecutor.java:614) ~[na:na]
	at java.base/java.lang.Thread.run(Thread.java:1474) ~[na:na]

2025-12-12T19:42:28.423+07:00  INFO 21308 --- [order-service] [SpringApplicationShutdownHook] [                                                 ] o.s.c.n.e.s.EurekaServiceRegistry        : Unregistering application ORDER-SERVICE with eureka with status DOWN
2025-12-12T19:42:28.437+07:00  INFO 21308 --- [order-service] [SpringApplicationShutdownHook] [                                                 ] com.netflix.discovery.DiscoveryClient    : Saw local status change event StatusChangeEvent [timestamp=1765543348437, current=DOWN, previous=UP]
2025-12-12T19:42:28.440+07:00  INFO 21308 --- [order-service] [DiscoveryClient-InstanceInfoReplicator-%d] [                                                 ] com.netflix.discovery.DiscoveryClient    : DiscoveryClient_ORDER-SERVICE/localhost:order-service:8083: registering service...
2025-12-12T19:42:28.560+07:00  INFO 21308 --- [order-service] [DiscoveryClient-InstanceInfoReplicator-%d] [                                                 ] com.netflix.discovery.DiscoveryClient    : DiscoveryClient_ORDER-SERVICE/localhost:order-service:8083 - registration status: 204
2025-12-12T19:42:28.566+07:00  INFO 21308 --- [order-service] [SpringApplicationShutdownHook] [                                                 ] o.s.b.w.e.tomcat.GracefulShutdown        : Commencing graceful shutdown. Waiting for active requests to complete
2025-12-12T19:42:28.610+07:00  INFO 21308 --- [order-service] [tomcat-shutdown] [                                                 ] o.s.b.w.e.tomcat.GracefulShutdown        : Graceful shutdown complete
2025-12-12T19:42:28.634+07:00 DEBUG 21308 --- [order-service] [SpringApplicationShutdownHook] [                                                 ] o.s.a.r.l.SimpleMessageListenerContainer : Shutting down Rabbit listener container
2025-12-12T19:42:28.696+07:00 DEBUG 21308 --- [order-service] [pool-4-thread-11] [                                                 ] o.s.a.r.listener.BlockingQueueConsumer   : Received cancelOk for tag amq.ctag-ctYZPkVdkExDnLgxtFtfyw (springCloudBus.anonymous.tWI90j9UTHKGe7STCgAwBw); Consumer@6a388d3a: tags=[[amq.ctag-ctYZPkVdkExDnLgxtFtfyw]], channel=Cached Rabbit Channel: AMQChannel(amqp://guest@127.0.0.1:5672/,2), conn: Proxy@6cc57f26 Shared Rabbit Connection: SimpleConnection@2f1e16bf [delegate=amqp://guest@127.0.0.1:5672/, localPort=57709], acknowledgeMode=AUTO local queue size=0
2025-12-12T19:42:28.697+07:00  INFO 21308 --- [order-service] [SpringApplicationShutdownHook] [                                                 ] o.s.a.r.l.SimpleMessageListenerContainer : Waiting for workers to finish.
2025-12-12T19:42:28.884+07:00  INFO 21308 --- [order-service] [SpringApplicationShutdownHook] [                                                 ] o.s.a.r.l.SimpleMessageListenerContainer : Successfully waited for workers to finish.
2025-12-12T19:42:28.886+07:00 DEBUG 21308 --- [order-service] [springCloudBus.anonymous.tWI90j9UTHKGe7STCgAwBw-2] [                                                 ] o.s.a.r.l.SimpleMessageListenerContainer : Cancelling Consumer@6a388d3a: tags=[[amq.ctag-ctYZPkVdkExDnLgxtFtfyw]], channel=Cached Rabbit Channel: AMQChannel(amqp://guest@127.0.0.1:5672/,2), conn: Proxy@6cc57f26 Shared Rabbit Connection: SimpleConnection@2f1e16bf [delegate=amqp://guest@127.0.0.1:5672/, localPort=57709], acknowledgeMode=AUTO local queue size=0
2025-12-12T19:42:28.887+07:00 DEBUG 21308 --- [order-service] [springCloudBus.anonymous.tWI90j9UTHKGe7STCgAwBw-2] [                                                 ] o.s.a.r.listener.BlockingQueueConsumer   : Closing Rabbit Channel: Cached Rabbit Channel: AMQChannel(amqp://guest@127.0.0.1:5672/,2), conn: Proxy@6cc57f26 Shared Rabbit Connection: SimpleConnection@2f1e16bf [delegate=amqp://guest@127.0.0.1:5672/, localPort=57709]
2025-12-12T19:42:28.888+07:00 DEBUG 21308 --- [order-service] [springCloudBus.anonymous.tWI90j9UTHKGe7STCgAwBw-2] [                                                 ] o.s.a.r.c.CachingConnectionFactory       : Closing cached Channel: AMQChannel(amqp://guest@127.0.0.1:5672/,2)
2025-12-12T19:42:28.890+07:00  INFO 21308 --- [order-service] [SpringApplicationShutdownHook] [                                                 ] o.s.i.a.i.AmqpInboundChannelAdapter      : stopped bean 'inbound.springCloudBus.anonymous.tWI90j9UTHKGe7STCgAwBw'
2025-12-12T19:42:28.923+07:00  INFO 21308 --- [order-service] [SpringApplicationShutdownHook] [                                                 ] o.s.c.stream.binder.BinderErrorChannel   : Channel 'order-service.rabbit-2004943989.springCloudBusInput.errors' has 1 subscriber(s).
2025-12-12T19:42:28.930+07:00  INFO 21308 --- [order-service] [SpringApplicationShutdownHook] [                                                 ] o.s.c.stream.binder.BinderErrorChannel   : Channel 'order-service.rabbit-2004943989.springCloudBusInput.errors' has 0 subscriber(s).
2025-12-12T19:42:29.215+07:00 DEBUG 21308 --- [order-service] [SpringApplicationShutdownHook] [                                                 ] o.s.a.r.c.CachingConnectionFactory       : Closing cached Channel: AMQChannel(amqp://guest@127.0.0.1:5672/,1)
2025-12-12T19:42:29.227+07:00  INFO 21308 --- [order-service] [SpringApplicationShutdownHook] [                                                 ] o.s.i.endpoint.EventDrivenConsumer       : Removing {logging-channel-adapter:_org.springframework.integration.errorLogger} as a subscriber to the 'errorChannel' channel
2025-12-12T19:42:29.227+07:00  INFO 21308 --- [order-service] [SpringApplicationShutdownHook] [                                                 ] o.s.i.channel.PublishSubscribeChannel    : Channel 'order-service.errorChannel' has 0 subscriber(s).
2025-12-12T19:42:29.228+07:00  INFO 21308 --- [order-service] [SpringApplicationShutdownHook] [                                                 ] o.s.i.endpoint.EventDrivenConsumer       : stopped bean '_org.springframework.integration.errorLogger'
2025-12-12T19:42:29.273+07:00  INFO 21308 --- [order-service] [SpringApplicationShutdownHook] [                                                 ] j.LocalContainerEntityManagerFactoryBean : Closing JPA EntityManagerFactory for persistence unit 'default'
2025-12-12T19:42:29.312+07:00  INFO 21308 --- [order-service] [SpringApplicationShutdownHook] [                                                 ] com.zaxxer.hikari.HikariDataSource       : HikariPool-1 - Shutdown initiated...
2025-12-12T19:42:29.325+07:00  INFO 21308 --- [order-service] [SpringApplicationShutdownHook] [                                                 ] com.zaxxer.hikari.HikariDataSource       : HikariPool-1 - Shutdown completed.
2025-12-12T19:42:29.694+07:00  INFO 21308 --- [order-service] [SpringApplicationShutdownHook] [                                                 ] com.netflix.discovery.DiscoveryClient    : Shutting down DiscoveryClient ...
2025-12-12T19:42:32.697+07:00  INFO 21308 --- [order-service] [SpringApplicationShutdownHook] [                                                 ] com.netflix.discovery.DiscoveryClient    : Unregistering ...
2025-12-12T19:42:32.714+07:00  INFO 21308 --- [order-service] [SpringApplicationShutdownHook] [                                                 ] com.netflix.discovery.DiscoveryClient    : DiscoveryClient_ORDER-SERVICE/localhost:order-service:8083 - deregister  status: 200
2025-12-12T19:42:32.715+07:00  INFO 21308 --- [order-service] [SpringApplicationShutdownHook] [                                                 ] com.netflix.discovery.DiscoveryClient    : Completed shut down of DiscoveryClient
2025-12-12T19:42:37.792+07:00  INFO 17212 --- [order-service] [main] [                                                 ] com.ecommerce.order.OrderApplication     : Starting OrderApplication using Java 25 with PID 17212 (D:\ecom-microservices\order\target\classes started by Admin in D:\ecom-microservices)
2025-12-12T19:42:37.796+07:00  INFO 17212 --- [order-service] [main] [                                                 ] com.ecommerce.order.OrderApplication     : No active profile set, falling back to 1 default profile: "default"
2025-12-12T19:42:37.840+07:00  INFO 17212 --- [order-service] [main] [                                                 ] o.s.c.c.c.ConfigServerConfigDataLoader   : Fetching config from server at : http://localhost:8888
2025-12-12T19:42:37.841+07:00  INFO 17212 --- [order-service] [main] [                                                 ] o.s.c.c.c.ConfigServerConfigDataLoader   : Located environment: name=order-service, profiles=[default], label=null, version=null, state=null
2025-12-12T19:42:39.218+07:00  INFO 17212 --- [order-service] [main] [                                                 ] .s.d.r.c.RepositoryConfigurationDelegate : Bootstrapping Spring Data JPA repositories in DEFAULT mode.
2025-12-12T19:42:39.368+07:00  INFO 17212 --- [order-service] [main] [                                                 ] .s.d.r.c.RepositoryConfigurationDelegate : Finished Spring Data repository scanning in 139 ms. Found 2 JPA repository interfaces.
2025-12-12T19:42:39.605+07:00  INFO 17212 --- [order-service] [main] [                                                 ] faultConfiguringBeanFactoryPostProcessor : No bean named 'errorChannel' has been explicitly defined. Therefore, a default PublishSubscribeChannel will be created.
2025-12-12T19:42:39.612+07:00  INFO 17212 --- [order-service] [main] [                                                 ] faultConfiguringBeanFactoryPostProcessor : No bean named 'integrationHeaderChannelRegistry' has been explicitly defined. Therefore, a default DefaultHeaderChannelRegistry will be created.
2025-12-12T19:42:39.790+07:00  INFO 17212 --- [order-service] [main] [                                                 ] o.s.cloud.context.scope.GenericScope     : BeanFactory id=edda7dbc-db90-3c6c-a230-0b12c58ec77c
2025-12-12T19:42:40.630+07:00  INFO 17212 --- [order-service] [main] [                                                 ] o.s.b.w.embedded.tomcat.TomcatWebServer  : Tomcat initialized with port 8083 (http)
2025-12-12T19:42:40.644+07:00  INFO 17212 --- [order-service] [main] [                                                 ] o.apache.catalina.core.StandardService   : Starting service [Tomcat]
2025-12-12T19:42:40.644+07:00  INFO 17212 --- [order-service] [main] [                                                 ] o.apache.catalina.core.StandardEngine    : Starting Servlet engine: [Apache Tomcat/10.1.46]
2025-12-12T19:42:40.724+07:00  INFO 17212 --- [order-service] [main] [                                                 ] o.a.c.c.C.[Tomcat].[localhost].[/]       : Initializing Spring embedded WebApplicationContext
2025-12-12T19:42:40.725+07:00  INFO 17212 --- [order-service] [main] [                                                 ] w.s.c.ServletWebServerApplicationContext : Root WebApplicationContext: initialization completed in 2883 ms
2025-12-12T19:42:41.652+07:00  INFO 17212 --- [order-service] [main] [                                                 ] o.hibernate.jpa.internal.util.LogHelper  : HHH000204: Processing PersistenceUnitInfo [name: default]
2025-12-12T19:42:41.716+07:00  INFO 17212 --- [order-service] [main] [                                                 ] org.hibernate.Version                    : HHH000412: Hibernate ORM core version 6.6.29.Final
2025-12-12T19:42:41.761+07:00  INFO 17212 --- [order-service] [main] [                                                 ] o.h.c.internal.RegionFactoryInitiator    : HHH000026: Second-level cache disabled
2025-12-12T19:42:42.024+07:00  INFO 17212 --- [order-service] [main] [                                                 ] o.s.o.j.p.SpringPersistenceUnitInfo      : No LoadTimeWeaver setup: ignoring JPA class transformer
2025-12-12T19:42:42.051+07:00  INFO 17212 --- [order-service] [main] [                                                 ] com.zaxxer.hikari.HikariDataSource       : HikariPool-1 - Starting...
2025-12-12T19:42:42.207+07:00  INFO 17212 --- [order-service] [main] [                                                 ] com.zaxxer.hikari.pool.HikariPool        : HikariPool-1 - Added connection org.postgresql.jdbc.PgConnection@4624e3d1
2025-12-12T19:42:42.209+07:00  INFO 17212 --- [order-service] [main] [                                                 ] com.zaxxer.hikari.HikariDataSource       : HikariPool-1 - Start completed.
2025-12-12T19:42:42.274+07:00  WARN 17212 --- [order-service] [main] [                                                 ] org.hibernate.orm.deprecation            : HHH90000025: PostgreSQLDialect does not need to be specified explicitly using 'hibernate.dialect' (remove the property setting and it will be selected by default)
2025-12-12T19:42:42.303+07:00  INFO 17212 --- [order-service] [main] [                                                 ] org.hibernate.orm.connections.pooling    : HHH10001005: Database info:
	Database JDBC URL [Connecting through datasource 'HikariDataSource (HikariPool-1)']
	Database driver: undefined/unknown
	Database version: 14.19
	Autocommit mode: undefined/unknown
	Isolation level: undefined/unknown
	Minimum pool size: undefined/unknown
	Maximum pool size: undefined/unknown
2025-12-12T19:42:43.180+07:00  INFO 17212 --- [order-service] [main] [                                                 ] o.h.e.t.j.p.i.JtaPlatformInitiator       : HHH000489: No JTA platform available (set 'hibernate.transaction.jta.platform' to enable JTA platform integration)
2025-12-12T19:42:43.465+07:00  INFO 17212 --- [order-service] [main] [                                                 ] j.LocalContainerEntityManagerFactoryBean : Initialized JPA EntityManagerFactory for persistence unit 'default'
2025-12-12T19:42:44.433+07:00  WARN 17212 --- [order-service] [main] [                                                 ] JpaBaseConfiguration$JpaWebConfiguration : spring.jpa.open-in-view is enabled by default. Therefore, database queries may be performed during view rendering. Explicitly configure spring.jpa.open-in-view to disable this warning
2025-12-12T19:42:46.086+07:00  INFO 17212 --- [order-service] [main] [                                                 ] o.s.cloud.commons.util.InetUtils         : Cannot determine local hostname
2025-12-12T19:42:47.144+07:00  INFO 17212 --- [order-service] [main] [                                                 ] o.s.cloud.commons.util.InetUtils         : Cannot determine local hostname
2025-12-12T19:42:47.635+07:00  WARN 17212 --- [order-service] [main] [                                                 ] c.f.c.c.BeanFactoryAwareFunctionRegistry : Failed to locate function 'busConsumer' for function definition 'busConsumer'. Returning null.
2025-12-12T19:42:47.715+07:00  INFO 17212 --- [order-service] [main] [                                                 ] o.s.c.s.m.DirectWithAttributesChannel    : Channel 'order-service.springCloudBusInput' has 1 subscriber(s).
2025-12-12T19:42:49.038+07:00  INFO 17212 --- [order-service] [main] [                                                 ] o.s.cloud.commons.util.InetUtils         : Cannot determine local hostname
2025-12-12T19:42:49.059+07:00  INFO 17212 --- [order-service] [main] [                                                 ] DiscoveryClientOptionalArgsConfiguration : Eureka HTTP Client uses RestTemplate.
2025-12-12T19:42:49.139+07:00  WARN 17212 --- [order-service] [main] [                                                 ] iguration$LoadBalancerCaffeineWarnLogger : Spring Cloud LoadBalancer is currently working with the default cache. While this cache implementation is useful for development and tests, it's recommended to use Caffeine cache in production.You can switch to using Caffeine cache, by adding it and org.springframework.cache.caffeine.CaffeineCacheManager to the classpath.
2025-12-12T19:42:49.149+07:00  INFO 17212 --- [order-service] [main] [                                                 ] o.s.b.a.e.web.EndpointLinksResolver      : Exposing 35 endpoints beneath base path '/actuator'
2025-12-12T19:42:49.287+07:00  INFO 17212 --- [order-service] [main] [                                                 ] o.s.i.endpoint.EventDrivenConsumer       : Adding {logging-channel-adapter:_org.springframework.integration.errorLogger} as a subscriber to the 'errorChannel' channel
2025-12-12T19:42:49.287+07:00  INFO 17212 --- [order-service] [main] [                                                 ] o.s.i.channel.PublishSubscribeChannel    : Channel 'order-service.errorChannel' has 1 subscriber(s).
2025-12-12T19:42:49.287+07:00  INFO 17212 --- [order-service] [main] [                                                 ] o.s.i.endpoint.EventDrivenConsumer       : started bean '_org.springframework.integration.errorLogger'
2025-12-12T19:42:49.359+07:00  INFO 17212 --- [order-service] [main] [                                                 ] o.s.c.n.eureka.InstanceInfoFactory       : Setting initial instance status as: STARTING
2025-12-12T19:42:49.387+07:00  INFO 17212 --- [order-service] [main] [                                                 ] com.netflix.discovery.DiscoveryClient    : Initializing Eureka in region us-east-1
2025-12-12T19:42:49.390+07:00  INFO 17212 --- [order-service] [main] [                                                 ] c.n.d.s.r.aws.ConfigClusterResolver      : Resolving eureka endpoints via configuration
2025-12-12T19:42:49.399+07:00  INFO 17212 --- [order-service] [main] [                                                 ] com.netflix.discovery.DiscoveryClient    : Disable delta property : false
2025-12-12T19:42:49.400+07:00  INFO 17212 --- [order-service] [main] [                                                 ] com.netflix.discovery.DiscoveryClient    : Single vip registry refresh property : null
2025-12-12T19:42:49.400+07:00  INFO 17212 --- [order-service] [main] [                                                 ] com.netflix.discovery.DiscoveryClient    : Force full registry fetch : false
2025-12-12T19:42:49.400+07:00  INFO 17212 --- [order-service] [main] [                                                 ] com.netflix.discovery.DiscoveryClient    : Application is null : false
2025-12-12T19:42:49.400+07:00  INFO 17212 --- [order-service] [main] [                                                 ] com.netflix.discovery.DiscoveryClient    : Registered Applications size is zero : true
2025-12-12T19:42:49.400+07:00  INFO 17212 --- [order-service] [main] [                                                 ] com.netflix.discovery.DiscoveryClient    : Application version is -1: true
2025-12-12T19:42:49.400+07:00  INFO 17212 --- [order-service] [main] [                                                 ] com.netflix.discovery.DiscoveryClient    : Getting all instance registry info from the eureka server
2025-12-12T19:42:49.596+07:00  INFO 17212 --- [order-service] [main] [                                                 ] com.netflix.discovery.DiscoveryClient    : The response status is 200
2025-12-12T19:42:49.599+07:00  INFO 17212 --- [order-service] [main] [                                                 ] com.netflix.discovery.DiscoveryClient    : Starting heartbeat executor: renew interval is: 30
2025-12-12T19:42:49.601+07:00  INFO 17212 --- [order-service] [main] [                                                 ] c.n.discovery.InstanceInfoReplicator     : InstanceInfoReplicator onDemand update allowed rate per min is 4
2025-12-12T19:42:49.603+07:00  INFO 17212 --- [order-service] [main] [                                                 ] com.netflix.discovery.DiscoveryClient    : Discovery Client initialized at timestamp 1765543369602 with initial instances count: 2
2025-12-12T19:42:49.613+07:00  INFO 17212 --- [order-service] [main] [                                                 ] o.s.c.n.e.s.EurekaServiceRegistry        : Registering application ORDER-SERVICE with eureka with status UP
2025-12-12T19:42:49.614+07:00  INFO 17212 --- [order-service] [main] [                                                 ] com.netflix.discovery.DiscoveryClient    : Saw local status change event StatusChangeEvent [timestamp=1765543369614, current=UP, previous=STARTING]
2025-12-12T19:42:49.615+07:00  INFO 17212 --- [order-service] [DiscoveryClient-InstanceInfoReplicator-%d] [                                                 ] com.netflix.discovery.DiscoveryClient    : DiscoveryClient_ORDER-SERVICE/localhost:order-service:8083: registering service...
2025-12-12T19:42:49.617+07:00  INFO 17212 --- [order-service] [main] [                                                 ] o.s.c.s.binder.DefaultBinderFactory      : Creating binder: rabbit
2025-12-12T19:42:49.617+07:00  INFO 17212 --- [order-service] [main] [                                                 ] o.s.c.s.binder.DefaultBinderFactory      : Constructing binder child context for rabbit
2025-12-12T19:42:49.662+07:00  INFO 17212 --- [order-service] [DiscoveryClient-InstanceInfoReplicator-%d] [                                                 ] com.netflix.discovery.DiscoveryClient    : DiscoveryClient_ORDER-SERVICE/localhost:order-service:8083 - registration status: 204
2025-12-12T19:42:49.721+07:00  INFO 17212 --- [order-service] [main] [                                                 ] o.s.c.s.binder.DefaultBinderFactory      : Caching the binder: rabbit
2025-12-12T19:42:49.735+07:00  INFO 17212 --- [order-service] [main] [                                                 ] c.s.b.r.p.RabbitExchangeQueueProvisioner : declaring queue for inbound: springCloudBus.anonymous.9olUpzeKSl2c8s-JXSGfmQ, bound to: springCloudBus
2025-12-12T19:42:49.739+07:00  INFO 17212 --- [order-service] [main] [                                                 ] o.s.a.r.c.CachingConnectionFactory       : Attempting to connect to: [localhost:5672]
2025-12-12T19:42:49.828+07:00  INFO 17212 --- [order-service] [main] [                                                 ] o.s.a.r.c.CachingConnectionFactory       : Created new connection: rabbitConnectionFactory#780a021b:0/SimpleConnection@6b18bdf7 [delegate=amqp://guest@127.0.0.1:5672/, localPort=56951]
2025-12-12T19:42:49.833+07:00 DEBUG 17212 --- [order-service] [main] [                                                 ] o.s.amqp.rabbit.core.RabbitAdmin         : Initializing declarations
2025-12-12T19:42:49.853+07:00 DEBUG 17212 --- [order-service] [main] [                                                 ] o.s.a.r.c.CachingConnectionFactory       : Creating cached Rabbit Channel from AMQChannel(amqp://guest@127.0.0.1:5672/,1)
2025-12-12T19:42:49.865+07:00 DEBUG 17212 --- [order-service] [main] [                                                 ] o.s.amqp.rabbit.core.RabbitTemplate      : Executing callback RabbitAdmin$$Lambda/0x0000000025ad2660 on RabbitMQ Channel: Cached Rabbit Channel: AMQChannel(amqp://guest@127.0.0.1:5672/,1), conn: Proxy@1215aae8 Shared Rabbit Connection: SimpleConnection@6b18bdf7 [delegate=amqp://guest@127.0.0.1:5672/, localPort=56951]
2025-12-12T19:42:49.866+07:00 DEBUG 17212 --- [order-service] [main] [                                                 ] o.s.amqp.rabbit.core.RabbitAdmin         : declaring Exchange 'order.exchange'
2025-12-12T19:42:49.874+07:00 DEBUG 17212 --- [order-service] [main] [                                                 ] o.s.amqp.rabbit.core.RabbitAdmin         : declaring Queue 'order.queue'
2025-12-12T19:42:49.884+07:00 DEBUG 17212 --- [order-service] [main] [                                                 ] o.s.amqp.rabbit.core.RabbitAdmin         : Binding destination [order.queue (QUEUE)] to exchange [order.exchange] with routing key [order.tracking]
2025-12-12T19:42:49.895+07:00 DEBUG 17212 --- [order-service] [main] [                                                 ] o.s.amqp.rabbit.core.RabbitAdmin         : Declarations finished
2025-12-12T19:42:49.895+07:00 DEBUG 17212 --- [order-service] [main] [                                                 ] o.s.amqp.rabbit.core.RabbitAdmin         : Initializing declarations
2025-12-12T19:42:49.896+07:00 DEBUG 17212 --- [order-service] [main] [                                                 ] o.s.amqp.rabbit.core.RabbitAdmin         : Nothing to declare
2025-12-12T19:42:49.896+07:00 DEBUG 17212 --- [order-service] [main] [                                                 ] o.s.amqp.rabbit.core.RabbitAdmin         : Initializing declarations
2025-12-12T19:42:49.896+07:00 DEBUG 17212 --- [order-service] [main] [                                                 ] o.s.amqp.rabbit.core.RabbitAdmin         : Nothing to declare
2025-12-12T19:42:49.896+07:00 DEBUG 17212 --- [order-service] [main] [                                                 ] o.s.amqp.rabbit.core.RabbitTemplate      : Executing callback RabbitAdmin$$Lambda/0x0000000025ab9200 on RabbitMQ Channel: Cached Rabbit Channel: AMQChannel(amqp://guest@127.0.0.1:5672/,1), conn: Proxy@1215aae8 Shared Rabbit Connection: SimpleConnection@6b18bdf7 [delegate=amqp://guest@127.0.0.1:5672/, localPort=56951]
2025-12-12T19:42:49.897+07:00 DEBUG 17212 --- [order-service] [main] [                                                 ] o.s.amqp.rabbit.core.RabbitAdmin         : declaring Exchange 'springCloudBus'
2025-12-12T19:42:49.899+07:00 DEBUG 17212 --- [order-service] [main] [                                                 ] o.s.amqp.rabbit.core.RabbitTemplate      : Executing callback RabbitAdmin$$Lambda/0x0000000025ad5b40 on RabbitMQ Channel: Cached Rabbit Channel: AMQChannel(amqp://guest@127.0.0.1:5672/,1), conn: Proxy@1215aae8 Shared Rabbit Connection: SimpleConnection@6b18bdf7 [delegate=amqp://guest@127.0.0.1:5672/, localPort=56951]
2025-12-12T19:42:49.900+07:00 DEBUG 17212 --- [order-service] [main] [                                                 ] o.s.amqp.rabbit.core.RabbitAdmin         : declaring Queue 'springCloudBus.anonymous.9olUpzeKSl2c8s-JXSGfmQ'
2025-12-12T19:42:49.919+07:00 DEBUG 17212 --- [order-service] [main] [                                                 ] o.s.amqp.rabbit.core.RabbitTemplate      : Executing callback RabbitAdmin$$Lambda/0x0000000025ad5d70 on RabbitMQ Channel: Cached Rabbit Channel: AMQChannel(amqp://guest@127.0.0.1:5672/,1), conn: Proxy@1215aae8 Shared Rabbit Connection: SimpleConnection@6b18bdf7 [delegate=amqp://guest@127.0.0.1:5672/, localPort=56951]
2025-12-12T19:42:49.920+07:00 DEBUG 17212 --- [order-service] [main] [                                                 ] o.s.amqp.rabbit.core.RabbitAdmin         : Binding destination [springCloudBus.anonymous.9olUpzeKSl2c8s-JXSGfmQ (QUEUE)] to exchange [springCloudBus] with routing key [#]
2025-12-12T19:42:49.930+07:00 DEBUG 17212 --- [order-service] [main] [                                                 ] o.s.a.r.l.SimpleMessageListenerContainer : Changing consumers from 1 to 1
2025-12-12T19:42:49.932+07:00 DEBUG 17212 --- [order-service] [main] [                                                 ] o.s.a.r.l.SimpleMessageListenerContainer : No global properties bean
2025-12-12T19:42:49.938+07:00  INFO 17212 --- [order-service] [main] [                                                 ] o.s.c.stream.binder.BinderErrorChannel   : Channel 'rabbit-1612412820.springCloudBusInput.errors' has 1 subscriber(s).
2025-12-12T19:42:49.939+07:00  INFO 17212 --- [order-service] [main] [                                                 ] o.s.c.stream.binder.BinderErrorChannel   : Channel 'rabbit-1612412820.springCloudBusInput.errors' has 2 subscriber(s).
2025-12-12T19:42:49.940+07:00 DEBUG 17212 --- [order-service] [main] [                                                 ] o.s.a.r.l.SimpleMessageListenerContainer : Starting Rabbit listener container.
2025-12-12T19:42:49.949+07:00 DEBUG 17212 --- [order-service] [springCloudBus.anonymous.9olUpzeKSl2c8s-JXSGfmQ-1] [                                                 ] o.s.a.r.listener.BlockingQueueConsumer   : Starting consumer Consumer@3b349ea9: tags=[[]], channel=null, acknowledgeMode=AUTO local queue size=0
2025-12-12T19:42:49.961+07:00 DEBUG 17212 --- [order-service] [springCloudBus.anonymous.9olUpzeKSl2c8s-JXSGfmQ-1] [                                                 ] o.s.a.r.listener.BlockingQueueConsumer   : Started on queue 'springCloudBus.anonymous.9olUpzeKSl2c8s-JXSGfmQ' with tag amq.ctag-g5Gi4SGoQzs8r9f_GTav6Q: Consumer@3b349ea9: tags=[[]], channel=Cached Rabbit Channel: AMQChannel(amqp://guest@127.0.0.1:5672/,1), conn: Proxy@1215aae8 Shared Rabbit Connection: SimpleConnection@6b18bdf7 [delegate=amqp://guest@127.0.0.1:5672/, localPort=56951], acknowledgeMode=AUTO local queue size=0
2025-12-12T19:42:49.961+07:00 DEBUG 17212 --- [order-service] [pool-4-thread-3] [                                                 ] o.s.a.r.listener.BlockingQueueConsumer   : ConsumeOK: Consumer@3b349ea9: tags=[[amq.ctag-g5Gi4SGoQzs8r9f_GTav6Q]], channel=Cached Rabbit Channel: AMQChannel(amqp://guest@127.0.0.1:5672/,1), conn: Proxy@1215aae8 Shared Rabbit Connection: SimpleConnection@6b18bdf7 [delegate=amqp://guest@127.0.0.1:5672/, localPort=56951], acknowledgeMode=AUTO local queue size=0
2025-12-12T19:42:49.961+07:00  INFO 17212 --- [order-service] [main] [                                                 ] o.s.i.a.i.AmqpInboundChannelAdapter      : started bean 'inbound.springCloudBus.anonymous.9olUpzeKSl2c8s-JXSGfmQ'
2025-12-12T19:42:49.973+07:00  INFO 17212 --- [order-service] [main] [                                                 ] o.s.b.w.embedded.tomcat.TomcatWebServer  : Tomcat started on port 8083 (http) with context path '/'
2025-12-12T19:42:49.974+07:00  INFO 17212 --- [order-service] [main] [                                                 ] .s.c.n.e.s.EurekaAutoServiceRegistration : Updating port to 8083
2025-12-12T19:42:50.221+07:00  INFO 17212 --- [order-service] [http-nio-8083-exec-3] [                                                 ] o.a.c.c.C.[Tomcat].[localhost].[/]       : Initializing Spring DispatcherServlet 'dispatcherServlet'
2025-12-12T19:42:50.221+07:00  INFO 17212 --- [order-service] [http-nio-8083-exec-3] [                                                 ] o.s.web.servlet.DispatcherServlet        : Initializing Servlet 'dispatcherServlet'
2025-12-12T19:42:50.223+07:00  INFO 17212 --- [order-service] [http-nio-8083-exec-3] [                                                 ] o.s.web.servlet.DispatcherServlet        : Completed initialization in 2 ms
2025-12-12T19:42:50.981+07:00  INFO 17212 --- [order-service] [main] [                                                 ] o.s.cloud.commons.util.InetUtils         : Cannot determine local hostname
2025-12-12T19:42:51.989+07:00  INFO 17212 --- [order-service] [main] [                                                 ] o.s.cloud.commons.util.InetUtils         : Cannot determine local hostname
2025-12-12T19:42:52.020+07:00  INFO 17212 --- [order-service] [main] [                                                 ] com.ecommerce.order.OrderApplication     : Started OrderApplication in 16.895 seconds (process running for 17.96)
2025-12-12T19:47:49.406+07:00  INFO 17212 --- [order-service] [AsyncResolver-bootstrap-executor-%d] [                                                 ] c.n.d.s.r.aws.ConfigClusterResolver      : Resolving eureka endpoints via configuration
2025-12-12T19:52:49.435+07:00  INFO 17212 --- [order-service] [AsyncResolver-bootstrap-executor-%d] [                                                 ] c.n.d.s.r.aws.ConfigClusterResolver      : Resolving eureka endpoints via configuration
2025-12-12T19:57:49.463+07:00  INFO 17212 --- [order-service] [AsyncResolver-bootstrap-executor-%d] [                                                 ] c.n.d.s.r.aws.ConfigClusterResolver      : Resolving eureka endpoints via configuration
2025-12-12T19:59:14.713+07:00 DEBUG 17212 --- [order-service] [http-nio-8083-exec-2] [693c11a2ebc8249d836c0be7195d450b-836c0be7195d450b] o.s.a.r.c.CachingConnectionFactory       : Creating cached Rabbit Channel from AMQChannel(amqp://guest@127.0.0.1:5672/,2)
2025-12-12T19:59:14.745+07:00 DEBUG 17212 --- [order-service] [http-nio-8083-exec-2] [693c11a2ebc8249d836c0be7195d450b-836c0be7195d450b] o.s.amqp.rabbit.core.RabbitTemplate      : Executing callback RabbitHealthIndicator$$Lambda/0x0000000025b9dd88 on RabbitMQ Channel: Cached Rabbit Channel: AMQChannel(amqp://guest@127.0.0.1:5672/,2), conn: Proxy@1215aae8 Shared Rabbit Connection: SimpleConnection@6b18bdf7 [delegate=amqp://guest@127.0.0.1:5672/, localPort=56951]
2025-12-12T19:59:14.756+07:00 DEBUG 17212 --- [order-service] [http-nio-8083-exec-2] [693c11a2ebc8249d836c0be7195d450b-836c0be7195d450b] o.s.amqp.rabbit.core.RabbitTemplate      : Executing callback RabbitHealthIndicator$$Lambda/0x0000000025b9dd88 on RabbitMQ Channel: Cached Rabbit Channel: AMQChannel(amqp://guest@127.0.0.1:5672/,2), conn: Proxy@1215aae8 Shared Rabbit Connection: SimpleConnection@6b18bdf7 [delegate=amqp://guest@127.0.0.1:5672/, localPort=56951]
2025-12-12T20:02:49.502+07:00  INFO 17212 --- [order-service] [AsyncResolver-bootstrap-executor-%d] [                                                 ] c.n.d.s.r.aws.ConfigClusterResolver      : Resolving eureka endpoints via configuration
2025-12-12T20:05:15.898+07:00  WARN 17212 --- [order-service] [http-nio-8083-exec-3] [693c1306611d943a87f46c0a5be67c3a-7777ae31f1bb8478] o.s.c.l.core.RoundRobinLoadBalancer      : No servers available for service: user-service
2025-12-12T20:05:21.015+07:00  WARN 17212 --- [order-service] [http-nio-8083-exec-3] [693c1306611d943a87f46c0a5be67c3a-7777ae31f1bb8478] o.s.c.l.core.RoundRobinLoadBalancer      : No servers available for service: user-service
2025-12-12T20:07:49.550+07:00  INFO 17212 --- [order-service] [AsyncResolver-bootstrap-executor-%d] [                                                 ] c.n.d.s.r.aws.ConfigClusterResolver      : Resolving eureka endpoints via configuration
2025-12-12T20:12:49.603+07:00  INFO 17212 --- [order-service] [AsyncResolver-bootstrap-executor-%d] [                                                 ] c.n.d.s.r.aws.ConfigClusterResolver      : Resolving eureka endpoints via configuration
2025-12-12T20:17:49.664+07:00  INFO 17212 --- [order-service] [AsyncResolver-bootstrap-executor-%d] [                                                 ] c.n.d.s.r.aws.ConfigClusterResolver      : Resolving eureka endpoints via configuration
2025-12-12T20:22:49.719+07:00  INFO 17212 --- [order-service] [AsyncResolver-bootstrap-executor-%d] [                                                 ] c.n.d.s.r.aws.ConfigClusterResolver      : Resolving eureka endpoints via configuration
2025-12-12T20:27:49.771+07:00  INFO 17212 --- [order-service] [AsyncResolver-bootstrap-executor-%d] [                                                 ] c.n.d.s.r.aws.ConfigClusterResolver      : Resolving eureka endpoints via configuration
2025-12-12T20:32:49.897+07:00  INFO 17212 --- [order-service] [AsyncResolver-bootstrap-executor-%d] [                                                 ] c.n.d.s.r.aws.ConfigClusterResolver      : Resolving eureka endpoints via configuration
2025-12-12T20:37:49.965+07:00  INFO 17212 --- [order-service] [AsyncResolver-bootstrap-executor-%d] [                                                 ] c.n.d.s.r.aws.ConfigClusterResolver      : Resolving eureka endpoints via configuration
2025-12-12T20:42:50.018+07:00  INFO 17212 --- [order-service] [AsyncResolver-bootstrap-executor-%d] [                                                 ] c.n.d.s.r.aws.ConfigClusterResolver      : Resolving eureka endpoints via configuration
2025-12-12T20:44:09.451+07:00  WARN 17212 --- [order-service] [http-nio-8083-exec-16] [693c1c296ca22b316f0c5e964fe998a6-aca194c4de86a72d] .w.s.m.s.DefaultHandlerExceptionResolver : Resolved [org.springframework.web.HttpRequestMethodNotSupportedException: Request method 'GET' is not supported]
2025-12-12T20:47:50.069+07:00  INFO 17212 --- [order-service] [AsyncResolver-bootstrap-executor-%d] [                                                 ] c.n.d.s.r.aws.ConfigClusterResolver      : Resolving eureka endpoints via configuration
2025-12-12T20:52:05.380+07:00  INFO 17212 --- [order-service] [SpringApplicationShutdownHook] [                                                 ] o.s.c.n.e.s.EurekaServiceRegistry        : Unregistering application ORDER-SERVICE with eureka with status DOWN
2025-12-12T20:52:05.435+07:00  INFO 17212 --- [order-service] [SpringApplicationShutdownHook] [                                                 ] com.netflix.discovery.DiscoveryClient    : Saw local status change event StatusChangeEvent [timestamp=1765547525434, current=DOWN, previous=UP]
2025-12-12T20:52:05.440+07:00  INFO 17212 --- [order-service] [DiscoveryClient-InstanceInfoReplicator-%d] [                                                 ] com.netflix.discovery.DiscoveryClient    : DiscoveryClient_ORDER-SERVICE/localhost:order-service:8083: registering service...
2025-12-12T20:52:05.819+07:00  INFO 17212 --- [order-service] [SpringApplicationShutdownHook] [                                                 ] o.s.b.w.e.tomcat.GracefulShutdown        : Commencing graceful shutdown. Waiting for active requests to complete
2025-12-12T20:52:05.915+07:00  INFO 17212 --- [order-service] [tomcat-shutdown] [                                                 ] o.s.b.w.e.tomcat.GracefulShutdown        : Graceful shutdown complete
2025-12-12T20:52:06.005+07:00 DEBUG 17212 --- [order-service] [SpringApplicationShutdownHook] [                                                 ] o.s.a.r.l.SimpleMessageListenerContainer : Shutting down Rabbit listener container
2025-12-12T20:52:06.003+07:00  INFO 17212 --- [order-service] [DiscoveryClient-InstanceInfoReplicator-%d] [                                                 ] c.n.d.s.t.d.RedirectingEurekaHttpClient  : Request execution error. endpoint=DefaultEndpoint{ serviceUrl='http://localhost:8761/eureka/} exception=I/O error on POST request for "http://localhost:8761/eureka/apps/ORDER-SERVICE": localhost:8761 failed to respond stacktrace=org.springframework.web.client.ResourceAccessException: I/O error on POST request for "http://localhost:8761/eureka/apps/ORDER-SERVICE": localhost:8761 failed to respond
	at org.springframework.web.client.RestTemplate.createResourceAccessException(RestTemplate.java:926)
	at org.springframework.web.client.RestTemplate.doExecute(RestTemplate.java:906)
	at org.springframework.web.client.RestTemplate.execute(RestTemplate.java:841)
	at org.springframework.web.client.RestTemplate.exchange(RestTemplate.java:702)
	at org.springframework.cloud.netflix.eureka.http.RestTemplateEurekaHttpClient.register(RestTemplateEurekaHttpClient.java:87)
	at com.netflix.discovery.shared.transport.decorator.EurekaHttpClientDecorator$1.execute(EurekaHttpClientDecorator.java:59)
	at com.netflix.discovery.shared.transport.decorator.RedirectingEurekaHttpClient.execute(RedirectingEurekaHttpClient.java:91)
	at com.netflix.discovery.shared.transport.decorator.EurekaHttpClientDecorator.register(EurekaHttpClientDecorator.java:56)
	at com.netflix.discovery.shared.transport.decorator.EurekaHttpClientDecorator$1.execute(EurekaHttpClientDecorator.java:59)
	at com.netflix.discovery.shared.transport.decorator.RetryableEurekaHttpClient.execute(RetryableEurekaHttpClient.java:120)
	at com.netflix.discovery.shared.transport.decorator.EurekaHttpClientDecorator.register(EurekaHttpClientDecorator.java:56)
	at com.netflix.discovery.shared.transport.decorator.EurekaHttpClientDecorator$1.execute(EurekaHttpClientDecorator.java:59)
	at com.netflix.discovery.shared.transport.decorator.SessionedEurekaHttpClient.execute(SessionedEurekaHttpClient.java:76)
	at com.netflix.discovery.shared.transport.decorator.EurekaHttpClientDecorator.register(EurekaHttpClientDecorator.java:56)
	at com.netflix.discovery.DiscoveryClient.register(DiscoveryClient.java:828)
	at com.netflix.discovery.InstanceInfoReplicator.run(InstanceInfoReplicator.java:125)
	at com.netflix.discovery.InstanceInfoReplicator$2.run(InstanceInfoReplicator.java:105)
	at java.base/java.util.concurrent.Executors$RunnableAdapter.call(Executors.java:545)
	at java.base/java.util.concurrent.FutureTask.run(FutureTask.java:328)
	at java.base/java.util.concurrent.ScheduledThreadPoolExecutor$ScheduledFutureTask.run(ScheduledThreadPoolExecutor.java:309)
	at java.base/java.util.concurrent.ThreadPoolExecutor.runWorker(ThreadPoolExecutor.java:1090)
	at java.base/java.util.concurrent.ThreadPoolExecutor$Worker.run(ThreadPoolExecutor.java:614)
	at java.base/java.lang.Thread.run(Thread.java:1474)
Caused by: org.apache.hc.core5.http.NoHttpResponseException: localhost:8761 failed to respond
	at org.apache.hc.core5.http.impl.io.DefaultBHttpClientConnection.receiveResponseHeader(DefaultBHttpClientConnection.java:333)
	at org.apache.hc.core5.http.impl.io.HttpRequestExecutor.execute(HttpRequestExecutor.java:196)
	at org.apache.hc.client5.http.impl.classic.InternalExecRuntime.lambda$execute$0(InternalExecRuntime.java:236)
	at org.apache.hc.client5.http.impl.io.PoolingHttpClientConnectionManager$InternalConnectionEndpoint.execute(PoolingHttpClientConnectionManager.java:791)
	at org.apache.hc.client5.http.impl.classic.InternalExecRuntime.execute(InternalExecRuntime.java:233)
	at org.apache.hc.client5.http.impl.classic.MainClientExec.execute(MainClientExec.java:120)
	at org.apache.hc.client5.http.impl.classic.ExecChainElement.execute(ExecChainElement.java:51)
	at org.apache.hc.client5.http.impl.classic.ConnectExec.execute(ConnectExec.java:200)
	at org.apache.hc.client5.http.impl.classic.ExecChainElement.execute(ExecChainElement.java:51)
	at org.apache.hc.client5.http.impl.classic.ProtocolExec.execute(ProtocolExec.java:195)
	at org.apache.hc.client5.http.impl.classic.ExecChainElement.execute(ExecChainElement.java:51)
	at org.apache.hc.client5.http.impl.classic.ContentCompressionExec.execute(ContentCompressionExec.java:150)
	at org.apache.hc.client5.http.impl.classic.ExecChainElement.execute(ExecChainElement.java:51)
	at org.apache.hc.client5.http.impl.classic.HttpRequestRetryExec.execute(HttpRequestRetryExec.java:113)
	at org.apache.hc.client5.http.impl.classic.ExecChainElement.execute(ExecChainElement.java:51)
	at org.apache.hc.client5.http.impl.classic.RedirectExec.execute(RedirectExec.java:110)
	at org.apache.hc.client5.http.impl.classic.ExecChainElement.execute(ExecChainElement.java:51)
	at org.apache.hc.client5.http.impl.classic.InternalHttpClient.doExecute(InternalHttpClient.java:185)
	at org.apache.hc.client5.http.impl.classic.CloseableHttpClient.execute(CloseableHttpClient.java:87)
	at org.apache.hc.client5.http.impl.classic.CloseableHttpClient.execute(CloseableHttpClient.java:55)
	at org.apache.hc.client5.http.classic.HttpClient.executeOpen(HttpClient.java:183)
	at org.springframework.http.client.HttpComponentsClientHttpRequest.executeInternal(HttpComponentsClientHttpRequest.java:99)
	at org.springframework.http.client.AbstractStreamingClientHttpRequest.executeInternal(AbstractStreamingClientHttpRequest.java:71)
	at org.springframework.http.client.AbstractClientHttpRequest.execute(AbstractClientHttpRequest.java:81)
	at org.springframework.http.client.InterceptingClientHttpRequest$InterceptingRequestExecution.execute(InterceptingClientHttpRequest.java:117)
	at org.springframework.cloud.netflix.eureka.http.RestTemplateTransportClientFactory.lambda$restTemplate$2(RestTemplateTransportClientFactory.java:145)
	at org.springframework.http.client.InterceptingClientHttpRequest$InterceptingRequestExecution.execute(InterceptingClientHttpRequest.java:88)
	at org.springframework.http.client.InterceptingClientHttpRequest.executeInternal(InterceptingClientHttpRequest.java:72)
	at org.springframework.http.client.AbstractBufferingClientHttpRequest.executeInternal(AbstractBufferingClientHttpRequest.java:48)
	at org.springframework.http.client.AbstractClientHttpRequest.execute(AbstractClientHttpRequest.java:81)
	at org.springframework.web.client.RestTemplate.doExecute(RestTemplate.java:900)
	... 21 more

2025-12-12T20:52:06.008+07:00  WARN 17212 --- [order-service] [DiscoveryClient-InstanceInfoReplicator-%d] [                                                 ] c.n.d.s.t.d.RetryableEurekaHttpClient    : Request execution failed with message: I/O error on POST request for "http://localhost:8761/eureka/apps/ORDER-SERVICE": localhost:8761 failed to respond
2025-12-12T20:52:06.076+07:00 DEBUG 17212 --- [order-service] [pool-4-thread-4] [                                                 ] o.s.a.r.listener.BlockingQueueConsumer   : Received cancelOk for tag amq.ctag-g5Gi4SGoQzs8r9f_GTav6Q (springCloudBus.anonymous.9olUpzeKSl2c8s-JXSGfmQ); Consumer@3b349ea9: tags=[[amq.ctag-g5Gi4SGoQzs8r9f_GTav6Q]], channel=Cached Rabbit Channel: AMQChannel(amqp://guest@127.0.0.1:5672/,1), conn: Proxy@1215aae8 Shared Rabbit Connection: SimpleConnection@6b18bdf7 [delegate=amqp://guest@127.0.0.1:5672/, localPort=56951], acknowledgeMode=AUTO local queue size=0
2025-12-12T20:52:06.077+07:00  INFO 17212 --- [order-service] [SpringApplicationShutdownHook] [                                                 ] o.s.a.r.l.SimpleMessageListenerContainer : Waiting for workers to finish.
2025-12-12T20:52:06.281+07:00  INFO 17212 --- [order-service] [DiscoveryClient-InstanceInfoReplicator-%d] [                                                 ] c.n.d.s.t.d.RedirectingEurekaHttpClient  : Request execution error. endpoint=DefaultEndpoint{ serviceUrl='http://localhost:8761/eureka/}, exception=I/O error on POST request for "http://localhost:8761/eureka/apps/ORDER-SERVICE": Connect to http://localhost:8761 failed: Connection refused: getsockopt stacktrace=org.springframework.web.client.ResourceAccessException: I/O error on POST request for "http://localhost:8761/eureka/apps/ORDER-SERVICE": Connect to http://localhost:8761 failed: Connection refused: getsockopt
	at org.springframework.web.client.RestTemplate.createResourceAccessException(RestTemplate.java:926)
	at org.springframework.web.client.RestTemplate.doExecute(RestTemplate.java:906)
	at org.springframework.web.client.RestTemplate.execute(RestTemplate.java:841)
	at org.springframework.web.client.RestTemplate.exchange(RestTemplate.java:702)
	at org.springframework.cloud.netflix.eureka.http.RestTemplateEurekaHttpClient.register(RestTemplateEurekaHttpClient.java:87)
	at com.netflix.discovery.shared.transport.decorator.EurekaHttpClientDecorator$1.execute(EurekaHttpClientDecorator.java:59)
	at com.netflix.discovery.shared.transport.decorator.RedirectingEurekaHttpClient.executeOnNewServer(RedirectingEurekaHttpClient.java:121)
	at com.netflix.discovery.shared.transport.decorator.RedirectingEurekaHttpClient.execute(RedirectingEurekaHttpClient.java:80)
	at com.netflix.discovery.shared.transport.decorator.EurekaHttpClientDecorator.register(EurekaHttpClientDecorator.java:56)
	at com.netflix.discovery.shared.transport.decorator.EurekaHttpClientDecorator$1.execute(EurekaHttpClientDecorator.java:59)
	at com.netflix.discovery.shared.transport.decorator.RetryableEurekaHttpClient.execute(RetryableEurekaHttpClient.java:120)
	at com.netflix.discovery.shared.transport.decorator.EurekaHttpClientDecorator.register(EurekaHttpClientDecorator.java:56)
	at com.netflix.discovery.shared.transport.decorator.EurekaHttpClientDecorator$1.execute(EurekaHttpClientDecorator.java:59)
	at com.netflix.discovery.shared.transport.decorator.SessionedEurekaHttpClient.execute(SessionedEurekaHttpClient.java:76)
	at com.netflix.discovery.shared.transport.decorator.EurekaHttpClientDecorator.register(EurekaHttpClientDecorator.java:56)
	at com.netflix.discovery.DiscoveryClient.register(DiscoveryClient.java:828)
	at com.netflix.discovery.InstanceInfoReplicator.run(InstanceInfoReplicator.java:125)
	at com.netflix.discovery.InstanceInfoReplicator$2.run(InstanceInfoReplicator.java:105)
	at java.base/java.util.concurrent.Executors$RunnableAdapter.call(Executors.java:545)
	at java.base/java.util.concurrent.FutureTask.run(FutureTask.java:328)
	at java.base/java.util.concurrent.ScheduledThreadPoolExecutor$ScheduledFutureTask.run(ScheduledThreadPoolExecutor.java:309)
	at java.base/java.util.concurrent.ThreadPoolExecutor.runWorker(ThreadPoolExecutor.java:1090)
	at java.base/java.util.concurrent.ThreadPoolExecutor$Worker.run(ThreadPoolExecutor.java:614)
	at java.base/java.lang.Thread.run(Thread.java:1474)
Caused by: org.apache.hc.client5.http.HttpHostConnectException: Connect to http://localhost:8761 failed: Connection refused: getsockopt
	at java.base/sun.nio.ch.Net.pollConnect(Native Method)
	at java.base/sun.nio.ch.Net.pollConnectNow(Net.java:639)
	at java.base/sun.nio.ch.NioSocketImpl.timedFinishConnect(NioSocketImpl.java:543)
	at java.base/sun.nio.ch.NioSocketImpl.connect(NioSocketImpl.java:594)
	at java.base/java.net.SocksSocketImpl.connect(SocksSocketImpl.java:284)
	at java.base/java.net.Socket.connect(Socket.java:659)
	at org.apache.hc.client5.http.impl.io.DefaultHttpClientConnectionOperator.connect(DefaultHttpClientConnectionOperator.java:205)
	at org.apache.hc.client5.http.impl.io.PoolingHttpClientConnectionManager.connect(PoolingHttpClientConnectionManager.java:490)
	at org.apache.hc.client5.http.impl.classic.InternalExecRuntime.connectEndpoint(InternalExecRuntime.java:164)
	at org.apache.hc.client5.http.impl.classic.InternalExecRuntime.connectEndpoint(InternalExecRuntime.java:174)
	at org.apache.hc.client5.http.impl.classic.ConnectExec.execute(ConnectExec.java:144)
	at org.apache.hc.client5.http.impl.classic.ExecChainElement.execute(ExecChainElement.java:51)
	at org.apache.hc.client5.http.impl.classic.ProtocolExec.execute(ProtocolExec.java:195)
	at org.apache.hc.client5.http.impl.classic.ExecChainElement.execute(ExecChainElement.java:51)
	at org.apache.hc.client5.http.impl.classic.ContentCompressionExec.execute(ContentCompressionExec.java:150)
	at org.apache.hc.client5.http.impl.classic.ExecChainElement.execute(ExecChainElement.java:51)
	at org.apache.hc.client5.http.impl.classic.HttpRequestRetryExec.execute(HttpRequestRetryExec.java:113)
	at org.apache.hc.client5.http.impl.classic.ExecChainElement.execute(ExecChainElement.java:51)
	at org.apache.hc.client5.http.impl.classic.RedirectExec.execute(RedirectExec.java:110)
	at org.apache.hc.client5.http.impl.classic.ExecChainElement.execute(ExecChainElement.java:51)
	at org.apache.hc.client5.http.impl.classic.InternalHttpClient.doExecute(InternalHttpClient.java:185)
	at org.apache.hc.client5.http.impl.classic.CloseableHttpClient.execute(CloseableHttpClient.java:87)
	at org.apache.hc.client5.http.impl.classic.CloseableHttpClient.execute(CloseableHttpClient.java:55)
	at org.apache.hc.client5.http.classic.HttpClient.executeOpen(HttpClient.java:183)
	at org.springframework.http.client.HttpComponentsClientHttpRequest.executeInternal(HttpComponentsClientHttpRequest.java:99)
	at org.springframework.http.client.AbstractStreamingClientHttpRequest.executeInternal(AbstractStreamingClientHttpRequest.java:71)
	at org.springframework.http.client.AbstractClientHttpRequest.execute(AbstractClientHttpRequest.java:81)
	at org.springframework.http.client.InterceptingClientHttpRequest$InterceptingRequestExecution.execute(InterceptingClientHttpRequest.java:117)
	at org.springframework.cloud.netflix.eureka.http.RestTemplateTransportClientFactory.lambda$restTemplate$2(RestTemplateTransportClientFactory.java:145)
	at org.springframework.http.client.InterceptingClientHttpRequest$InterceptingRequestExecution.execute(InterceptingClientHttpRequest.java:88)
	at org.springframework.http.client.InterceptingClientHttpRequest.executeInternal(InterceptingClientHttpRequest.java:72)
	at org.springframework.http.client.AbstractBufferingClientHttpRequest.executeInternal(AbstractBufferingClientHttpRequest.java:48)
	at org.springframework.http.client.AbstractClientHttpRequest.execute(AbstractClientHttpRequest.java:81)
	at org.springframework.web.client.RestTemplate.doExecute(RestTemplate.java:900)
	... 22 more

2025-12-12T20:52:06.282+07:00  WARN 17212 --- [order-service] [DiscoveryClient-InstanceInfoReplicator-%d] [                                                 ] c.n.d.s.t.d.RetryableEurekaHttpClient    : Request execution failed with message: I/O error on POST request for "http://localhost:8761/eureka/apps/ORDER-SERVICE": Connect to http://localhost:8761 failed: Connection refused: getsockopt
2025-12-12T20:52:06.283+07:00  WARN 17212 --- [order-service] [DiscoveryClient-InstanceInfoReplicator-%d] [                                                 ] com.netflix.discovery.DiscoveryClient    : DiscoveryClient_ORDER-SERVICE/localhost:order-service:8083 - registration failed Cannot execute request on any known server

com.netflix.discovery.shared.transport.TransportException: Cannot execute request on any known server
	at com.netflix.discovery.shared.transport.decorator.RetryableEurekaHttpClient.execute(RetryableEurekaHttpClient.java:112) ~[eureka-client-2.0.4.jar:2.0.4]
	at com.netflix.discovery.shared.transport.decorator.EurekaHttpClientDecorator.register(EurekaHttpClientDecorator.java:56) ~[eureka-client-2.0.4.jar:2.0.4]
	at com.netflix.discovery.shared.transport.decorator.EurekaHttpClientDecorator$1.execute(EurekaHttpClientDecorator.java:59) ~[eureka-client-2.0.4.jar:2.0.4]
	at com.netflix.discovery.shared.transport.decorator.SessionedEurekaHttpClient.execute(SessionedEurekaHttpClient.java:76) ~[eureka-client-2.0.4.jar:2.0.4]
	at com.netflix.discovery.shared.transport.decorator.EurekaHttpClientDecorator.register(EurekaHttpClientDecorator.java:56) ~[eureka-client-2.0.4.jar:2.0.4]
	at com.netflix.discovery.DiscoveryClient.register(DiscoveryClient.java:828) ~[eureka-client-2.0.4.jar:2.0.4]
	at com.netflix.discovery.InstanceInfoReplicator.run(InstanceInfoReplicator.java:125) ~[eureka-client-2.0.4.jar:2.0.4]
	at com.netflix.discovery.InstanceInfoReplicator$2.run(InstanceInfoReplicator.java:105) ~[eureka-client-2.0.4.jar:2.0.4]
	at java.base/java.util.concurrent.Executors$RunnableAdapter.call(Executors.java:545) ~[na:na]
	at java.base/java.util.concurrent.FutureTask.run(FutureTask.java:328) ~[na:na]
	at java.base/java.util.concurrent.ScheduledThreadPoolExecutor$ScheduledFutureTask.run(ScheduledThreadPoolExecutor.java:309) ~[na:na]
	at java.base/java.util.concurrent.ThreadPoolExecutor.runWorker(ThreadPoolExecutor.java:1090) ~[na:na]
	at java.base/java.util.concurrent.ThreadPoolExecutor$Worker.run(ThreadPoolExecutor.java:614) ~[na:na]
	at java.base/java.lang.Thread.run(Thread.java:1474) ~[na:na]

2025-12-12T20:52:06.374+07:00  WARN 17212 --- [order-service] [DiscoveryClient-InstanceInfoReplicator-%d] [                                                 ] c.n.discovery.InstanceInfoReplicator     : There was a problem with the instance info replicator

com.netflix.discovery.shared.transport.TransportException: Cannot execute request on any known server
	at com.netflix.discovery.shared.transport.decorator.RetryableEurekaHttpClient.execute(RetryableEurekaHttpClient.java:112) ~[eureka-client-2.0.4.jar:2.0.4]
	at com.netflix.discovery.shared.transport.decorator.EurekaHttpClientDecorator.register(EurekaHttpClientDecorator.java:56) ~[eureka-client-2.0.4.jar:2.0.4]
	at com.netflix.discovery.shared.transport.decorator.EurekaHttpClientDecorator$1.execute(EurekaHttpClientDecorator.java:59) ~[eureka-client-2.0.4.jar:2.0.4]
	at com.netflix.discovery.shared.transport.decorator.SessionedEurekaHttpClient.execute(SessionedEurekaHttpClient.java:76) ~[eureka-client-2.0.4.jar:2.0.4]
	at com.netflix.discovery.shared.transport.decorator.EurekaHttpClientDecorator.register(EurekaHttpClientDecorator.java:56) ~[eureka-client-2.0.4.jar:2.0.4]
	at com.netflix.discovery.DiscoveryClient.register(DiscoveryClient.java:828) ~[eureka-client-2.0.4.jar:2.0.4]
	at com.netflix.discovery.InstanceInfoReplicator.run(InstanceInfoReplicator.java:125) ~[eureka-client-2.0.4.jar:2.0.4]
	at com.netflix.discovery.InstanceInfoReplicator$2.run(InstanceInfoReplicator.java:105) ~[eureka-client-2.0.4.jar:2.0.4]
	at java.base/java.util.concurrent.Executors$RunnableAdapter.call(Executors.java:545) ~[na:na]
	at java.base/java.util.concurrent.FutureTask.run(FutureTask.java:328) ~[na:na]
	at java.base/java.util.concurrent.ScheduledThreadPoolExecutor$ScheduledFutureTask.run(ScheduledThreadPoolExecutor.java:309) ~[na:na]
	at java.base/java.util.concurrent.ThreadPoolExecutor.runWorker(ThreadPoolExecutor.java:1090) ~[na:na]
	at java.base/java.util.concurrent.ThreadPoolExecutor$Worker.run(ThreadPoolExecutor.java:614) ~[na:na]
	at java.base/java.lang.Thread.run(Thread.java:1474) ~[na:na]

2025-12-12T20:52:06.581+07:00  INFO 17212 --- [order-service] [DiscoveryClient-CacheRefreshExecutor-%d] [                                                 ] c.n.d.s.t.d.RedirectingEurekaHttpClient  : Request execution error. endpoint=DefaultEndpoint{ serviceUrl='http://localhost:8761/eureka/} exception=I/O error on GET request for "http://localhost:8761/eureka/apps/delta": Connect to http://localhost:8761 failed: Connection refused: getsockopt stacktrace=org.springframework.web.client.ResourceAccessException: I/O error on GET request for "http://localhost:8761/eureka/apps/delta": Connect to http://localhost:8761 failed: Connection refused: getsockopt
	at org.springframework.web.client.RestTemplate.createResourceAccessException(RestTemplate.java:926)
	at org.springframework.web.client.RestTemplate.doExecute(RestTemplate.java:906)
	at org.springframework.web.client.RestTemplate.execute(RestTemplate.java:841)
	at org.springframework.web.client.RestTemplate.exchange(RestTemplate.java:702)
	at org.springframework.cloud.netflix.eureka.http.RestTemplateEurekaHttpClient.getApplicationsInternal(RestTemplateEurekaHttpClient.java:174)
	at org.springframework.cloud.netflix.eureka.http.RestTemplateEurekaHttpClient.getDelta(RestTemplateEurekaHttpClient.java:186)
	at com.netflix.discovery.shared.transport.decorator.EurekaHttpClientDecorator$7.execute(EurekaHttpClientDecorator.java:152)
	at com.netflix.discovery.shared.transport.decorator.RedirectingEurekaHttpClient.execute(RedirectingEurekaHttpClient.java:91)
	at com.netflix.discovery.shared.transport.decorator.EurekaHttpClientDecorator.getDelta(EurekaHttpClientDecorator.java:149)
	at com.netflix.discovery.shared.transport.decorator.EurekaHttpClientDecorator$7.execute(EurekaHttpClientDecorator.java:152)
	at com.netflix.discovery.shared.transport.decorator.RetryableEurekaHttpClient.execute(RetryableEurekaHttpClient.java:120)
	at com.netflix.discovery.shared.transport.decorator.EurekaHttpClientDecorator.getDelta(EurekaHttpClientDecorator.java:149)
	at com.netflix.discovery.shared.transport.decorator.EurekaHttpClientDecorator$7.execute(EurekaHttpClientDecorator.java:152)
	at com.netflix.discovery.shared.transport.decorator.SessionedEurekaHttpClient.execute(SessionedEurekaHttpClient.java:76)
	at com.netflix.discovery.shared.transport.decorator.EurekaHttpClientDecorator.getDelta(EurekaHttpClientDecorator.java:149)
	at com.netflix.discovery.DiscoveryClient.getAndUpdateDelta(DiscoveryClient.java:1080)
	at com.netflix.discovery.DiscoveryClient.fetchRegistry(DiscoveryClient.java:963)
	at com.netflix.discovery.DiscoveryClient.refreshRegistry(DiscoveryClient.java:1473)
	at com.netflix.discovery.DiscoveryClient$CacheRefreshThread.run(DiscoveryClient.java:1441)
	at java.base/java.util.concurrent.Executors$RunnableAdapter.call(Executors.java:545)
	at java.base/java.util.concurrent.FutureTask.run(FutureTask.java:328)
	at java.base/java.util.concurrent.ThreadPoolExecutor.runWorker(ThreadPoolExecutor.java:1090)
	at java.base/java.util.concurrent.ThreadPoolExecutor$Worker.run(ThreadPoolExecutor.java:614)
	at java.base/java.lang.Thread.run(Thread.java:1474)
Caused by: org.apache.hc.client5.http.HttpHostConnectException: Connect to http://localhost:8761 failed: Connection refused: getsockopt
	at java.base/sun.nio.ch.Net.pollConnect(Native Method)
	at java.base/sun.nio.ch.Net.pollConnectNow(Net.java:639)
	at java.base/sun.nio.ch.NioSocketImpl.timedFinishConnect(NioSocketImpl.java:543)
	at java.base/sun.nio.ch.NioSocketImpl.connect(NioSocketImpl.java:594)
	at java.base/java.net.SocksSocketImpl.connect(SocksSocketImpl.java:284)
	at java.base/java.net.Socket.connect(Socket.java:659)
	at org.apache.hc.client5.http.impl.io.DefaultHttpClientConnectionOperator.connect(DefaultHttpClientConnectionOperator.java:205)
	at org.apache.hc.client5.http.impl.io.PoolingHttpClientConnectionManager.connect(PoolingHttpClientConnectionManager.java:490)
	at org.apache.hc.client5.http.impl.classic.InternalExecRuntime.connectEndpoint(InternalExecRuntime.java:164)
	at org.apache.hc.client5.http.impl.classic.InternalExecRuntime.connectEndpoint(InternalExecRuntime.java:174)
	at org.apache.hc.client5.http.impl.classic.ConnectExec.execute(ConnectExec.java:144)
	at org.apache.hc.client5.http.impl.classic.ExecChainElement.execute(ExecChainElement.java:51)
	at org.apache.hc.client5.http.impl.classic.ProtocolExec.execute(ProtocolExec.java:195)
	at org.apache.hc.client5.http.impl.classic.ExecChainElement.execute(ExecChainElement.java:51)
	at org.apache.hc.client5.http.impl.classic.ContentCompressionExec.execute(ContentCompressionExec.java:150)
	at org.apache.hc.client5.http.impl.classic.ExecChainElement.execute(ExecChainElement.java:51)
	at org.apache.hc.client5.http.impl.classic.HttpRequestRetryExec.execute(HttpRequestRetryExec.java:113)
	at org.apache.hc.client5.http.impl.classic.ExecChainElement.execute(ExecChainElement.java:51)
	at org.apache.hc.client5.http.impl.classic.RedirectExec.execute(RedirectExec.java:110)
	at org.apache.hc.client5.http.impl.classic.ExecChainElement.execute(ExecChainElement.java:51)
	at org.apache.hc.client5.http.impl.classic.InternalHttpClient.doExecute(InternalHttpClient.java:185)
	at org.apache.hc.client5.http.impl.classic.CloseableHttpClient.execute(CloseableHttpClient.java:87)
	at org.apache.hc.client5.http.impl.classic.CloseableHttpClient.execute(CloseableHttpClient.java:55)
	at org.apache.hc.client5.http.classic.HttpClient.executeOpen(HttpClient.java:183)
	at org.springframework.http.client.HttpComponentsClientHttpRequest.executeInternal(HttpComponentsClientHttpRequest.java:99)
	at org.springframework.http.client.AbstractStreamingClientHttpRequest.executeInternal(AbstractStreamingClientHttpRequest.java:71)
	at org.springframework.http.client.AbstractClientHttpRequest.execute(AbstractClientHttpRequest.java:81)
	at org.springframework.http.client.InterceptingClientHttpRequest$InterceptingRequestExecution.execute(InterceptingClientHttpRequest.java:117)
	at org.springframework.cloud.netflix.eureka.http.RestTemplateTransportClientFactory.lambda$restTemplate$2(RestTemplateTransportClientFactory.java:145)
	at org.springframework.http.client.InterceptingClientHttpRequest$InterceptingRequestExecution.execute(InterceptingClientHttpRequest.java:88)
	at org.springframework.http.client.InterceptingClientHttpRequest.executeInternal(InterceptingClientHttpRequest.java:72)
	at org.springframework.http.client.AbstractBufferingClientHttpRequest.executeInternal(AbstractBufferingClientHttpRequest.java:48)
	at org.springframework.http.client.AbstractClientHttpRequest.execute(AbstractClientHttpRequest.java:81)
	at org.springframework.web.client.RestTemplate.doExecute(RestTemplate.java:900)
	... 22 more

2025-12-12T20:52:06.583+07:00  WARN 17212 --- [order-service] [DiscoveryClient-CacheRefreshExecutor-%d] [                                                 ] c.n.d.s.t.d.RetryableEurekaHttpClient    : Request execution failed with message: I/O error on GET request for "http://localhost:8761/eureka/apps/delta": Connect to http://localhost:8761 failed: Connection refused: getsockopt
2025-12-12T20:52:06.599+07:00  INFO 17212 --- [order-service] [DiscoveryClient-HeartbeatExecutor-%d] [                                                 ] c.n.d.s.t.d.RedirectingEurekaHttpClient  : Request execution error. endpoint=DefaultEndpoint{ serviceUrl='http://localhost:8761/eureka/}, exception=I/O error on PUT request for "http://localhost:8761/eureka/apps/ORDER-SERVICE/localhost:order-service:8083": Connect to http://localhost:8761 failed: Connection refused: getsockopt stacktrace=org.springframework.web.client.ResourceAccessException: I/O error on PUT request for "http://localhost:8761/eureka/apps/ORDER-SERVICE/localhost:order-service:8083": Connect to http://localhost:8761 failed: Connection refused: getsockopt
	at org.springframework.web.client.RestTemplate.createResourceAccessException(RestTemplate.java:926)
	at org.springframework.web.client.RestTemplate.doExecute(RestTemplate.java:906)
	at org.springframework.web.client.RestTemplate.execute(RestTemplate.java:841)
	at org.springframework.web.client.RestTemplate.exchange(RestTemplate.java:702)
	at org.springframework.cloud.netflix.eureka.http.RestTemplateEurekaHttpClient.sendHeartBeat(RestTemplateEurekaHttpClient.java:119)
	at com.netflix.discovery.shared.transport.decorator.EurekaHttpClientDecorator$3.execute(EurekaHttpClientDecorator.java:92)
	at com.netflix.discovery.shared.transport.decorator.RedirectingEurekaHttpClient.executeOnNewServer(RedirectingEurekaHttpClient.java:121)
	at com.netflix.discovery.shared.transport.decorator.RedirectingEurekaHttpClient.execute(RedirectingEurekaHttpClient.java:80)
	at com.netflix.discovery.shared.transport.decorator.EurekaHttpClientDecorator.sendHeartBeat(EurekaHttpClientDecorator.java:89)
	at com.netflix.discovery.shared.transport.decorator.EurekaHttpClientDecorator$3.execute(EurekaHttpClientDecorator.java:92)
	at com.netflix.discovery.shared.transport.decorator.RetryableEurekaHttpClient.execute(RetryableEurekaHttpClient.java:120)
	at com.netflix.discovery.shared.transport.decorator.EurekaHttpClientDecorator.sendHeartBeat(EurekaHttpClientDecorator.java:89)
	at com.netflix.discovery.shared.transport.decorator.EurekaHttpClientDecorator$3.execute(EurekaHttpClientDecorator.java:92)
	at com.netflix.discovery.shared.transport.decorator.SessionedEurekaHttpClient.execute(SessionedEurekaHttpClient.java:76)
	at com.netflix.discovery.shared.transport.decorator.EurekaHttpClientDecorator.sendHeartBeat(EurekaHttpClientDecorator.java:89)
	at com.netflix.discovery.DiscoveryClient.renew(DiscoveryClient.java:845)
	at com.netflix.discovery.DiscoveryClient$HeartbeatThread.run(DiscoveryClient.java:1402)
	at java.base/java.util.concurrent.Executors$RunnableAdapter.call(Executors.java:545)
	at java.base/java.util.concurrent.FutureTask.run(FutureTask.java:328)
	at java.base/java.util.concurrent.ThreadPoolExecutor.runWorker(ThreadPoolExecutor.java:1090)
	at java.base/java.util.concurrent.ThreadPoolExecutor$Worker.run(ThreadPoolExecutor.java:614)
	at java.base/java.lang.Thread.run(Thread.java:1474)
Caused by: org.apache.hc.client5.http.HttpHostConnectException: Connect to http://localhost:8761 failed: Connection refused: getsockopt
	at java.base/sun.nio.ch.Net.pollConnect(Native Method)
	at java.base/sun.nio.ch.Net.pollConnectNow(Net.java:639)
	at java.base/sun.nio.ch.NioSocketImpl.timedFinishConnect(NioSocketImpl.java:543)
	at java.base/sun.nio.ch.NioSocketImpl.connect(NioSocketImpl.java:594)
	at java.base/java.net.SocksSocketImpl.connect(SocksSocketImpl.java:284)
	at java.base/java.net.Socket.connect(Socket.java:659)
	at org.apache.hc.client5.http.impl.io.DefaultHttpClientConnectionOperator.connect(DefaultHttpClientConnectionOperator.java:205)
	at org.apache.hc.client5.http.impl.io.PoolingHttpClientConnectionManager.connect(PoolingHttpClientConnectionManager.java:490)
	at org.apache.hc.client5.http.impl.classic.InternalExecRuntime.connectEndpoint(InternalExecRuntime.java:164)
	at org.apache.hc.client5.http.impl.classic.InternalExecRuntime.connectEndpoint(InternalExecRuntime.java:174)
	at org.apache.hc.client5.http.impl.classic.ConnectExec.execute(ConnectExec.java:144)
	at org.apache.hc.client5.http.impl.classic.ExecChainElement.execute(ExecChainElement.java:51)
	at org.apache.hc.client5.http.impl.classic.ProtocolExec.execute(ProtocolExec.java:195)
	at org.apache.hc.client5.http.impl.classic.ExecChainElement.execute(ExecChainElement.java:51)
	at org.apache.hc.client5.http.impl.classic.ContentCompressionExec.execute(ContentCompressionExec.java:150)
	at org.apache.hc.client5.http.impl.classic.ExecChainElement.execute(ExecChainElement.java:51)
	at org.apache.hc.client5.http.impl.classic.HttpRequestRetryExec.execute(HttpRequestRetryExec.java:113)
	at org.apache.hc.client5.http.impl.classic.ExecChainElement.execute(ExecChainElement.java:51)
	at org.apache.hc.client5.http.impl.classic.RedirectExec.execute(RedirectExec.java:110)
	at org.apache.hc.client5.http.impl.classic.ExecChainElement.execute(ExecChainElement.java:51)
	at org.apache.hc.client5.http.impl.classic.InternalHttpClient.doExecute(InternalHttpClient.java:185)
	at org.apache.hc.client5.http.impl.classic.CloseableHttpClient.execute(CloseableHttpClient.java:87)
	at org.apache.hc.client5.http.impl.classic.CloseableHttpClient.execute(CloseableHttpClient.java:55)
	at org.apache.hc.client5.http.classic.HttpClient.executeOpen(HttpClient.java:183)
	at org.springframework.http.client.HttpComponentsClientHttpRequest.executeInternal(HttpComponentsClientHttpRequest.java:99)
	at org.springframework.http.client.AbstractStreamingClientHttpRequest.executeInternal(AbstractStreamingClientHttpRequest.java:71)
	at org.springframework.http.client.AbstractClientHttpRequest.execute(AbstractClientHttpRequest.java:81)
	at org.springframework.http.client.InterceptingClientHttpRequest$InterceptingRequestExecution.execute(InterceptingClientHttpRequest.java:117)
	at org.springframework.cloud.netflix.eureka.http.RestTemplateTransportClientFactory.lambda$restTemplate$2(RestTemplateTransportClientFactory.java:145)
	at org.springframework.http.client.InterceptingClientHttpRequest$InterceptingRequestExecution.execute(InterceptingClientHttpRequest.java:88)
	at org.springframework.http.client.InterceptingClientHttpRequest.executeInternal(InterceptingClientHttpRequest.java:72)
	at org.springframework.http.client.AbstractBufferingClientHttpRequest.executeInternal(AbstractBufferingClientHttpRequest.java:48)
	at org.springframework.http.client.AbstractClientHttpRequest.execute(AbstractClientHttpRequest.java:81)
	at org.springframework.web.client.RestTemplate.doExecute(RestTemplate.java:900)
	... 20 more

2025-12-12T20:52:06.601+07:00  WARN 17212 --- [order-service] [DiscoveryClient-HeartbeatExecutor-%d] [                                                 ] c.n.d.s.t.d.RetryableEurekaHttpClient    : Request execution failed with message: I/O error on PUT request for "http://localhost:8761/eureka/apps/ORDER-SERVICE/localhost:order-service:8083": Connect to http://localhost:8761 failed: Connection refused: getsockopt
2025-12-12T20:52:06.602+07:00 ERROR 17212 --- [order-service] [DiscoveryClient-HeartbeatExecutor-%d] [                                                 ] com.netflix.discovery.DiscoveryClient    : DiscoveryClient_ORDER-SERVICE/localhost:order-service:8083 - was unable to send heartbeat!

com.netflix.discovery.shared.transport.TransportException: Cannot execute request on any known server
	at com.netflix.discovery.shared.transport.decorator.RetryableEurekaHttpClient.execute(RetryableEurekaHttpClient.java:112) ~[eureka-client-2.0.4.jar:2.0.4]
	at com.netflix.discovery.shared.transport.decorator.EurekaHttpClientDecorator.sendHeartBeat(EurekaHttpClientDecorator.java:89) ~[eureka-client-2.0.4.jar:2.0.4]
	at com.netflix.discovery.shared.transport.decorator.EurekaHttpClientDecorator$3.execute(EurekaHttpClientDecorator.java:92) ~[eureka-client-2.0.4.jar:2.0.4]
	at com.netflix.discovery.shared.transport.decorator.SessionedEurekaHttpClient.execute(SessionedEurekaHttpClient.java:76) ~[eureka-client-2.0.4.jar:2.0.4]
	at com.netflix.discovery.shared.transport.decorator.EurekaHttpClientDecorator.sendHeartBeat(EurekaHttpClientDecorator.java:89) ~[eureka-client-2.0.4.jar:2.0.4]
	at com.netflix.discovery.DiscoveryClient.renew(DiscoveryClient.java:845) ~[eureka-client-2.0.4.jar:2.0.4]
	at com.netflix.discovery.DiscoveryClient$HeartbeatThread.run(DiscoveryClient.java:1402) ~[eureka-client-2.0.4.jar:2.0.4]
	at java.base/java.util.concurrent.Executors$RunnableAdapter.call(Executors.java:545) ~[na:na]
	at java.base/java.util.concurrent.FutureTask.run(FutureTask.java:328) ~[na:na]
	at java.base/java.util.concurrent.ThreadPoolExecutor.runWorker(ThreadPoolExecutor.java:1090) ~[na:na]
	at java.base/java.util.concurrent.ThreadPoolExecutor$Worker.run(ThreadPoolExecutor.java:614) ~[na:na]
	at java.base/java.lang.Thread.run(Thread.java:1474) ~[na:na]

2025-12-12T20:52:06.614+07:00  INFO 17212 --- [order-service] [DiscoveryClient-CacheRefreshExecutor-%d] [                                                 ] c.n.d.s.t.d.RedirectingEurekaHttpClient  : Request execution error. endpoint=DefaultEndpoint{ serviceUrl='http://localhost:8761/eureka/}, exception=I/O error on GET request for "http://localhost:8761/eureka/apps/delta": Connect to http://localhost:8761 failed: Connection refused: getsockopt stacktrace=org.springframework.web.client.ResourceAccessException: I/O error on GET request for "http://localhost:8761/eureka/apps/delta": Connect to http://localhost:8761 failed: Connection refused: getsockopt
	at org.springframework.web.client.RestTemplate.createResourceAccessException(RestTemplate.java:926)
	at org.springframework.web.client.RestTemplate.doExecute(RestTemplate.java:906)
	at org.springframework.web.client.RestTemplate.execute(RestTemplate.java:841)
	at org.springframework.web.client.RestTemplate.exchange(RestTemplate.java:702)
	at org.springframework.cloud.netflix.eureka.http.RestTemplateEurekaHttpClient.getApplicationsInternal(RestTemplateEurekaHttpClient.java:174)
	at org.springframework.cloud.netflix.eureka.http.RestTemplateEurekaHttpClient.getDelta(RestTemplateEurekaHttpClient.java:186)
	at com.netflix.discovery.shared.transport.decorator.EurekaHttpClientDecorator$7.execute(EurekaHttpClientDecorator.java:152)
	at com.netflix.discovery.shared.transport.decorator.RedirectingEurekaHttpClient.executeOnNewServer(RedirectingEurekaHttpClient.java:121)
	at com.netflix.discovery.shared.transport.decorator.RedirectingEurekaHttpClient.execute(RedirectingEurekaHttpClient.java:80)
	at com.netflix.discovery.shared.transport.decorator.EurekaHttpClientDecorator.getDelta(EurekaHttpClientDecorator.java:149)
	at com.netflix.discovery.shared.transport.decorator.EurekaHttpClientDecorator$7.execute(EurekaHttpClientDecorator.java:152)
	at com.netflix.discovery.shared.transport.decorator.RetryableEurekaHttpClient.execute(RetryableEurekaHttpClient.java:120)
	at com.netflix.discovery.shared.transport.decorator.EurekaHttpClientDecorator.getDelta(EurekaHttpClientDecorator.java:149)
	at com.netflix.discovery.shared.transport.decorator.EurekaHttpClientDecorator$7.execute(EurekaHttpClientDecorator.java:152)
	at com.netflix.discovery.shared.transport.decorator.SessionedEurekaHttpClient.execute(SessionedEurekaHttpClient.java:76)
	at com.netflix.discovery.shared.transport.decorator.EurekaHttpClientDecorator.getDelta(EurekaHttpClientDecorator.java:149)
	at com.netflix.discovery.DiscoveryClient.getAndUpdateDelta(DiscoveryClient.java:1080)
	at com.netflix.discovery.DiscoveryClient.fetchRegistry(DiscoveryClient.java:963)
	at com.netflix.discovery.DiscoveryClient.refreshRegistry(DiscoveryClient.java:1473)
	at com.netflix.discovery.DiscoveryClient$CacheRefreshThread.run(DiscoveryClient.java:1441)
	at java.base/java.util.concurrent.Executors$RunnableAdapter.call(Executors.java:545)
	at java.base/java.util.concurrent.FutureTask.run(FutureTask.java:328)
	at java.base/java.util.concurrent.ThreadPoolExecutor.runWorker(ThreadPoolExecutor.java:1090)
	at java.base/java.util.concurrent.ThreadPoolExecutor$Worker.run(ThreadPoolExecutor.java:614)
	at java.base/java.lang.Thread.run(Thread.java:1474)
Caused by: org.apache.hc.client5.http.HttpHostConnectException: Connect to http://localhost:8761 failed: Connection refused: getsockopt
	at java.base/sun.nio.ch.Net.pollConnect(Native Method)
	at java.base/sun.nio.ch.Net.pollConnectNow(Net.java:639)
	at java.base/sun.nio.ch.NioSocketImpl.timedFinishConnect(NioSocketImpl.java:543)
	at java.base/sun.nio.ch.NioSocketImpl.connect(NioSocketImpl.java:594)
	at java.base/java.net.SocksSocketImpl.connect(SocksSocketImpl.java:284)
	at java.base/java.net.Socket.connect(Socket.java:659)
	at org.apache.hc.client5.http.impl.io.DefaultHttpClientConnectionOperator.connect(DefaultHttpClientConnectionOperator.java:205)
	at org.apache.hc.client5.http.impl.io.PoolingHttpClientConnectionManager.connect(PoolingHttpClientConnectionManager.java:490)
	at org.apache.hc.client5.http.impl.classic.InternalExecRuntime.connectEndpoint(InternalExecRuntime.java:164)
	at org.apache.hc.client5.http.impl.classic.InternalExecRuntime.connectEndpoint(InternalExecRuntime.java:174)
	at org.apache.hc.client5.http.impl.classic.ConnectExec.execute(ConnectExec.java:144)
	at org.apache.hc.client5.http.impl.classic.ExecChainElement.execute(ExecChainElement.java:51)
	at org.apache.hc.client5.http.impl.classic.ProtocolExec.execute(ProtocolExec.java:195)
	at org.apache.hc.client5.http.impl.classic.ExecChainElement.execute(ExecChainElement.java:51)
	at org.apache.hc.client5.http.impl.classic.ContentCompressionExec.execute(ContentCompressionExec.java:150)
	at org.apache.hc.client5.http.impl.classic.ExecChainElement.execute(ExecChainElement.java:51)
	at org.apache.hc.client5.http.impl.classic.HttpRequestRetryExec.execute(HttpRequestRetryExec.java:113)
	at org.apache.hc.client5.http.impl.classic.ExecChainElement.execute(ExecChainElement.java:51)
	at org.apache.hc.client5.http.impl.classic.RedirectExec.execute(RedirectExec.java:110)
	at org.apache.hc.client5.http.impl.classic.ExecChainElement.execute(ExecChainElement.java:51)
	at org.apache.hc.client5.http.impl.classic.InternalHttpClient.doExecute(InternalHttpClient.java:185)
	at org.apache.hc.client5.http.impl.classic.CloseableHttpClient.execute(CloseableHttpClient.java:87)
	at org.apache.hc.client5.http.impl.classic.CloseableHttpClient.execute(CloseableHttpClient.java:55)
	at org.apache.hc.client5.http.classic.HttpClient.executeOpen(HttpClient.java:183)
	at org.springframework.http.client.HttpComponentsClientHttpRequest.executeInternal(HttpComponentsClientHttpRequest.java:99)
	at org.springframework.http.client.AbstractStreamingClientHttpRequest.executeInternal(AbstractStreamingClientHttpRequest.java:71)
	at org.springframework.http.client.AbstractClientHttpRequest.execute(AbstractClientHttpRequest.java:81)
	at org.springframework.http.client.InterceptingClientHttpRequest$InterceptingRequestExecution.execute(InterceptingClientHttpRequest.java:117)
	at org.springframework.cloud.netflix.eureka.http.RestTemplateTransportClientFactory.lambda$restTemplate$2(RestTemplateTransportClientFactory.java:145)
	at org.springframework.http.client.InterceptingClientHttpRequest$InterceptingRequestExecution.execute(InterceptingClientHttpRequest.java:88)
	at org.springframework.http.client.InterceptingClientHttpRequest.executeInternal(InterceptingClientHttpRequest.java:72)
	at org.springframework.http.client.AbstractBufferingClientHttpRequest.executeInternal(AbstractBufferingClientHttpRequest.java:48)
	at org.springframework.http.client.AbstractClientHttpRequest.execute(AbstractClientHttpRequest.java:81)
	at org.springframework.web.client.RestTemplate.doExecute(RestTemplate.java:900)
	... 23 more

2025-12-12T20:52:06.616+07:00  WARN 17212 --- [order-service] [DiscoveryClient-CacheRefreshExecutor-%d] [                                                 ] c.n.d.s.t.d.RetryableEurekaHttpClient    : Request execution failed with message: I/O error on GET request for "http://localhost:8761/eureka/apps/delta": Connect to http://localhost:8761 failed: Connection refused: getsockopt
2025-12-12T20:52:06.618+07:00  INFO 17212 --- [order-service] [DiscoveryClient-CacheRefreshExecutor-%d] [                                                 ] com.netflix.discovery.DiscoveryClient    : DiscoveryClient_ORDER-SERVICE/localhost:order-service:8083 - was unable to refresh its cache! This periodic background refresh will be retried in 30 seconds. status = Cannot execute request on any known server stacktrace = com.netflix.discovery.shared.transport.TransportException: Cannot execute request on any known server
	at com.netflix.discovery.shared.transport.decorator.RetryableEurekaHttpClient.execute(RetryableEurekaHttpClient.java:112)
	at com.netflix.discovery.shared.transport.decorator.EurekaHttpClientDecorator.getDelta(EurekaHttpClientDecorator.java:149)
	at com.netflix.discovery.shared.transport.decorator.EurekaHttpClientDecorator$7.execute(EurekaHttpClientDecorator.java:152)
	at com.netflix.discovery.shared.transport.decorator.SessionedEurekaHttpClient.execute(SessionedEurekaHttpClient.java:76)
	at com.netflix.discovery.shared.transport.decorator.EurekaHttpClientDecorator.getDelta(EurekaHttpClientDecorator.java:149)
	at com.netflix.discovery.DiscoveryClient.getAndUpdateDelta(DiscoveryClient.java:1080)
	at com.netflix.discovery.DiscoveryClient.fetchRegistry(DiscoveryClient.java:963)
	at com.netflix.discovery.DiscoveryClient.refreshRegistry(DiscoveryClient.java:1473)
	at com.netflix.discovery.DiscoveryClient$CacheRefreshThread.run(DiscoveryClient.java:1441)
	at java.base/java.util.concurrent.Executors$RunnableAdapter.call(Executors.java:545)
	at java.base/java.util.concurrent.FutureTask.run(FutureTask.java:328)
	at java.base/java.util.concurrent.ThreadPoolExecutor.runWorker(ThreadPoolExecutor.java:1090)
	at java.base/java.util.concurrent.ThreadPoolExecutor$Worker.run(ThreadPoolExecutor.java:614)
	at java.base/java.lang.Thread.run(Thread.java:1474)

2025-12-12T20:52:06.777+07:00  INFO 17212 --- [order-service] [SpringApplicationShutdownHook] [                                                 ] o.s.a.r.l.SimpleMessageListenerContainer : Successfully waited for workers to finish.
2025-12-12T20:52:06.779+07:00 DEBUG 17212 --- [order-service] [springCloudBus.anonymous.9olUpzeKSl2c8s-JXSGfmQ-1] [                                                 ] o.s.a.r.l.SimpleMessageListenerContainer : Cancelling Consumer@3b349ea9: tags=[[amq.ctag-g5Gi4SGoQzs8r9f_GTav6Q]], channel=Cached Rabbit Channel: AMQChannel(amqp://guest@127.0.0.1:5672/,1), conn: Proxy@1215aae8 Shared Rabbit Connection: SimpleConnection@6b18bdf7 [delegate=amqp://guest@127.0.0.1:5672/, localPort=56951], acknowledgeMode=AUTO local queue size=0
2025-12-12T20:52:06.782+07:00 DEBUG 17212 --- [order-service] [springCloudBus.anonymous.9olUpzeKSl2c8s-JXSGfmQ-1] [                                                 ] o.s.a.r.listener.BlockingQueueConsumer   : Closing Rabbit Channel: Cached Rabbit Channel: AMQChannel(amqp://guest@127.0.0.1:5672/,1), conn: Proxy@1215aae8 Shared Rabbit Connection: SimpleConnection@6b18bdf7 [delegate=amqp://guest@127.0.0.1:5672/, localPort=56951]
2025-12-12T20:52:06.785+07:00 DEBUG 17212 --- [order-service] [springCloudBus.anonymous.9olUpzeKSl2c8s-JXSGfmQ-1] [                                                 ] o.s.a.r.c.CachingConnectionFactory       : Closing cached Channel: AMQChannel(amqp://guest@127.0.0.1:5672/,1)
2025-12-12T20:52:06.788+07:00  INFO 17212 --- [order-service] [SpringApplicationShutdownHook] [                                                 ] o.s.i.a.i.AmqpInboundChannelAdapter      : stopped bean 'inbound.springCloudBus.anonymous.9olUpzeKSl2c8s-JXSGfmQ'
2025-12-12T20:52:06.843+07:00  INFO 17212 --- [order-service] [SpringApplicationShutdownHook] [                                                 ] o.s.c.stream.binder.BinderErrorChannel   : Channel 'order-service.rabbit-1612412820.springCloudBusInput.errors' has 1 subscriber(s).
2025-12-12T20:52:06.855+07:00  INFO 17212 --- [order-service] [SpringApplicationShutdownHook] [                                                 ] o.s.c.stream.binder.BinderErrorChannel   : Channel 'order-service.rabbit-1612412820.springCloudBusInput.errors' has 0 subscriber(s).
2025-12-12T20:52:06.993+07:00 DEBUG 17212 --- [order-service] [SpringApplicationShutdownHook] [                                                 ] o.s.a.r.c.CachingConnectionFactory       : Closing cached Channel: AMQChannel(amqp://guest@127.0.0.1:5672/,2)
2025-12-12T20:52:07.027+07:00  INFO 17212 --- [order-service] [SpringApplicationShutdownHook] [                                                 ] o.s.i.endpoint.EventDrivenConsumer       : Removing {logging-channel-adapter:_org.springframework.integration.errorLogger} as a subscriber to the 'errorChannel' channel
2025-12-12T20:52:07.027+07:00  INFO 17212 --- [order-service] [SpringApplicationShutdownHook] [                                                 ] o.s.i.channel.PublishSubscribeChannel    : Channel 'order-service.errorChannel' has 0 subscriber(s).
2025-12-12T20:52:07.029+07:00  INFO 17212 --- [order-service] [SpringApplicationShutdownHook] [                                                 ] o.s.i.endpoint.EventDrivenConsumer       : stopped bean '_org.springframework.integration.errorLogger'
2025-12-12T20:52:07.649+07:00  INFO 17212 --- [order-service] [SpringApplicationShutdownHook] [                                                 ] j.LocalContainerEntityManagerFactoryBean : Closing JPA EntityManagerFactory for persistence unit 'default'
2025-12-12T20:52:08.271+07:00  INFO 17212 --- [order-service] [SpringApplicationShutdownHook] [                                                 ] com.zaxxer.hikari.HikariDataSource       : HikariPool-1 - Shutdown initiated...
2025-12-12T20:52:08.296+07:00  INFO 17212 --- [order-service] [SpringApplicationShutdownHook] [                                                 ] com.zaxxer.hikari.HikariDataSource       : HikariPool-1 - Shutdown completed.
2025-12-12T20:52:09.317+07:00  INFO 17212 --- [order-service] [SpringApplicationShutdownHook] [                                                 ] com.netflix.discovery.DiscoveryClient    : Shutting down DiscoveryClient ...
2025-12-12T20:52:12.319+07:00  INFO 17212 --- [order-service] [SpringApplicationShutdownHook] [                                                 ] com.netflix.discovery.DiscoveryClient    : Unregistering ...
2025-12-12T20:52:12.355+07:00  INFO 17212 --- [order-service] [SpringApplicationShutdownHook] [                                                 ] c.n.d.s.t.d.RedirectingEurekaHttpClient  : Request execution error. endpoint=DefaultEndpoint{ serviceUrl='http://localhost:8761/eureka/}, exception=I/O error on DELETE request for "http://localhost:8761/eureka/apps/ORDER-SERVICE/localhost:order-service:8083": Connect to http://localhost:8761 failed: Connection refused: getsockopt stacktrace=org.springframework.web.client.ResourceAccessException: I/O error on DELETE request for "http://localhost:8761/eureka/apps/ORDER-SERVICE/localhost:order-service:8083": Connect to http://localhost:8761 failed: Connection refused: getsockopt
	at org.springframework.web.client.RestTemplate.createResourceAccessException(RestTemplate.java:926)
	at org.springframework.web.client.RestTemplate.doExecute(RestTemplate.java:906)
	at org.springframework.web.client.RestTemplate.execute(RestTemplate.java:841)
	at org.springframework.web.client.RestTemplate.exchange(RestTemplate.java:702)
	at org.springframework.cloud.netflix.eureka.http.RestTemplateEurekaHttpClient.cancel(RestTemplateEurekaHttpClient.java:100)
	at com.netflix.discovery.shared.transport.decorator.EurekaHttpClientDecorator$2.execute(EurekaHttpClientDecorator.java:74)
	at com.netflix.discovery.shared.transport.decorator.RedirectingEurekaHttpClient.executeOnNewServer(RedirectingEurekaHttpClient.java:121)
	at com.netflix.discovery.shared.transport.decorator.RedirectingEurekaHttpClient.execute(RedirectingEurekaHttpClient.java:80)
	at com.netflix.discovery.shared.transport.decorator.EurekaHttpClientDecorator.cancel(EurekaHttpClientDecorator.java:71)
	at com.netflix.discovery.shared.transport.decorator.EurekaHttpClientDecorator$2.execute(EurekaHttpClientDecorator.java:74)
	at com.netflix.discovery.shared.transport.decorator.RetryableEurekaHttpClient.execute(RetryableEurekaHttpClient.java:120)
	at com.netflix.discovery.shared.transport.decorator.EurekaHttpClientDecorator.cancel(EurekaHttpClientDecorator.java:71)
	at com.netflix.discovery.shared.transport.decorator.EurekaHttpClientDecorator$2.execute(EurekaHttpClientDecorator.java:74)
	at com.netflix.discovery.shared.transport.decorator.SessionedEurekaHttpClient.execute(SessionedEurekaHttpClient.java:76)
	at com.netflix.discovery.shared.transport.decorator.EurekaHttpClientDecorator.cancel(EurekaHttpClientDecorator.java:71)
	at com.netflix.discovery.DiscoveryClient.unregister(DiscoveryClient.java:919)
	at com.netflix.discovery.DiscoveryClient.shutdown(DiscoveryClient.java:900)
	at java.base/jdk.internal.reflect.DirectMethodHandleAccessor.invoke(DirectMethodHandleAccessor.java:104)
	at java.base/java.lang.reflect.Method.invoke(Method.java:565)
	at org.springframework.beans.factory.annotation.InitDestroyAnnotationBeanPostProcessor$LifecycleMethod.invoke(InitDestroyAnnotationBeanPostProcessor.java:457)
	at org.springframework.beans.factory.annotation.InitDestroyAnnotationBeanPostProcessor$LifecycleMetadata.invokeDestroyMethods(InitDestroyAnnotationBeanPostProcessor.java:415)
	at org.springframework.beans.factory.annotation.InitDestroyAnnotationBeanPostProcessor.postProcessBeforeDestruction(InitDestroyAnnotationBeanPostProcessor.java:239)
	at org.springframework.beans.factory.support.DisposableBeanAdapter.destroy(DisposableBeanAdapter.java:203)
	at org.springframework.beans.factory.support.DisposableBeanAdapter.run(DisposableBeanAdapter.java:196)
	at org.springframework.cloud.context.scope.GenericScope$BeanLifecycleWrapper.destroy(GenericScope.java:387)
	at org.springframework.cloud.context.scope.GenericScope.destroy(GenericScope.java:134)
	at org.springframework.beans.factory.support.DisposableBeanAdapter.destroy(DisposableBeanAdapter.java:212)
	at org.springframework.beans.factory.support.DefaultSingletonBeanRegistry.destroyBean(DefaultSingletonBeanRegistry.java:798)
	at org.springframework.beans.factory.support.DefaultSingletonBeanRegistry.destroySingleton(DefaultSingletonBeanRegistry.java:748)
	at org.springframework.beans.factory.support.DefaultListableBeanFactory.destroySingleton(DefaultListableBeanFactory.java:1489)
	at org.springframework.beans.factory.support.DefaultSingletonBeanRegistry.destroySingletons(DefaultSingletonBeanRegistry.java:707)
	at org.springframework.beans.factory.support.DefaultListableBeanFactory.destroySingletons(DefaultListableBeanFactory.java:1482)
	at org.springframework.context.support.AbstractApplicationContext.destroyBeans(AbstractApplicationContext.java:1219)
	at org.springframework.context.support.AbstractApplicationContext.doClose(AbstractApplicationContext.java:1180)
	at org.springframework.boot.web.servlet.context.ServletWebServerApplicationContext.doClose(ServletWebServerApplicationContext.java:179)
	at org.springframework.context.support.AbstractApplicationContext.close(AbstractApplicationContext.java:1126)
	at org.springframework.boot.SpringApplicationShutdownHook.closeAndWait(SpringApplicationShutdownHook.java:147)
	at java.base/java.lang.Iterable.forEach(Iterable.java:75)
	at org.springframework.boot.SpringApplicationShutdownHook.run(SpringApplicationShutdownHook.java:116)
	at java.base/java.lang.Thread.run(Thread.java:1474)
Caused by: org.apache.hc.client5.http.HttpHostConnectException: Connect to http://localhost:8761 failed: Connection refused: getsockopt
	at java.base/sun.nio.ch.Net.pollConnect(Native Method)
	at java.base/sun.nio.ch.Net.pollConnectNow(Net.java:639)
	at java.base/sun.nio.ch.NioSocketImpl.timedFinishConnect(NioSocketImpl.java:543)
	at java.base/sun.nio.ch.NioSocketImpl.connect(NioSocketImpl.java:594)
	at java.base/java.net.SocksSocketImpl.connect(SocksSocketImpl.java:284)
	at java.base/java.net.Socket.connect(Socket.java:659)
	at org.apache.hc.client5.http.impl.io.DefaultHttpClientConnectionOperator.connect(DefaultHttpClientConnectionOperator.java:205)
	at org.apache.hc.client5.http.impl.io.PoolingHttpClientConnectionManager.connect(PoolingHttpClientConnectionManager.java:490)
	at org.apache.hc.client5.http.impl.classic.InternalExecRuntime.connectEndpoint(InternalExecRuntime.java:164)
	at org.apache.hc.client5.http.impl.classic.InternalExecRuntime.connectEndpoint(InternalExecRuntime.java:174)
	at org.apache.hc.client5.http.impl.classic.ConnectExec.execute(ConnectExec.java:144)
	at org.apache.hc.client5.http.impl.classic.ExecChainElement.execute(ExecChainElement.java:51)
	at org.apache.hc.client5.http.impl.classic.ProtocolExec.execute(ProtocolExec.java:195)
	at org.apache.hc.client5.http.impl.classic.ExecChainElement.execute(ExecChainElement.java:51)
	at org.apache.hc.client5.http.impl.classic.ContentCompressionExec.execute(ContentCompressionExec.java:150)
	at org.apache.hc.client5.http.impl.classic.ExecChainElement.execute(ExecChainElement.java:51)
	at org.apache.hc.client5.http.impl.classic.HttpRequestRetryExec.execute(HttpRequestRetryExec.java:113)
	at org.apache.hc.client5.http.impl.classic.ExecChainElement.execute(ExecChainElement.java:51)
	at org.apache.hc.client5.http.impl.classic.RedirectExec.execute(RedirectExec.java:110)
	at org.apache.hc.client5.http.impl.classic.ExecChainElement.execute(ExecChainElement.java:51)
	at org.apache.hc.client5.http.impl.classic.InternalHttpClient.doExecute(InternalHttpClient.java:185)
	at org.apache.hc.client5.http.impl.classic.CloseableHttpClient.execute(CloseableHttpClient.java:87)
	at org.apache.hc.client5.http.impl.classic.CloseableHttpClient.execute(CloseableHttpClient.java:55)
	at org.apache.hc.client5.http.classic.HttpClient.executeOpen(HttpClient.java:183)
	at org.springframework.http.client.HttpComponentsClientHttpRequest.executeInternal(HttpComponentsClientHttpRequest.java:99)
	at org.springframework.http.client.AbstractStreamingClientHttpRequest.executeInternal(AbstractStreamingClientHttpRequest.java:71)
	at org.springframework.http.client.AbstractClientHttpRequest.execute(AbstractClientHttpRequest.java:81)
	at org.springframework.http.client.InterceptingClientHttpRequest$InterceptingRequestExecution.execute(InterceptingClientHttpRequest.java:117)
	at org.springframework.cloud.netflix.eureka.http.RestTemplateTransportClientFactory.lambda$restTemplate$2(RestTemplateTransportClientFactory.java:145)
	at org.springframework.http.client.InterceptingClientHttpRequest$InterceptingRequestExecution.execute(InterceptingClientHttpRequest.java:88)
	at org.springframework.http.client.InterceptingClientHttpRequest.executeInternal(InterceptingClientHttpRequest.java:72)
	at org.springframework.http.client.AbstractBufferingClientHttpRequest.executeInternal(AbstractBufferingClientHttpRequest.java:48)
	at org.springframework.http.client.AbstractClientHttpRequest.execute(AbstractClientHttpRequest.java:81)
	at org.springframework.web.client.RestTemplate.doExecute(RestTemplate.java:900)
	... 38 more

2025-12-12T20:52:12.356+07:00  WARN 17212 --- [order-service] [SpringApplicationShutdownHook] [                                                 ] c.n.d.s.t.d.RetryableEurekaHttpClient    : Request execution failed with message: I/O error on DELETE request for "http://localhost:8761/eureka/apps/ORDER-SERVICE/localhost:order-service:8083": Connect to http://localhost:8761 failed: Connection refused: getsockopt
2025-12-12T20:52:12.357+07:00 ERROR 17212 --- [order-service] [SpringApplicationShutdownHook] [                                                 ] com.netflix.discovery.DiscoveryClient    : DiscoveryClient_ORDER-SERVICE/localhost:order-service:8083 - de-registration failedCannot execute request on any known server

com.netflix.discovery.shared.transport.TransportException: Cannot execute request on any known server
	at com.netflix.discovery.shared.transport.decorator.RetryableEurekaHttpClient.execute(RetryableEurekaHttpClient.java:112) ~[eureka-client-2.0.4.jar:2.0.4]
	at com.netflix.discovery.shared.transport.decorator.EurekaHttpClientDecorator.cancel(EurekaHttpClientDecorator.java:71) ~[eureka-client-2.0.4.jar:2.0.4]
	at com.netflix.discovery.shared.transport.decorator.EurekaHttpClientDecorator$2.execute(EurekaHttpClientDecorator.java:74) ~[eureka-client-2.0.4.jar:2.0.4]
	at com.netflix.discovery.shared.transport.decorator.SessionedEurekaHttpClient.execute(SessionedEurekaHttpClient.java:76) ~[eureka-client-2.0.4.jar:2.0.4]
	at com.netflix.discovery.shared.transport.decorator.EurekaHttpClientDecorator.cancel(EurekaHttpClientDecorator.java:71) ~[eureka-client-2.0.4.jar:2.0.4]
	at com.netflix.discovery.DiscoveryClient.unregister(DiscoveryClient.java:919) ~[eureka-client-2.0.4.jar:2.0.4]
	at com.netflix.discovery.DiscoveryClient.shutdown(DiscoveryClient.java:900) ~[eureka-client-2.0.4.jar:2.0.4]
	at java.base/jdk.internal.reflect.DirectMethodHandleAccessor.invoke(DirectMethodHandleAccessor.java:104) ~[na:na]
	at java.base/java.lang.reflect.Method.invoke(Method.java:565) ~[na:na]
	at org.springframework.beans.factory.annotation.InitDestroyAnnotationBeanPostProcessor$LifecycleMethod.invoke(InitDestroyAnnotationBeanPostProcessor.java:457) ~[spring-beans-6.2.11.jar:6.2.11]
	at org.springframework.beans.factory.annotation.InitDestroyAnnotationBeanPostProcessor$LifecycleMetadata.invokeDestroyMethods(InitDestroyAnnotationBeanPostProcessor.java:415) ~[spring-beans-6.2.11.jar:6.2.11]
	at org.springframework.beans.factory.annotation.InitDestroyAnnotationBeanPostProcessor.postProcessBeforeDestruction(InitDestroyAnnotationBeanPostProcessor.java:239) ~[spring-beans-6.2.11.jar:6.2.11]
	at org.springframework.beans.factory.support.DisposableBeanAdapter.destroy(DisposableBeanAdapter.java:203) ~[spring-beans-6.2.11.jar:6.2.11]
	at org.springframework.beans.factory.support.DisposableBeanAdapter.run(DisposableBeanAdapter.java:196) ~[spring-beans-6.2.11.jar:6.2.11]
	at org.springframework.cloud.context.scope.GenericScope$BeanLifecycleWrapper.destroy(GenericScope.java:387) ~[spring-cloud-context-4.3.0.jar:4.3.0]
	at org.springframework.cloud.context.scope.GenericScope.destroy(GenericScope.java:134) ~[spring-cloud-context-4.3.0.jar:4.3.0]
	at org.springframework.beans.factory.support.DisposableBeanAdapter.destroy(DisposableBeanAdapter.java:212) ~[spring-beans-6.2.11.jar:6.2.11]
	at org.springframework.beans.factory.support.DefaultSingletonBeanRegistry.destroyBean(DefaultSingletonBeanRegistry.java:798) ~[spring-beans-6.2.11.jar:6.2.11]
	at org.springframework.beans.factory.support.DefaultSingletonBeanRegistry.destroySingleton(DefaultSingletonBeanRegistry.java:748) ~[spring-beans-6.2.11.jar:6.2.11]
	at org.springframework.beans.factory.support.DefaultListableBeanFactory.destroySingleton(DefaultListableBeanFactory.java:1489) ~[spring-beans-6.2.11.jar:6.2.11]
	at org.springframework.beans.factory.support.DefaultSingletonBeanRegistry.destroySingletons(DefaultSingletonBeanRegistry.java:707) ~[spring-beans-6.2.11.jar:6.2.11]
	at org.springframework.beans.factory.support.DefaultListableBeanFactory.destroySingletons(DefaultListableBeanFactory.java:1482) ~[spring-beans-6.2.11.jar:6.2.11]
	at org.springframework.context.support.AbstractApplicationContext.destroyBeans(AbstractApplicationContext.java:1219) ~[spring-context-6.2.11.jar:6.2.11]
	at org.springframework.context.support.AbstractApplicationContext.doClose(AbstractApplicationContext.java:1180) ~[spring-context-6.2.11.jar:6.2.11]
	at org.springframework.boot.web.servlet.context.ServletWebServerApplicationContext.doClose(ServletWebServerApplicationContext.java:179) ~[spring-boot-3.5.6.jar:3.5.6]
	at org.springframework.context.support.AbstractApplicationContext.close(AbstractApplicationContext.java:1126) ~[spring-context-6.2.11.jar:6.2.11]
	at org.springframework.boot.SpringApplicationShutdownHook.closeAndWait(SpringApplicationShutdownHook.java:147) ~[spring-boot-3.5.6.jar:3.5.6]
	at java.base/java.lang.Iterable.forEach(Iterable.java:75) ~[na:na]
	at org.springframework.boot.SpringApplicationShutdownHook.run(SpringApplicationShutdownHook.java:116) ~[spring-boot-3.5.6.jar:3.5.6]
	at java.base/java.lang.Thread.run(Thread.java:1474) ~[na:na]

2025-12-12T20:52:12.366+07:00  INFO 17212 --- [order-service] [SpringApplicationShutdownHook] [                                                 ] com.netflix.discovery.DiscoveryClient    : Completed shut down of DiscoveryClient
