2025-12-12T13:05:24.783+07:00  INFO 11708 --- [product-service] [main] [                                                 ] c.ecommerce.product.ProductApplication   : Starting ProductApplication using Java 25 with PID 11708 (D:\ecom-microservices\product\target\classes started by Admin in D:\ecom-microservices)
2025-12-12T13:05:24.794+07:00  INFO 11708 --- [product-service] [main] [                                                 ] c.ecommerce.product.ProductApplication   : No active profile set, falling back to 1 default profile: "default"
2025-12-12T13:05:24.868+07:00  INFO 11708 --- [product-service] [main] [                                                 ] o.s.c.c.c.ConfigServerConfigDataLoader   : Fetching config from server at : http://localhost:8888
2025-12-12T13:05:24.869+07:00  INFO 11708 --- [product-service] [main] [                                                 ] o.s.c.c.c.ConfigServerConfigDataLoader   : Located environment: name=product-service, profiles=[default], label=null, version=null, state=null
2025-12-12T13:05:27.026+07:00  INFO 11708 --- [product-service] [main] [                                                 ] .s.d.r.c.RepositoryConfigurationDelegate : Bootstrapping Spring Data JPA repositories in DEFAULT mode.
2025-12-12T13:05:27.225+07:00  INFO 11708 --- [product-service] [main] [                                                 ] .s.d.r.c.RepositoryConfigurationDelegate : Finished Spring Data repository scanning in 186 ms. Found 1 JPA repository interface.
2025-12-12T13:05:27.500+07:00  INFO 11708 --- [product-service] [main] [                                                 ] faultConfiguringBeanFactoryPostProcessor : No bean named 'errorChannel' has been explicitly defined. Therefore, a default PublishSubscribeChannel will be created.
2025-12-12T13:05:27.509+07:00  INFO 11708 --- [product-service] [main] [                                                 ] faultConfiguringBeanFactoryPostProcessor : No bean named 'integrationHeaderChannelRegistry' has been explicitly defined. Therefore, a default DefaultHeaderChannelRegistry will be created.
2025-12-12T13:05:27.729+07:00  INFO 11708 --- [product-service] [main] [                                                 ] o.s.cloud.context.scope.GenericScope     : BeanFactory id=76ec7cee-91b7-3e12-a33b-d2ab72530fe7
2025-12-12T13:05:28.895+07:00  INFO 11708 --- [product-service] [main] [                                                 ] o.s.b.w.embedded.tomcat.TomcatWebServer  : Tomcat initialized with port 8081 (http)
2025-12-12T13:05:28.913+07:00  INFO 11708 --- [product-service] [main] [                                                 ] o.apache.catalina.core.StandardService   : Starting service [Tomcat]
2025-12-12T13:05:28.914+07:00  INFO 11708 --- [product-service] [main] [                                                 ] o.apache.catalina.core.StandardEngine    : Starting Servlet engine: [Apache Tomcat/10.1.46]
2025-12-12T13:05:29.016+07:00  INFO 11708 --- [product-service] [main] [                                                 ] o.a.c.c.C.[Tomcat].[localhost].[/]       : Initializing Spring embedded WebApplicationContext
2025-12-12T13:05:29.017+07:00  INFO 11708 --- [product-service] [main] [                                                 ] w.s.c.ServletWebServerApplicationContext : Root WebApplicationContext: initialization completed in 4146 ms
2025-12-12T13:05:30.097+07:00  INFO 11708 --- [product-service] [main] [                                                 ] o.hibernate.jpa.internal.util.LogHelper  : HHH000204: Processing PersistenceUnitInfo [name: default]
2025-12-12T13:05:30.171+07:00  INFO 11708 --- [product-service] [main] [                                                 ] org.hibernate.Version                    : HHH000412: Hibernate ORM core version 6.6.29.Final
2025-12-12T13:05:30.218+07:00  INFO 11708 --- [product-service] [main] [                                                 ] o.h.c.internal.RegionFactoryInitiator    : HHH000026: Second-level cache disabled
2025-12-12T13:05:30.534+07:00  INFO 11708 --- [product-service] [main] [                                                 ] o.s.o.j.p.SpringPersistenceUnitInfo      : No LoadTimeWeaver setup: ignoring JPA class transformer
2025-12-12T13:05:30.566+07:00  INFO 11708 --- [product-service] [main] [                                                 ] com.zaxxer.hikari.HikariDataSource       : HikariPool-1 - Starting...
2025-12-12T13:05:30.872+07:00  INFO 11708 --- [product-service] [main] [                                                 ] com.zaxxer.hikari.pool.HikariPool        : HikariPool-1 - Added connection org.postgresql.jdbc.PgConnection@cfb462
2025-12-12T13:05:30.874+07:00  INFO 11708 --- [product-service] [main] [                                                 ] com.zaxxer.hikari.HikariDataSource       : HikariPool-1 - Start completed.
2025-12-12T13:05:30.951+07:00  WARN 11708 --- [product-service] [main] [                                                 ] org.hibernate.orm.deprecation            : HHH90000025: PostgreSQLDialect does not need to be specified explicitly using 'hibernate.dialect' (remove the property setting and it will be selected by default)
2025-12-12T13:05:30.977+07:00  INFO 11708 --- [product-service] [main] [                                                 ] org.hibernate.orm.connections.pooling    : HHH10001005: Database info:
	Database JDBC URL [Connecting through datasource 'HikariDataSource (HikariPool-1)']
	Database driver: undefined/unknown
	Database version: 14.19
	Autocommit mode: undefined/unknown
	Isolation level: undefined/unknown
	Minimum pool size: undefined/unknown
	Maximum pool size: undefined/unknown
2025-12-12T13:05:32.033+07:00  INFO 11708 --- [product-service] [main] [                                                 ] o.h.e.t.j.p.i.JtaPlatformInitiator       : HHH000489: No JTA platform available (set 'hibernate.transaction.jta.platform' to enable JTA platform integration)
2025-12-12T13:05:32.145+07:00  INFO 11708 --- [product-service] [main] [                                                 ] j.LocalContainerEntityManagerFactoryBean : Initialized JPA EntityManagerFactory for persistence unit 'default'
2025-12-12T13:05:32.605+07:00  INFO 11708 --- [product-service] [main] [                                                 ] o.s.d.j.r.query.QueryEnhancerFactory     : Hibernate is in classpath; If applicable, HQL parser will be used.
2025-12-12T13:05:33.552+07:00  WARN 11708 --- [product-service] [main] [                                                 ] JpaBaseConfiguration$JpaWebConfiguration : spring.jpa.open-in-view is enabled by default. Therefore, database queries may be performed during view rendering. Explicitly configure spring.jpa.open-in-view to disable this warning
2025-12-12T13:05:35.582+07:00  INFO 11708 --- [product-service] [main] [                                                 ] o.s.cloud.commons.util.InetUtils         : Cannot determine local hostname
2025-12-12T13:05:36.657+07:00  INFO 11708 --- [product-service] [main] [                                                 ] o.s.cloud.commons.util.InetUtils         : Cannot determine local hostname
2025-12-12T13:05:37.155+07:00  WARN 11708 --- [product-service] [main] [                                                 ] c.f.c.c.BeanFactoryAwareFunctionRegistry : Failed to locate function 'busConsumer' for function definition 'busConsumer'. Returning null.
2025-12-12T13:05:37.257+07:00  INFO 11708 --- [product-service] [main] [                                                 ] o.s.c.s.m.DirectWithAttributesChannel    : Channel 'product-service.springCloudBusInput' has 1 subscriber(s).
2025-12-12T13:05:38.640+07:00  INFO 11708 --- [product-service] [main] [                                                 ] o.s.cloud.commons.util.InetUtils         : Cannot determine local hostname
2025-12-12T13:05:38.675+07:00  INFO 11708 --- [product-service] [main] [                                                 ] DiscoveryClientOptionalArgsConfiguration : Eureka HTTP Client uses RestTemplate.
2025-12-12T13:05:38.786+07:00  WARN 11708 --- [product-service] [main] [                                                 ] iguration$LoadBalancerCaffeineWarnLogger : Spring Cloud LoadBalancer is currently working with the default cache. While this cache implementation is useful for development and tests, it's recommended to use Caffeine cache in production.You can switch to using Caffeine cache, by adding it and org.springframework.cache.caffeine.CaffeineCacheManager to the classpath.
2025-12-12T13:05:38.805+07:00  INFO 11708 --- [product-service] [main] [                                                 ] o.s.b.a.e.web.EndpointLinksResolver      : Exposing 35 endpoints beneath base path '/actuator'
2025-12-12T13:05:39.030+07:00  INFO 11708 --- [product-service] [main] [                                                 ] o.s.i.endpoint.EventDrivenConsumer       : Adding {logging-channel-adapter:_org.springframework.integration.errorLogger} as a subscriber to the 'errorChannel' channel
2025-12-12T13:05:39.031+07:00  INFO 11708 --- [product-service] [main] [                                                 ] o.s.i.channel.PublishSubscribeChannel    : Channel 'product-service.errorChannel' has 1 subscriber(s).
2025-12-12T13:05:39.031+07:00  INFO 11708 --- [product-service] [main] [                                                 ] o.s.i.endpoint.EventDrivenConsumer       : started bean '_org.springframework.integration.errorLogger'
2025-12-12T13:05:39.111+07:00  INFO 11708 --- [product-service] [main] [                                                 ] o.s.c.n.eureka.InstanceInfoFactory       : Setting initial instance status as: STARTING
2025-12-12T13:05:39.143+07:00  INFO 11708 --- [product-service] [main] [                                                 ] com.netflix.discovery.DiscoveryClient    : Initializing Eureka in region us-east-1
2025-12-12T13:05:39.147+07:00  INFO 11708 --- [product-service] [main] [                                                 ] c.n.d.s.r.aws.ConfigClusterResolver      : Resolving eureka endpoints via configuration
2025-12-12T13:05:39.157+07:00  INFO 11708 --- [product-service] [main] [                                                 ] com.netflix.discovery.DiscoveryClient    : Disable delta property : false
2025-12-12T13:05:39.158+07:00  INFO 11708 --- [product-service] [main] [                                                 ] com.netflix.discovery.DiscoveryClient    : Single vip registry refresh property : null
2025-12-12T13:05:39.158+07:00  INFO 11708 --- [product-service] [main] [                                                 ] com.netflix.discovery.DiscoveryClient    : Force full registry fetch : false
2025-12-12T13:05:39.158+07:00  INFO 11708 --- [product-service] [main] [                                                 ] com.netflix.discovery.DiscoveryClient    : Application is null : false
2025-12-12T13:05:39.158+07:00  INFO 11708 --- [product-service] [main] [                                                 ] com.netflix.discovery.DiscoveryClient    : Registered Applications size is zero : true
2025-12-12T13:05:39.158+07:00  INFO 11708 --- [product-service] [main] [                                                 ] com.netflix.discovery.DiscoveryClient    : Application version is -1: true
2025-12-12T13:05:39.158+07:00  INFO 11708 --- [product-service] [main] [                                                 ] com.netflix.discovery.DiscoveryClient    : Getting all instance registry info from the eureka server
2025-12-12T13:05:39.465+07:00  INFO 11708 --- [product-service] [main] [                                                 ] com.netflix.discovery.DiscoveryClient    : The response status is 200
2025-12-12T13:05:39.468+07:00  INFO 11708 --- [product-service] [main] [                                                 ] com.netflix.discovery.DiscoveryClient    : Starting heartbeat executor: renew interval is: 30
2025-12-12T13:05:39.469+07:00  INFO 11708 --- [product-service] [main] [                                                 ] c.n.discovery.InstanceInfoReplicator     : InstanceInfoReplicator onDemand update allowed rate per min is 4
2025-12-12T13:05:39.470+07:00  INFO 11708 --- [product-service] [main] [                                                 ] com.netflix.discovery.DiscoveryClient    : Discovery Client initialized at timestamp 1765519539470 with initial instances count: 1
2025-12-12T13:05:39.478+07:00  INFO 11708 --- [product-service] [main] [                                                 ] o.s.c.n.e.s.EurekaServiceRegistry        : Registering application PRODUCT-SERVICE with eureka with status UP
2025-12-12T13:05:39.479+07:00  INFO 11708 --- [product-service] [main] [                                                 ] com.netflix.discovery.DiscoveryClient    : Saw local status change event StatusChangeEvent [timestamp=1765519539479, current=UP, previous=STARTING]
2025-12-12T13:05:39.480+07:00  INFO 11708 --- [product-service] [DiscoveryClient-InstanceInfoReplicator-%d] [                                                 ] com.netflix.discovery.DiscoveryClient    : DiscoveryClient_PRODUCT-SERVICE/localhost:product-service:8081: registering service...
2025-12-12T13:05:39.481+07:00  INFO 11708 --- [product-service] [main] [                                                 ] o.s.c.s.binder.DefaultBinderFactory      : Creating binder: rabbit
2025-12-12T13:05:39.481+07:00  INFO 11708 --- [product-service] [main] [                                                 ] o.s.c.s.binder.DefaultBinderFactory      : Constructing binder child context for rabbit
2025-12-12T13:05:39.574+07:00  INFO 11708 --- [product-service] [DiscoveryClient-InstanceInfoReplicator-%d] [                                                 ] com.netflix.discovery.DiscoveryClient    : DiscoveryClient_PRODUCT-SERVICE/localhost:product-service:8081 - registration status: 204
2025-12-12T13:05:39.576+07:00  INFO 11708 --- [product-service] [main] [                                                 ] o.s.c.s.binder.DefaultBinderFactory      : Caching the binder: rabbit
2025-12-12T13:05:39.588+07:00  INFO 11708 --- [product-service] [main] [                                                 ] c.s.b.r.p.RabbitExchangeQueueProvisioner : declaring queue for inbound: springCloudBus.anonymous.lm4TvpAbQuKnbes84XBA2g, bound to: springCloudBus
2025-12-12T13:05:39.593+07:00  INFO 11708 --- [product-service] [main] [                                                 ] o.s.a.r.c.CachingConnectionFactory       : Attempting to connect to: [localhost:5672]
2025-12-12T13:05:39.755+07:00  INFO 11708 --- [product-service] [main] [                                                 ] o.s.a.r.c.CachingConnectionFactory       : Created new connection: rabbitConnectionFactory#5075a022:0/SimpleConnection@524ee953 [delegate=amqp://guest@127.0.0.1:5672/, localPort=56893]
2025-12-12T13:05:39.878+07:00  INFO 11708 --- [product-service] [main] [                                                 ] o.s.c.stream.binder.BinderErrorChannel   : Channel 'rabbit-1925128083.springCloudBusInput.errors' has 1 subscriber(s).
2025-12-12T13:05:39.879+07:00  INFO 11708 --- [product-service] [main] [                                                 ] o.s.c.stream.binder.BinderErrorChannel   : Channel 'rabbit-1925128083.springCloudBusInput.errors' has 2 subscriber(s).
2025-12-12T13:05:39.908+07:00  INFO 11708 --- [product-service] [main] [                                                 ] o.s.i.a.i.AmqpInboundChannelAdapter      : started bean 'inbound.springCloudBus.anonymous.lm4TvpAbQuKnbes84XBA2g'
2025-12-12T13:05:39.923+07:00  INFO 11708 --- [product-service] [main] [                                                 ] o.s.b.w.embedded.tomcat.TomcatWebServer  : Tomcat started on port 8081 (http) with context path '/'
2025-12-12T13:05:39.925+07:00  INFO 11708 --- [product-service] [main] [                                                 ] .s.c.n.e.s.EurekaAutoServiceRegistration : Updating port to 8081
2025-12-12T13:05:40.514+07:00  WARN 11708 --- [product-service] [AsyncReporter{ZipkinHttpClientSender{http://localhost:9411/api/v2/spans}}] [                                                 ] z.r.i.AsyncReporter$BoundedAsyncReporter : Spans were dropped due to exceptions. All subsequent errors will be logged at FINE level.
2025-12-12T13:05:40.515+07:00  WARN 11708 --- [product-service] [AsyncReporter{ZipkinHttpClientSender{http://localhost:9411/api/v2/spans}}] [                                                 ] z.r.i.AsyncReporter$BoundedAsyncReporter : Dropped 2 spans due to ConnectException()

java.net.ConnectException: null
	at java.net.http/jdk.internal.net.http.HttpClientImpl.send(HttpClientImpl.java:923) ~[java.net.http:na]
	at java.net.http/jdk.internal.net.http.HttpClientFacade.send(HttpClientFacade.java:133) ~[java.net.http:na]
	at org.springframework.boot.actuate.autoconfigure.tracing.zipkin.ZipkinHttpClientSender.postSpans(ZipkinHttpClientSender.java:60) ~[spring-boot-actuator-autoconfigure-3.5.6.jar:3.5.6]
	at org.springframework.boot.actuate.autoconfigure.tracing.zipkin.HttpSender.postSpans(HttpSender.java:69) ~[spring-boot-actuator-autoconfigure-3.5.6.jar:3.5.6]
	at org.springframework.boot.actuate.autoconfigure.tracing.zipkin.HttpSender.postSpans(HttpSender.java:41) ~[spring-boot-actuator-autoconfigure-3.5.6.jar:3.5.6]
	at zipkin2.reporter.BaseHttpSender.send(BaseHttpSender.java:123) ~[zipkin-reporter-3.5.1.jar:na]
	at zipkin2.reporter.internal.AsyncReporter$BoundedAsyncReporter.flush(AsyncReporter.java:266) ~[zipkin-reporter-3.5.1.jar:na]
	at zipkin2.reporter.internal.AsyncReporter$Flusher.run(AsyncReporter.java:352) ~[zipkin-reporter-3.5.1.jar:na]
	at java.base/java.lang.Thread.run(Thread.java:1474) ~[na:na]
Caused by: java.net.ConnectException: null
	at java.net.http/jdk.internal.net.http.common.Utils.toConnectException(Utils.java:1070) ~[java.net.http:na]
	at java.net.http/jdk.internal.net.http.PlainHttpConnection.connectAsync(PlainHttpConnection.java:223) ~[java.net.http:na]
	at java.net.http/jdk.internal.net.http.PlainHttpConnection.checkRetryConnect(PlainHttpConnection.java:277) ~[java.net.http:na]
	at java.net.http/jdk.internal.net.http.PlainHttpConnection.lambda$connectAsync$0(PlainHttpConnection.java:235) ~[java.net.http:na]
	at java.base/java.util.concurrent.CompletableFuture.uniHandle(CompletableFuture.java:955) ~[na:na]
	at java.base/java.util.concurrent.CompletableFuture$UniHandle.tryFire(CompletableFuture.java:932) ~[na:na]
	at java.base/java.util.concurrent.CompletableFuture.postComplete(CompletableFuture.java:531) ~[na:na]
	at java.base/java.util.concurrent.CompletableFuture$AsyncSupply.run(CompletableFuture.java:1794) ~[na:na]
	at java.base/java.util.concurrent.ThreadPoolExecutor.runWorker(ThreadPoolExecutor.java:1090) ~[na:na]
	at java.base/java.util.concurrent.ThreadPoolExecutor$Worker.run(ThreadPoolExecutor.java:614) ~[na:na]
	... 1 common frames omitted
Caused by: java.nio.channels.ClosedChannelException: null
	at java.base/sun.nio.ch.SocketChannelImpl.ensureOpen(SocketChannelImpl.java:204) ~[na:na]
	at java.base/sun.nio.ch.SocketChannelImpl.connect(SocketChannelImpl.java:942) ~[na:na]
	at java.net.http/jdk.internal.net.http.PlainHttpConnection.connectAsync(PlainHttpConnection.java:211) ~[java.net.http:na]
	... 9 common frames omitted

2025-12-12T13:05:40.934+07:00  INFO 11708 --- [product-service] [main] [                                                 ] o.s.cloud.commons.util.InetUtils         : Cannot determine local hostname
2025-12-12T13:05:41.944+07:00  INFO 11708 --- [product-service] [main] [                                                 ] o.s.cloud.commons.util.InetUtils         : Cannot determine local hostname
2025-12-12T13:05:42.004+07:00  INFO 11708 --- [product-service] [main] [                                                 ] c.ecommerce.product.ProductApplication   : Started ProductApplication in 20.578 seconds (process running for 22.116)
2025-12-12T13:10:39.178+07:00  INFO 11708 --- [product-service] [AsyncResolver-bootstrap-executor-%d] [                                                 ] c.n.d.s.r.aws.ConfigClusterResolver      : Resolving eureka endpoints via configuration
2025-12-12T13:15:39.218+07:00  INFO 11708 --- [product-service] [AsyncResolver-bootstrap-executor-%d] [                                                 ] c.n.d.s.r.aws.ConfigClusterResolver      : Resolving eureka endpoints via configuration
2025-12-12T13:18:23.271+07:00  INFO 11708 --- [product-service] [http-nio-8081-exec-1] [                                                 ] o.a.c.c.C.[Tomcat].[localhost].[/]       : Initializing Spring DispatcherServlet 'dispatcherServlet'
2025-12-12T13:18:23.284+07:00  INFO 11708 --- [product-service] [http-nio-8081-exec-1] [                                                 ] o.s.web.servlet.DispatcherServlet        : Initializing Servlet 'dispatcherServlet'
2025-12-12T13:18:23.542+07:00  INFO 11708 --- [product-service] [http-nio-8081-exec-1] [                                                 ] o.s.web.servlet.DispatcherServlet        : Completed initialization in 256 ms
2025-12-12T13:20:39.291+07:00  INFO 11708 --- [product-service] [AsyncResolver-bootstrap-executor-%d] [                                                 ] c.n.d.s.r.aws.ConfigClusterResolver      : Resolving eureka endpoints via configuration
2025-12-12T13:25:39.398+07:00  INFO 11708 --- [product-service] [AsyncResolver-bootstrap-executor-%d] [                                                 ] c.n.d.s.r.aws.ConfigClusterResolver      : Resolving eureka endpoints via configuration
2025-12-12T13:30:39.440+07:00  INFO 11708 --- [product-service] [AsyncResolver-bootstrap-executor-%d] [                                                 ] c.n.d.s.r.aws.ConfigClusterResolver      : Resolving eureka endpoints via configuration
2025-12-12T13:35:39.492+07:00  INFO 11708 --- [product-service] [AsyncResolver-bootstrap-executor-%d] [                                                 ] c.n.d.s.r.aws.ConfigClusterResolver      : Resolving eureka endpoints via configuration
2025-12-12T13:40:39.558+07:00  INFO 11708 --- [product-service] [AsyncResolver-bootstrap-executor-%d] [                                                 ] c.n.d.s.r.aws.ConfigClusterResolver      : Resolving eureka endpoints via configuration
2025-12-12T13:45:39.607+07:00  INFO 11708 --- [product-service] [AsyncResolver-bootstrap-executor-%d] [                                                 ] c.n.d.s.r.aws.ConfigClusterResolver      : Resolving eureka endpoints via configuration
2025-12-12T13:50:39.659+07:00  INFO 11708 --- [product-service] [AsyncResolver-bootstrap-executor-%d] [                                                 ] c.n.d.s.r.aws.ConfigClusterResolver      : Resolving eureka endpoints via configuration
2025-12-12T13:55:39.714+07:00  INFO 11708 --- [product-service] [AsyncResolver-bootstrap-executor-%d] [                                                 ] c.n.d.s.r.aws.ConfigClusterResolver      : Resolving eureka endpoints via configuration
2025-12-12T14:00:39.748+07:00  INFO 11708 --- [product-service] [AsyncResolver-bootstrap-executor-%d] [                                                 ] c.n.d.s.r.aws.ConfigClusterResolver      : Resolving eureka endpoints via configuration
2025-12-12T14:05:39.809+07:00  INFO 11708 --- [product-service] [AsyncResolver-bootstrap-executor-%d] [                                                 ] c.n.d.s.r.aws.ConfigClusterResolver      : Resolving eureka endpoints via configuration
2025-12-12T14:09:51.046+07:00  INFO 11708 --- [product-service] [SpringApplicationShutdownHook] [                                                 ] o.s.c.n.e.s.EurekaServiceRegistry        : Unregistering application PRODUCT-SERVICE with eureka with status DOWN
2025-12-12T14:09:51.095+07:00  INFO 11708 --- [product-service] [SpringApplicationShutdownHook] [                                                 ] com.netflix.discovery.DiscoveryClient    : Saw local status change event StatusChangeEvent [timestamp=1765523391094, current=DOWN, previous=UP]
2025-12-12T14:09:51.099+07:00  INFO 11708 --- [product-service] [DiscoveryClient-InstanceInfoReplicator-%d] [                                                 ] com.netflix.discovery.DiscoveryClient    : DiscoveryClient_PRODUCT-SERVICE/localhost:product-service:8081: registering service...
2025-12-12T14:09:51.465+07:00  INFO 11708 --- [product-service] [DiscoveryClient-InstanceInfoReplicator-%d] [                                                 ] com.netflix.discovery.DiscoveryClient    : DiscoveryClient_PRODUCT-SERVICE/localhost:product-service:8081 - registration status: 204
2025-12-12T14:09:51.494+07:00  INFO 11708 --- [product-service] [SpringApplicationShutdownHook] [                                                 ] o.s.b.w.e.tomcat.GracefulShutdown        : Commencing graceful shutdown. Waiting for active requests to complete
2025-12-12T14:09:51.586+07:00  INFO 11708 --- [product-service] [tomcat-shutdown] [                                                 ] o.s.b.w.e.tomcat.GracefulShutdown        : Graceful shutdown complete
2025-12-12T14:09:51.840+07:00  INFO 11708 --- [product-service] [SpringApplicationShutdownHook] [                                                 ] o.s.a.r.l.SimpleMessageListenerContainer : Waiting for workers to finish.
2025-12-12T14:09:52.187+07:00  INFO 11708 --- [product-service] [SpringApplicationShutdownHook] [                                                 ] o.s.a.r.l.SimpleMessageListenerContainer : Successfully waited for workers to finish.
2025-12-12T14:09:52.196+07:00  INFO 11708 --- [product-service] [SpringApplicationShutdownHook] [                                                 ] o.s.i.a.i.AmqpInboundChannelAdapter      : stopped bean 'inbound.springCloudBus.anonymous.lm4TvpAbQuKnbes84XBA2g'
2025-12-12T14:09:52.252+07:00  INFO 11708 --- [product-service] [SpringApplicationShutdownHook] [                                                 ] o.s.c.stream.binder.BinderErrorChannel   : Channel 'product-service.rabbit-1925128083.springCloudBusInput.errors' has 1 subscriber(s).
2025-12-12T14:09:52.265+07:00  INFO 11708 --- [product-service] [SpringApplicationShutdownHook] [                                                 ] o.s.c.stream.binder.BinderErrorChannel   : Channel 'product-service.rabbit-1925128083.springCloudBusInput.errors' has 0 subscriber(s).
2025-12-12T14:09:52.912+07:00  INFO 11708 --- [product-service] [SpringApplicationShutdownHook] [                                                 ] o.s.i.endpoint.EventDrivenConsumer       : Removing {logging-channel-adapter:_org.springframework.integration.errorLogger} as a subscriber to the 'errorChannel' channel
2025-12-12T14:09:52.913+07:00  INFO 11708 --- [product-service] [SpringApplicationShutdownHook] [                                                 ] o.s.i.channel.PublishSubscribeChannel    : Channel 'product-service.errorChannel' has 0 subscriber(s).
2025-12-12T14:09:52.918+07:00  INFO 11708 --- [product-service] [SpringApplicationShutdownHook] [                                                 ] o.s.i.endpoint.EventDrivenConsumer       : stopped bean '_org.springframework.integration.errorLogger'
2025-12-12T14:09:53.096+07:00  INFO 11708 --- [product-service] [SpringApplicationShutdownHook] [                                                 ] j.LocalContainerEntityManagerFactoryBean : Closing JPA EntityManagerFactory for persistence unit 'default'
2025-12-12T14:09:53.202+07:00  INFO 11708 --- [product-service] [SpringApplicationShutdownHook] [                                                 ] com.zaxxer.hikari.HikariDataSource       : HikariPool-1 - Shutdown initiated...
2025-12-12T14:09:53.240+07:00  INFO 11708 --- [product-service] [SpringApplicationShutdownHook] [                                                 ] com.zaxxer.hikari.HikariDataSource       : HikariPool-1 - Shutdown completed.
2025-12-12T14:09:53.968+07:00  INFO 11708 --- [product-service] [SpringApplicationShutdownHook] [                                                 ] com.netflix.discovery.DiscoveryClient    : Shutting down DiscoveryClient ...
2025-12-12T14:09:56.970+07:00  INFO 11708 --- [product-service] [SpringApplicationShutdownHook] [                                                 ] com.netflix.discovery.DiscoveryClient    : Unregistering ...
2025-12-12T14:09:57.088+07:00  INFO 11708 --- [product-service] [SpringApplicationShutdownHook] [                                                 ] c.n.d.s.t.d.RedirectingEurekaHttpClient  : Request execution error. endpoint=DefaultEndpoint{ serviceUrl='http://localhost:8761/eureka/} exception=I/O error on DELETE request for "http://localhost:8761/eureka/apps/PRODUCT-SERVICE/localhost:product-service:8081": Connect to http://localhost:8761 failed: Connection refused: getsockopt stacktrace=org.springframework.web.client.ResourceAccessException: I/O error on DELETE request for "http://localhost:8761/eureka/apps/PRODUCT-SERVICE/localhost:product-service:8081": Connect to http://localhost:8761 failed: Connection refused: getsockopt
	at org.springframework.web.client.RestTemplate.createResourceAccessException(RestTemplate.java:926)
	at org.springframework.web.client.RestTemplate.doExecute(RestTemplate.java:906)
	at org.springframework.web.client.RestTemplate.execute(RestTemplate.java:841)
	at org.springframework.web.client.RestTemplate.exchange(RestTemplate.java:702)
	at org.springframework.cloud.netflix.eureka.http.RestTemplateEurekaHttpClient.cancel(RestTemplateEurekaHttpClient.java:100)
	at com.netflix.discovery.shared.transport.decorator.EurekaHttpClientDecorator$2.execute(EurekaHttpClientDecorator.java:74)
	at com.netflix.discovery.shared.transport.decorator.RedirectingEurekaHttpClient.execute(RedirectingEurekaHttpClient.java:91)
	at com.netflix.discovery.shared.transport.decorator.EurekaHttpClientDecorator.cancel(EurekaHttpClientDecorator.java:71)
	at com.netflix.discovery.shared.transport.decorator.EurekaHttpClientDecorator$2.execute(EurekaHttpClientDecorator.java:74)
	at com.netflix.discovery.shared.transport.decorator.RetryableEurekaHttpClient.execute(RetryableEurekaHttpClient.java:120)
	at com.netflix.discovery.shared.transport.decorator.EurekaHttpClientDecorator.cancel(EurekaHttpClientDecorator.java:71)
	at com.netflix.discovery.shared.transport.decorator.EurekaHttpClientDecorator$2.execute(EurekaHttpClientDecorator.java:74)
	at com.netflix.discovery.shared.transport.decorator.SessionedEurekaHttpClient.execute(SessionedEurekaHttpClient.java:76)
	at com.netflix.discovery.shared.transport.decorator.EurekaHttpClientDecorator.cancel(EurekaHttpClientDecorator.java:71)
	at com.netflix.discovery.DiscoveryClient.unregister(DiscoveryClient.java:919)
	at com.netflix.discovery.DiscoveryClient.shutdown(DiscoveryClient.java:900)
	at java.base/jdk.internal.reflect.DirectMethodHandleAccessor.invoke(DirectMethodHandleAccessor.java:104)
	at java.base/java.lang.reflect.Method.invoke(Method.java:565)
	at org.springframework.beans.factory.annotation.InitDestroyAnnotationBeanPostProcessor$LifecycleMethod.invoke(InitDestroyAnnotationBeanPostProcessor.java:457)
	at org.springframework.beans.factory.annotation.InitDestroyAnnotationBeanPostProcessor$LifecycleMetadata.invokeDestroyMethods(InitDestroyAnnotationBeanPostProcessor.java:415)
	at org.springframework.beans.factory.annotation.InitDestroyAnnotationBeanPostProcessor.postProcessBeforeDestruction(InitDestroyAnnotationBeanPostProcessor.java:239)
	at org.springframework.beans.factory.support.DisposableBeanAdapter.destroy(DisposableBeanAdapter.java:203)
	at org.springframework.beans.factory.support.DisposableBeanAdapter.run(DisposableBeanAdapter.java:196)
	at org.springframework.cloud.context.scope.GenericScope$BeanLifecycleWrapper.destroy(GenericScope.java:387)
	at org.springframework.cloud.context.scope.GenericScope.destroy(GenericScope.java:134)
	at org.springframework.beans.factory.support.DisposableBeanAdapter.destroy(DisposableBeanAdapter.java:212)
	at org.springframework.beans.factory.support.DefaultSingletonBeanRegistry.destroyBean(DefaultSingletonBeanRegistry.java:798)
	at org.springframework.beans.factory.support.DefaultSingletonBeanRegistry.destroySingleton(DefaultSingletonBeanRegistry.java:748)
	at org.springframework.beans.factory.support.DefaultListableBeanFactory.destroySingleton(DefaultListableBeanFactory.java:1489)
	at org.springframework.beans.factory.support.DefaultSingletonBeanRegistry.destroySingletons(DefaultSingletonBeanRegistry.java:707)
	at org.springframework.beans.factory.support.DefaultListableBeanFactory.destroySingletons(DefaultListableBeanFactory.java:1482)
	at org.springframework.context.support.AbstractApplicationContext.destroyBeans(AbstractApplicationContext.java:1219)
	at org.springframework.context.support.AbstractApplicationContext.doClose(AbstractApplicationContext.java:1180)
	at org.springframework.boot.web.servlet.context.ServletWebServerApplicationContext.doClose(ServletWebServerApplicationContext.java:179)
	at org.springframework.context.support.AbstractApplicationContext.close(AbstractApplicationContext.java:1126)
	at org.springframework.boot.SpringApplicationShutdownHook.closeAndWait(SpringApplicationShutdownHook.java:147)
	at java.base/java.lang.Iterable.forEach(Iterable.java:75)
	at org.springframework.boot.SpringApplicationShutdownHook.run(SpringApplicationShutdownHook.java:116)
	at java.base/java.lang.Thread.run(Thread.java:1474)
Caused by: org.apache.hc.client5.http.HttpHostConnectException: Connect to http://localhost:8761 failed: Connection refused: getsockopt
	at java.base/sun.nio.ch.Net.pollConnect(Native Method)
	at java.base/sun.nio.ch.Net.pollConnectNow(Net.java:639)
	at java.base/sun.nio.ch.NioSocketImpl.timedFinishConnect(NioSocketImpl.java:543)
	at java.base/sun.nio.ch.NioSocketImpl.connect(NioSocketImpl.java:594)
	at java.base/java.net.SocksSocketImpl.connect(SocksSocketImpl.java:284)
	at java.base/java.net.Socket.connect(Socket.java:659)
	at org.apache.hc.client5.http.impl.io.DefaultHttpClientConnectionOperator.connect(DefaultHttpClientConnectionOperator.java:205)
	at org.apache.hc.client5.http.impl.io.PoolingHttpClientConnectionManager.connect(PoolingHttpClientConnectionManager.java:490)
	at org.apache.hc.client5.http.impl.classic.InternalExecRuntime.connectEndpoint(InternalExecRuntime.java:164)
	at org.apache.hc.client5.http.impl.classic.InternalExecRuntime.connectEndpoint(InternalExecRuntime.java:174)
	at org.apache.hc.client5.http.impl.classic.ConnectExec.execute(ConnectExec.java:144)
	at org.apache.hc.client5.http.impl.classic.ExecChainElement.execute(ExecChainElement.java:51)
	at org.apache.hc.client5.http.impl.classic.ProtocolExec.execute(ProtocolExec.java:195)
	at org.apache.hc.client5.http.impl.classic.ExecChainElement.execute(ExecChainElement.java:51)
	at org.apache.hc.client5.http.impl.classic.ContentCompressionExec.execute(ContentCompressionExec.java:150)
	at org.apache.hc.client5.http.impl.classic.ExecChainElement.execute(ExecChainElement.java:51)
	at org.apache.hc.client5.http.impl.classic.HttpRequestRetryExec.execute(HttpRequestRetryExec.java:113)
	at org.apache.hc.client5.http.impl.classic.ExecChainElement.execute(ExecChainElement.java:51)
	at org.apache.hc.client5.http.impl.classic.RedirectExec.execute(RedirectExec.java:110)
	at org.apache.hc.client5.http.impl.classic.ExecChainElement.execute(ExecChainElement.java:51)
	at org.apache.hc.client5.http.impl.classic.InternalHttpClient.doExecute(InternalHttpClient.java:185)
	at org.apache.hc.client5.http.impl.classic.CloseableHttpClient.execute(CloseableHttpClient.java:87)
	at org.apache.hc.client5.http.impl.classic.CloseableHttpClient.execute(CloseableHttpClient.java:55)
	at org.apache.hc.client5.http.classic.HttpClient.executeOpen(HttpClient.java:183)
	at org.springframework.http.client.HttpComponentsClientHttpRequest.executeInternal(HttpComponentsClientHttpRequest.java:99)
	at org.springframework.http.client.AbstractStreamingClientHttpRequest.executeInternal(AbstractStreamingClientHttpRequest.java:71)
	at org.springframework.http.client.AbstractClientHttpRequest.execute(AbstractClientHttpRequest.java:81)
	at org.springframework.http.client.InterceptingClientHttpRequest$InterceptingRequestExecution.execute(InterceptingClientHttpRequest.java:117)
	at org.springframework.cloud.netflix.eureka.http.RestTemplateTransportClientFactory.lambda$restTemplate$2(RestTemplateTransportClientFactory.java:145)
	at org.springframework.http.client.InterceptingClientHttpRequest$InterceptingRequestExecution.execute(InterceptingClientHttpRequest.java:88)
	at org.springframework.http.client.InterceptingClientHttpRequest.executeInternal(InterceptingClientHttpRequest.java:72)
	at org.springframework.http.client.AbstractBufferingClientHttpRequest.executeInternal(AbstractBufferingClientHttpRequest.java:48)
	at org.springframework.http.client.AbstractClientHttpRequest.execute(AbstractClientHttpRequest.java:81)
	at org.springframework.web.client.RestTemplate.doExecute(RestTemplate.java:900)
	... 37 more

2025-12-12T14:09:57.090+07:00  WARN 11708 --- [product-service] [SpringApplicationShutdownHook] [                                                 ] c.n.d.s.t.d.RetryableEurekaHttpClient    : Request execution failed with message: I/O error on DELETE request for "http://localhost:8761/eureka/apps/PRODUCT-SERVICE/localhost:product-service:8081": Connect to http://localhost:8761 failed: Connection refused: getsockopt
2025-12-12T14:09:57.196+07:00  INFO 11708 --- [product-service] [SpringApplicationShutdownHook] [                                                 ] c.n.d.s.t.d.RedirectingEurekaHttpClient  : Request execution error. endpoint=DefaultEndpoint{ serviceUrl='http://localhost:8761/eureka/}, exception=I/O error on DELETE request for "http://localhost:8761/eureka/apps/PRODUCT-SERVICE/localhost:product-service:8081": Connect to http://localhost:8761 failed: Connection refused: getsockopt stacktrace=org.springframework.web.client.ResourceAccessException: I/O error on DELETE request for "http://localhost:8761/eureka/apps/PRODUCT-SERVICE/localhost:product-service:8081": Connect to http://localhost:8761 failed: Connection refused: getsockopt
	at org.springframework.web.client.RestTemplate.createResourceAccessException(RestTemplate.java:926)
	at org.springframework.web.client.RestTemplate.doExecute(RestTemplate.java:906)
	at org.springframework.web.client.RestTemplate.execute(RestTemplate.java:841)
	at org.springframework.web.client.RestTemplate.exchange(RestTemplate.java:702)
	at org.springframework.cloud.netflix.eureka.http.RestTemplateEurekaHttpClient.cancel(RestTemplateEurekaHttpClient.java:100)
	at com.netflix.discovery.shared.transport.decorator.EurekaHttpClientDecorator$2.execute(EurekaHttpClientDecorator.java:74)
	at com.netflix.discovery.shared.transport.decorator.RedirectingEurekaHttpClient.executeOnNewServer(RedirectingEurekaHttpClient.java:121)
	at com.netflix.discovery.shared.transport.decorator.RedirectingEurekaHttpClient.execute(RedirectingEurekaHttpClient.java:80)
	at com.netflix.discovery.shared.transport.decorator.EurekaHttpClientDecorator.cancel(EurekaHttpClientDecorator.java:71)
	at com.netflix.discovery.shared.transport.decorator.EurekaHttpClientDecorator$2.execute(EurekaHttpClientDecorator.java:74)
	at com.netflix.discovery.shared.transport.decorator.RetryableEurekaHttpClient.execute(RetryableEurekaHttpClient.java:120)
	at com.netflix.discovery.shared.transport.decorator.EurekaHttpClientDecorator.cancel(EurekaHttpClientDecorator.java:71)
	at com.netflix.discovery.shared.transport.decorator.EurekaHttpClientDecorator$2.execute(EurekaHttpClientDecorator.java:74)
	at com.netflix.discovery.shared.transport.decorator.SessionedEurekaHttpClient.execute(SessionedEurekaHttpClient.java:76)
	at com.netflix.discovery.shared.transport.decorator.EurekaHttpClientDecorator.cancel(EurekaHttpClientDecorator.java:71)
	at com.netflix.discovery.DiscoveryClient.unregister(DiscoveryClient.java:919)
	at com.netflix.discovery.DiscoveryClient.shutdown(DiscoveryClient.java:900)
	at java.base/jdk.internal.reflect.DirectMethodHandleAccessor.invoke(DirectMethodHandleAccessor.java:104)
	at java.base/java.lang.reflect.Method.invoke(Method.java:565)
	at org.springframework.beans.factory.annotation.InitDestroyAnnotationBeanPostProcessor$LifecycleMethod.invoke(InitDestroyAnnotationBeanPostProcessor.java:457)
	at org.springframework.beans.factory.annotation.InitDestroyAnnotationBeanPostProcessor$LifecycleMetadata.invokeDestroyMethods(InitDestroyAnnotationBeanPostProcessor.java:415)
	at org.springframework.beans.factory.annotation.InitDestroyAnnotationBeanPostProcessor.postProcessBeforeDestruction(InitDestroyAnnotationBeanPostProcessor.java:239)
	at org.springframework.beans.factory.support.DisposableBeanAdapter.destroy(DisposableBeanAdapter.java:203)
	at org.springframework.beans.factory.support.DisposableBeanAdapter.run(DisposableBeanAdapter.java:196)
	at org.springframework.cloud.context.scope.GenericScope$BeanLifecycleWrapper.destroy(GenericScope.java:387)
	at org.springframework.cloud.context.scope.GenericScope.destroy(GenericScope.java:134)
	at org.springframework.beans.factory.support.DisposableBeanAdapter.destroy(DisposableBeanAdapter.java:212)
	at org.springframework.beans.factory.support.DefaultSingletonBeanRegistry.destroyBean(DefaultSingletonBeanRegistry.java:798)
	at org.springframework.beans.factory.support.DefaultSingletonBeanRegistry.destroySingleton(DefaultSingletonBeanRegistry.java:748)
	at org.springframework.beans.factory.support.DefaultListableBeanFactory.destroySingleton(DefaultListableBeanFactory.java:1489)
	at org.springframework.beans.factory.support.DefaultSingletonBeanRegistry.destroySingletons(DefaultSingletonBeanRegistry.java:707)
	at org.springframework.beans.factory.support.DefaultListableBeanFactory.destroySingletons(DefaultListableBeanFactory.java:1482)
	at org.springframework.context.support.AbstractApplicationContext.destroyBeans(AbstractApplicationContext.java:1219)
	at org.springframework.context.support.AbstractApplicationContext.doClose(AbstractApplicationContext.java:1180)
	at org.springframework.boot.web.servlet.context.ServletWebServerApplicationContext.doClose(ServletWebServerApplicationContext.java:179)
	at org.springframework.context.support.AbstractApplicationContext.close(AbstractApplicationContext.java:1126)
	at org.springframework.boot.SpringApplicationShutdownHook.closeAndWait(SpringApplicationShutdownHook.java:147)
	at java.base/java.lang.Iterable.forEach(Iterable.java:75)
	at org.springframework.boot.SpringApplicationShutdownHook.run(SpringApplicationShutdownHook.java:116)
	at java.base/java.lang.Thread.run(Thread.java:1474)
Caused by: org.apache.hc.client5.http.HttpHostConnectException: Connect to http://localhost:8761 failed: Connection refused: getsockopt
	at java.base/sun.nio.ch.Net.pollConnect(Native Method)
	at java.base/sun.nio.ch.Net.pollConnectNow(Net.java:639)
	at java.base/sun.nio.ch.NioSocketImpl.timedFinishConnect(NioSocketImpl.java:543)
	at java.base/sun.nio.ch.NioSocketImpl.connect(NioSocketImpl.java:594)
	at java.base/java.net.SocksSocketImpl.connect(SocksSocketImpl.java:284)
	at java.base/java.net.Socket.connect(Socket.java:659)
	at org.apache.hc.client5.http.impl.io.DefaultHttpClientConnectionOperator.connect(DefaultHttpClientConnectionOperator.java:205)
	at org.apache.hc.client5.http.impl.io.PoolingHttpClientConnectionManager.connect(PoolingHttpClientConnectionManager.java:490)
	at org.apache.hc.client5.http.impl.classic.InternalExecRuntime.connectEndpoint(InternalExecRuntime.java:164)
	at org.apache.hc.client5.http.impl.classic.InternalExecRuntime.connectEndpoint(InternalExecRuntime.java:174)
	at org.apache.hc.client5.http.impl.classic.ConnectExec.execute(ConnectExec.java:144)
	at org.apache.hc.client5.http.impl.classic.ExecChainElement.execute(ExecChainElement.java:51)
	at org.apache.hc.client5.http.impl.classic.ProtocolExec.execute(ProtocolExec.java:195)
	at org.apache.hc.client5.http.impl.classic.ExecChainElement.execute(ExecChainElement.java:51)
	at org.apache.hc.client5.http.impl.classic.ContentCompressionExec.execute(ContentCompressionExec.java:150)
	at org.apache.hc.client5.http.impl.classic.ExecChainElement.execute(ExecChainElement.java:51)
	at org.apache.hc.client5.http.impl.classic.HttpRequestRetryExec.execute(HttpRequestRetryExec.java:113)
	at org.apache.hc.client5.http.impl.classic.ExecChainElement.execute(ExecChainElement.java:51)
	at org.apache.hc.client5.http.impl.classic.RedirectExec.execute(RedirectExec.java:110)
	at org.apache.hc.client5.http.impl.classic.ExecChainElement.execute(ExecChainElement.java:51)
	at org.apache.hc.client5.http.impl.classic.InternalHttpClient.doExecute(InternalHttpClient.java:185)
	at org.apache.hc.client5.http.impl.classic.CloseableHttpClient.execute(CloseableHttpClient.java:87)
	at org.apache.hc.client5.http.impl.classic.CloseableHttpClient.execute(CloseableHttpClient.java:55)
	at org.apache.hc.client5.http.classic.HttpClient.executeOpen(HttpClient.java:183)
	at org.springframework.http.client.HttpComponentsClientHttpRequest.executeInternal(HttpComponentsClientHttpRequest.java:99)
	at org.springframework.http.client.AbstractStreamingClientHttpRequest.executeInternal(AbstractStreamingClientHttpRequest.java:71)
	at org.springframework.http.client.AbstractClientHttpRequest.execute(AbstractClientHttpRequest.java:81)
	at org.springframework.http.client.InterceptingClientHttpRequest$InterceptingRequestExecution.execute(InterceptingClientHttpRequest.java:117)
	at org.springframework.cloud.netflix.eureka.http.RestTemplateTransportClientFactory.lambda$restTemplate$2(RestTemplateTransportClientFactory.java:145)
	at org.springframework.http.client.InterceptingClientHttpRequest$InterceptingRequestExecution.execute(InterceptingClientHttpRequest.java:88)
	at org.springframework.http.client.InterceptingClientHttpRequest.executeInternal(InterceptingClientHttpRequest.java:72)
	at org.springframework.http.client.AbstractBufferingClientHttpRequest.executeInternal(AbstractBufferingClientHttpRequest.java:48)
	at org.springframework.http.client.AbstractClientHttpRequest.execute(AbstractClientHttpRequest.java:81)
	at org.springframework.web.client.RestTemplate.doExecute(RestTemplate.java:900)
	... 38 more

2025-12-12T14:09:57.267+07:00  WARN 11708 --- [product-service] [SpringApplicationShutdownHook] [                                                 ] c.n.d.s.t.d.RetryableEurekaHttpClient    : Request execution failed with message: I/O error on DELETE request for "http://localhost:8761/eureka/apps/PRODUCT-SERVICE/localhost:product-service:8081": Connect to http://localhost:8761 failed: Connection refused: getsockopt
2025-12-12T14:09:57.268+07:00 ERROR 11708 --- [product-service] [SpringApplicationShutdownHook] [                                                 ] com.netflix.discovery.DiscoveryClient    : DiscoveryClient_PRODUCT-SERVICE/localhost:product-service:8081 - de-registration failedCannot execute request on any known server

com.netflix.discovery.shared.transport.TransportException: Cannot execute request on any known server
	at com.netflix.discovery.shared.transport.decorator.RetryableEurekaHttpClient.execute(RetryableEurekaHttpClient.java:112) ~[eureka-client-2.0.4.jar:2.0.4]
	at com.netflix.discovery.shared.transport.decorator.EurekaHttpClientDecorator.cancel(EurekaHttpClientDecorator.java:71) ~[eureka-client-2.0.4.jar:2.0.4]
	at com.netflix.discovery.shared.transport.decorator.EurekaHttpClientDecorator$2.execute(EurekaHttpClientDecorator.java:74) ~[eureka-client-2.0.4.jar:2.0.4]
	at com.netflix.discovery.shared.transport.decorator.SessionedEurekaHttpClient.execute(SessionedEurekaHttpClient.java:76) ~[eureka-client-2.0.4.jar:2.0.4]
	at com.netflix.discovery.shared.transport.decorator.EurekaHttpClientDecorator.cancel(EurekaHttpClientDecorator.java:71) ~[eureka-client-2.0.4.jar:2.0.4]
	at com.netflix.discovery.DiscoveryClient.unregister(DiscoveryClient.java:919) ~[eureka-client-2.0.4.jar:2.0.4]
	at com.netflix.discovery.DiscoveryClient.shutdown(DiscoveryClient.java:900) ~[eureka-client-2.0.4.jar:2.0.4]
	at java.base/jdk.internal.reflect.DirectMethodHandleAccessor.invoke(DirectMethodHandleAccessor.java:104) ~[na:na]
	at java.base/java.lang.reflect.Method.invoke(Method.java:565) ~[na:na]
	at org.springframework.beans.factory.annotation.InitDestroyAnnotationBeanPostProcessor$LifecycleMethod.invoke(InitDestroyAnnotationBeanPostProcessor.java:457) ~[spring-beans-6.2.11.jar:6.2.11]
	at org.springframework.beans.factory.annotation.InitDestroyAnnotationBeanPostProcessor$LifecycleMetadata.invokeDestroyMethods(InitDestroyAnnotationBeanPostProcessor.java:415) ~[spring-beans-6.2.11.jar:6.2.11]
	at org.springframework.beans.factory.annotation.InitDestroyAnnotationBeanPostProcessor.postProcessBeforeDestruction(InitDestroyAnnotationBeanPostProcessor.java:239) ~[spring-beans-6.2.11.jar:6.2.11]
	at org.springframework.beans.factory.support.DisposableBeanAdapter.destroy(DisposableBeanAdapter.java:203) ~[spring-beans-6.2.11.jar:6.2.11]
	at org.springframework.beans.factory.support.DisposableBeanAdapter.run(DisposableBeanAdapter.java:196) ~[spring-beans-6.2.11.jar:6.2.11]
	at org.springframework.cloud.context.scope.GenericScope$BeanLifecycleWrapper.destroy(GenericScope.java:387) ~[spring-cloud-context-4.3.0.jar:4.3.0]
	at org.springframework.cloud.context.scope.GenericScope.destroy(GenericScope.java:134) ~[spring-cloud-context-4.3.0.jar:4.3.0]
	at org.springframework.beans.factory.support.DisposableBeanAdapter.destroy(DisposableBeanAdapter.java:212) ~[spring-beans-6.2.11.jar:6.2.11]
	at org.springframework.beans.factory.support.DefaultSingletonBeanRegistry.destroyBean(DefaultSingletonBeanRegistry.java:798) ~[spring-beans-6.2.11.jar:6.2.11]
	at org.springframework.beans.factory.support.DefaultSingletonBeanRegistry.destroySingleton(DefaultSingletonBeanRegistry.java:748) ~[spring-beans-6.2.11.jar:6.2.11]
	at org.springframework.beans.factory.support.DefaultListableBeanFactory.destroySingleton(DefaultListableBeanFactory.java:1489) ~[spring-beans-6.2.11.jar:6.2.11]
	at org.springframework.beans.factory.support.DefaultSingletonBeanRegistry.destroySingletons(DefaultSingletonBeanRegistry.java:707) ~[spring-beans-6.2.11.jar:6.2.11]
	at org.springframework.beans.factory.support.DefaultListableBeanFactory.destroySingletons(DefaultListableBeanFactory.java:1482) ~[spring-beans-6.2.11.jar:6.2.11]
	at org.springframework.context.support.AbstractApplicationContext.destroyBeans(AbstractApplicationContext.java:1219) ~[spring-context-6.2.11.jar:6.2.11]
	at org.springframework.context.support.AbstractApplicationContext.doClose(AbstractApplicationContext.java:1180) ~[spring-context-6.2.11.jar:6.2.11]
	at org.springframework.boot.web.servlet.context.ServletWebServerApplicationContext.doClose(ServletWebServerApplicationContext.java:179) ~[spring-boot-3.5.6.jar:3.5.6]
	at org.springframework.context.support.AbstractApplicationContext.close(AbstractApplicationContext.java:1126) ~[spring-context-6.2.11.jar:6.2.11]
	at org.springframework.boot.SpringApplicationShutdownHook.closeAndWait(SpringApplicationShutdownHook.java:147) ~[spring-boot-3.5.6.jar:3.5.6]
	at java.base/java.lang.Iterable.forEach(Iterable.java:75) ~[na:na]
	at org.springframework.boot.SpringApplicationShutdownHook.run(SpringApplicationShutdownHook.java:116) ~[spring-boot-3.5.6.jar:3.5.6]
	at java.base/java.lang.Thread.run(Thread.java:1474) ~[na:na]

2025-12-12T14:09:57.284+07:00  INFO 11708 --- [product-service] [SpringApplicationShutdownHook] [                                                 ] com.netflix.discovery.DiscoveryClient    : Completed shut down of DiscoveryClient
2025-12-12T19:39:27.930+07:00  INFO 29924 --- [product-service] [main] [                                                 ] c.ecommerce.product.ProductApplication   : Starting ProductApplication using Java 25 with PID 29924 (D:\ecom-microservices\product\target\classes started by Admin in D:\ecom-microservices)
2025-12-12T19:39:27.939+07:00  INFO 29924 --- [product-service] [main] [                                                 ] c.ecommerce.product.ProductApplication   : No active profile set, falling back to 1 default profile: "default"
2025-12-12T19:39:28.052+07:00  INFO 29924 --- [product-service] [main] [                                                 ] o.s.c.c.c.ConfigServerConfigDataLoader   : Fetching config from server at : http://localhost:8888
2025-12-12T19:39:28.053+07:00  INFO 29924 --- [product-service] [main] [                                                 ] o.s.c.c.c.ConfigServerConfigDataLoader   : Located environment: name=product-service, profiles=[default], label=null, version=null, state=null
2025-12-12T19:39:31.125+07:00  INFO 29924 --- [product-service] [main] [                                                 ] .s.d.r.c.RepositoryConfigurationDelegate : Bootstrapping Spring Data JPA repositories in DEFAULT mode.
2025-12-12T19:39:31.350+07:00  INFO 29924 --- [product-service] [main] [                                                 ] .s.d.r.c.RepositoryConfigurationDelegate : Finished Spring Data repository scanning in 204 ms. Found 1 JPA repository interface.
2025-12-12T19:39:31.923+07:00  INFO 29924 --- [product-service] [main] [                                                 ] faultConfiguringBeanFactoryPostProcessor : No bean named 'errorChannel' has been explicitly defined. Therefore, a default PublishSubscribeChannel will be created.
2025-12-12T19:39:31.932+07:00  INFO 29924 --- [product-service] [main] [                                                 ] faultConfiguringBeanFactoryPostProcessor : No bean named 'integrationHeaderChannelRegistry' has been explicitly defined. Therefore, a default DefaultHeaderChannelRegistry will be created.
2025-12-12T19:39:32.217+07:00  INFO 29924 --- [product-service] [main] [                                                 ] o.s.cloud.context.scope.GenericScope     : BeanFactory id=76ec7cee-91b7-3e12-a33b-d2ab72530fe7
2025-12-12T19:39:33.318+07:00  INFO 29924 --- [product-service] [main] [                                                 ] o.s.b.w.embedded.tomcat.TomcatWebServer  : Tomcat initialized with port 8081 (http)
2025-12-12T19:39:33.335+07:00  INFO 29924 --- [product-service] [main] [                                                 ] o.apache.catalina.core.StandardService   : Starting service [Tomcat]
2025-12-12T19:39:33.336+07:00  INFO 29924 --- [product-service] [main] [                                                 ] o.apache.catalina.core.StandardEngine    : Starting Servlet engine: [Apache Tomcat/10.1.46]
2025-12-12T19:39:33.427+07:00  INFO 29924 --- [product-service] [main] [                                                 ] o.a.c.c.C.[Tomcat].[localhost].[/]       : Initializing Spring embedded WebApplicationContext
2025-12-12T19:39:33.428+07:00  INFO 29924 --- [product-service] [main] [                                                 ] w.s.c.ServletWebServerApplicationContext : Root WebApplicationContext: initialization completed in 5353 ms
2025-12-12T19:39:34.686+07:00  INFO 29924 --- [product-service] [main] [                                                 ] o.hibernate.jpa.internal.util.LogHelper  : HHH000204: Processing PersistenceUnitInfo [name: default]
2025-12-12T19:39:34.759+07:00  INFO 29924 --- [product-service] [main] [                                                 ] org.hibernate.Version                    : HHH000412: Hibernate ORM core version 6.6.29.Final
2025-12-12T19:39:34.802+07:00  INFO 29924 --- [product-service] [main] [                                                 ] o.h.c.internal.RegionFactoryInitiator    : HHH000026: Second-level cache disabled
2025-12-12T19:39:35.061+07:00  INFO 29924 --- [product-service] [main] [                                                 ] o.s.o.j.p.SpringPersistenceUnitInfo      : No LoadTimeWeaver setup: ignoring JPA class transformer
2025-12-12T19:39:35.094+07:00  INFO 29924 --- [product-service] [main] [                                                 ] com.zaxxer.hikari.HikariDataSource       : HikariPool-1 - Starting...
2025-12-12T19:39:35.256+07:00  INFO 29924 --- [product-service] [main] [                                                 ] com.zaxxer.hikari.pool.HikariPool        : HikariPool-1 - Added connection org.postgresql.jdbc.PgConnection@6a90b5e8
2025-12-12T19:39:35.259+07:00  INFO 29924 --- [product-service] [main] [                                                 ] com.zaxxer.hikari.HikariDataSource       : HikariPool-1 - Start completed.
2025-12-12T19:39:35.313+07:00  WARN 29924 --- [product-service] [main] [                                                 ] org.hibernate.orm.deprecation            : HHH90000025: PostgreSQLDialect does not need to be specified explicitly using 'hibernate.dialect' (remove the property setting and it will be selected by default)
2025-12-12T19:39:35.339+07:00  INFO 29924 --- [product-service] [main] [                                                 ] org.hibernate.orm.connections.pooling    : HHH10001005: Database info:
	Database JDBC URL [Connecting through datasource 'HikariDataSource (HikariPool-1)']
	Database driver: undefined/unknown
	Database version: 14.19
	Autocommit mode: undefined/unknown
	Isolation level: undefined/unknown
	Minimum pool size: undefined/unknown
	Maximum pool size: undefined/unknown
2025-12-12T19:39:36.357+07:00  INFO 29924 --- [product-service] [main] [                                                 ] o.h.e.t.j.p.i.JtaPlatformInitiator       : HHH000489: No JTA platform available (set 'hibernate.transaction.jta.platform' to enable JTA platform integration)
2025-12-12T19:39:36.459+07:00  INFO 29924 --- [product-service] [main] [                                                 ] j.LocalContainerEntityManagerFactoryBean : Initialized JPA EntityManagerFactory for persistence unit 'default'
2025-12-12T19:39:36.860+07:00  INFO 29924 --- [product-service] [main] [                                                 ] o.s.d.j.r.query.QueryEnhancerFactory     : Hibernate is in classpath; If applicable, HQL parser will be used.
2025-12-12T19:39:37.839+07:00  WARN 29924 --- [product-service] [main] [                                                 ] JpaBaseConfiguration$JpaWebConfiguration : spring.jpa.open-in-view is enabled by default. Therefore, database queries may be performed during view rendering. Explicitly configure spring.jpa.open-in-view to disable this warning
2025-12-12T19:39:39.833+07:00  INFO 29924 --- [product-service] [main] [                                                 ] o.s.cloud.commons.util.InetUtils         : Cannot determine local hostname
2025-12-12T19:39:40.904+07:00  INFO 29924 --- [product-service] [main] [                                                 ] o.s.cloud.commons.util.InetUtils         : Cannot determine local hostname
2025-12-12T19:39:41.662+07:00  WARN 29924 --- [product-service] [main] [                                                 ] c.f.c.c.BeanFactoryAwareFunctionRegistry : Failed to locate function 'busConsumer' for function definition 'busConsumer'. Returning null.
2025-12-12T19:39:41.809+07:00  INFO 29924 --- [product-service] [main] [                                                 ] o.s.c.s.m.DirectWithAttributesChannel    : Channel 'product-service.springCloudBusInput' has 1 subscriber(s).
2025-12-12T19:39:43.366+07:00  INFO 29924 --- [product-service] [main] [                                                 ] o.s.cloud.commons.util.InetUtils         : Cannot determine local hostname
2025-12-12T19:39:43.390+07:00  INFO 29924 --- [product-service] [main] [                                                 ] DiscoveryClientOptionalArgsConfiguration : Eureka HTTP Client uses RestTemplate.
2025-12-12T19:39:43.468+07:00  WARN 29924 --- [product-service] [main] [                                                 ] iguration$LoadBalancerCaffeineWarnLogger : Spring Cloud LoadBalancer is currently working with the default cache. While this cache implementation is useful for development and tests, it's recommended to use Caffeine cache in production.You can switch to using Caffeine cache, by adding it and org.springframework.cache.caffeine.CaffeineCacheManager to the classpath.
2025-12-12T19:39:43.483+07:00  INFO 29924 --- [product-service] [main] [                                                 ] o.s.b.a.e.web.EndpointLinksResolver      : Exposing 35 endpoints beneath base path '/actuator'
2025-12-12T19:39:43.635+07:00  INFO 29924 --- [product-service] [main] [                                                 ] o.s.i.endpoint.EventDrivenConsumer       : Adding {logging-channel-adapter:_org.springframework.integration.errorLogger} as a subscriber to the 'errorChannel' channel
2025-12-12T19:39:43.636+07:00  INFO 29924 --- [product-service] [main] [                                                 ] o.s.i.channel.PublishSubscribeChannel    : Channel 'product-service.errorChannel' has 1 subscriber(s).
2025-12-12T19:39:43.636+07:00  INFO 29924 --- [product-service] [main] [                                                 ] o.s.i.endpoint.EventDrivenConsumer       : started bean '_org.springframework.integration.errorLogger'
2025-12-12T19:39:43.686+07:00  INFO 29924 --- [product-service] [main] [                                                 ] o.s.c.n.eureka.InstanceInfoFactory       : Setting initial instance status as: STARTING
2025-12-12T19:39:43.713+07:00  INFO 29924 --- [product-service] [main] [                                                 ] com.netflix.discovery.DiscoveryClient    : Initializing Eureka in region us-east-1
2025-12-12T19:39:43.716+07:00  INFO 29924 --- [product-service] [main] [                                                 ] c.n.d.s.r.aws.ConfigClusterResolver      : Resolving eureka endpoints via configuration
2025-12-12T19:39:43.725+07:00  INFO 29924 --- [product-service] [main] [                                                 ] com.netflix.discovery.DiscoveryClient    : Disable delta property : false
2025-12-12T19:39:43.725+07:00  INFO 29924 --- [product-service] [main] [                                                 ] com.netflix.discovery.DiscoveryClient    : Single vip registry refresh property : null
2025-12-12T19:39:43.726+07:00  INFO 29924 --- [product-service] [main] [                                                 ] com.netflix.discovery.DiscoveryClient    : Force full registry fetch : false
2025-12-12T19:39:43.726+07:00  INFO 29924 --- [product-service] [main] [                                                 ] com.netflix.discovery.DiscoveryClient    : Application is null : false
2025-12-12T19:39:43.726+07:00  INFO 29924 --- [product-service] [main] [                                                 ] com.netflix.discovery.DiscoveryClient    : Registered Applications size is zero : true
2025-12-12T19:39:43.726+07:00  INFO 29924 --- [product-service] [main] [                                                 ] com.netflix.discovery.DiscoveryClient    : Application version is -1: true
2025-12-12T19:39:43.726+07:00  INFO 29924 --- [product-service] [main] [                                                 ] com.netflix.discovery.DiscoveryClient    : Getting all instance registry info from the eureka server
2025-12-12T19:39:43.976+07:00  INFO 29924 --- [product-service] [main] [                                                 ] com.netflix.discovery.DiscoveryClient    : The response status is 200
2025-12-12T19:39:43.977+07:00  INFO 29924 --- [product-service] [main] [                                                 ] com.netflix.discovery.DiscoveryClient    : Starting heartbeat executor: renew interval is: 30
2025-12-12T19:39:43.979+07:00  INFO 29924 --- [product-service] [main] [                                                 ] c.n.discovery.InstanceInfoReplicator     : InstanceInfoReplicator onDemand update allowed rate per min is 4
2025-12-12T19:39:43.980+07:00  INFO 29924 --- [product-service] [main] [                                                 ] com.netflix.discovery.DiscoveryClient    : Discovery Client initialized at timestamp 1765543183980 with initial instances count: 0
2025-12-12T19:39:43.990+07:00  INFO 29924 --- [product-service] [main] [                                                 ] o.s.c.n.e.s.EurekaServiceRegistry        : Registering application PRODUCT-SERVICE with eureka with status UP
2025-12-12T19:39:43.991+07:00  INFO 29924 --- [product-service] [main] [                                                 ] com.netflix.discovery.DiscoveryClient    : Saw local status change event StatusChangeEvent [timestamp=1765543183991, current=UP, previous=STARTING]
2025-12-12T19:39:43.993+07:00  INFO 29924 --- [product-service] [DiscoveryClient-InstanceInfoReplicator-%d] [                                                 ] com.netflix.discovery.DiscoveryClient    : DiscoveryClient_PRODUCT-SERVICE/localhost:product-service:8081: registering service...
2025-12-12T19:39:43.994+07:00  INFO 29924 --- [product-service] [main] [                                                 ] o.s.c.s.binder.DefaultBinderFactory      : Creating binder: rabbit
2025-12-12T19:39:43.995+07:00  INFO 29924 --- [product-service] [main] [                                                 ] o.s.c.s.binder.DefaultBinderFactory      : Constructing binder child context for rabbit
2025-12-12T19:39:44.048+07:00  INFO 29924 --- [product-service] [DiscoveryClient-InstanceInfoReplicator-%d] [                                                 ] com.netflix.discovery.DiscoveryClient    : DiscoveryClient_PRODUCT-SERVICE/localhost:product-service:8081 - registration status: 204
2025-12-12T19:39:44.140+07:00  INFO 29924 --- [product-service] [main] [                                                 ] o.s.c.s.binder.DefaultBinderFactory      : Caching the binder: rabbit
2025-12-12T19:39:44.154+07:00  INFO 29924 --- [product-service] [main] [                                                 ] c.s.b.r.p.RabbitExchangeQueueProvisioner : declaring queue for inbound: springCloudBus.anonymous.yMxNrfsMS_mi3GSCsJcxhA, bound to: springCloudBus
2025-12-12T19:39:44.159+07:00  INFO 29924 --- [product-service] [main] [                                                 ] o.s.a.r.c.CachingConnectionFactory       : Attempting to connect to: [localhost:5672]
2025-12-12T19:39:44.215+07:00  INFO 29924 --- [product-service] [main] [                                                 ] o.s.a.r.c.CachingConnectionFactory       : Created new connection: rabbitConnectionFactory#71312bcb:0/SimpleConnection@62733827 [delegate=amqp://guest@127.0.0.1:5672/, localPort=63987]
2025-12-12T19:39:44.294+07:00  INFO 29924 --- [product-service] [main] [                                                 ] o.s.c.stream.binder.BinderErrorChannel   : Channel 'rabbit-225428415.springCloudBusInput.errors' has 1 subscriber(s).
2025-12-12T19:39:44.297+07:00  INFO 29924 --- [product-service] [main] [                                                 ] o.s.c.stream.binder.BinderErrorChannel   : Channel 'rabbit-225428415.springCloudBusInput.errors' has 2 subscriber(s).
2025-12-12T19:39:44.323+07:00  INFO 29924 --- [product-service] [main] [                                                 ] o.s.i.a.i.AmqpInboundChannelAdapter      : started bean 'inbound.springCloudBus.anonymous.yMxNrfsMS_mi3GSCsJcxhA'
2025-12-12T19:39:44.339+07:00  INFO 29924 --- [product-service] [main] [                                                 ] o.s.b.w.embedded.tomcat.TomcatWebServer  : Tomcat started on port 8081 (http) with context path '/'
2025-12-12T19:39:44.341+07:00  INFO 29924 --- [product-service] [main] [                                                 ] .s.c.n.e.s.EurekaAutoServiceRegistration : Updating port to 8081
2025-12-12T19:39:45.351+07:00  INFO 29924 --- [product-service] [main] [                                                 ] o.s.cloud.commons.util.InetUtils         : Cannot determine local hostname
2025-12-12T19:39:46.358+07:00  INFO 29924 --- [product-service] [main] [                                                 ] o.s.cloud.commons.util.InetUtils         : Cannot determine local hostname
2025-12-12T19:39:46.468+07:00  INFO 29924 --- [product-service] [main] [                                                 ] c.ecommerce.product.ProductApplication   : Started ProductApplication in 21.199 seconds (process running for 22.369)
2025-12-12T19:39:46.584+07:00  INFO 29924 --- [product-service] [http-nio-8081-exec-1] [                                                 ] o.a.c.c.C.[Tomcat].[localhost].[/]       : Initializing Spring DispatcherServlet 'dispatcherServlet'
2025-12-12T19:39:46.585+07:00  INFO 29924 --- [product-service] [http-nio-8081-exec-1] [                                                 ] o.s.web.servlet.DispatcherServlet        : Initializing Servlet 'dispatcherServlet'
2025-12-12T19:39:46.590+07:00  INFO 29924 --- [product-service] [http-nio-8081-exec-1] [                                                 ] o.s.web.servlet.DispatcherServlet        : Completed initialization in 5 ms
2025-12-12T19:40:13.983+07:00  INFO 29924 --- [product-service] [DiscoveryClient-CacheRefreshExecutor-%d] [                                                 ] com.netflix.discovery.DiscoveryClient    : Disable delta property : false
2025-12-12T19:40:13.994+07:00  INFO 29924 --- [product-service] [DiscoveryClient-CacheRefreshExecutor-%d] [                                                 ] com.netflix.discovery.DiscoveryClient    : Single vip registry refresh property : null
2025-12-12T19:40:13.995+07:00  INFO 29924 --- [product-service] [DiscoveryClient-CacheRefreshExecutor-%d] [                                                 ] com.netflix.discovery.DiscoveryClient    : Force full registry fetch : false
2025-12-12T19:40:13.995+07:00  INFO 29924 --- [product-service] [DiscoveryClient-CacheRefreshExecutor-%d] [                                                 ] com.netflix.discovery.DiscoveryClient    : Application is null : false
2025-12-12T19:40:13.995+07:00  INFO 29924 --- [product-service] [DiscoveryClient-CacheRefreshExecutor-%d] [                                                 ] com.netflix.discovery.DiscoveryClient    : Registered Applications size is zero : true
2025-12-12T19:40:13.995+07:00  INFO 29924 --- [product-service] [DiscoveryClient-CacheRefreshExecutor-%d] [                                                 ] com.netflix.discovery.DiscoveryClient    : Application version is -1: false
2025-12-12T19:40:13.995+07:00  INFO 29924 --- [product-service] [DiscoveryClient-CacheRefreshExecutor-%d] [                                                 ] com.netflix.discovery.DiscoveryClient    : Getting all instance registry info from the eureka server
2025-12-12T19:40:14.142+07:00  INFO 29924 --- [product-service] [DiscoveryClient-CacheRefreshExecutor-%d] [                                                 ] com.netflix.discovery.DiscoveryClient    : The response status is 200
2025-12-12T19:41:45.662+07:00  WARN 29924 --- [product-service] [AMQP Connection 127.0.0.1:5672] [                                                 ] c.r.c.impl.ForgivingExceptionHandler     : An unexpected connection driver error occurred (Exception message: Connection reset)
2025-12-12T19:41:46.412+07:00  WARN 29924 --- [product-service] [springCloudBus.anonymous.yMxNrfsMS_mi3GSCsJcxhA-1] [                                                 ] o.s.a.r.l.SimpleMessageListenerContainer : Consumer raised exception, processing can restart if the connection factory supports it

com.rabbitmq.client.ShutdownSignalException: connection error; protocol method: #method<connection.close>(reply-code=320, reply-text=CONNECTION_FORCED - broker forced connection closure with reason 'shutdown', class-id=0, method-id=0)
	at com.rabbitmq.client.impl.AMQConnection.startShutdown(AMQConnection.java:1007) ~[amqp-client-5.25.0.jar:5.25.0]
	at com.rabbitmq.client.impl.AMQConnection.shutdown(AMQConnection.java:997) ~[amqp-client-5.25.0.jar:5.25.0]
	at com.rabbitmq.client.impl.AMQConnection.handleConnectionClose(AMQConnection.java:935) ~[amqp-client-5.25.0.jar:5.25.0]
	at com.rabbitmq.client.impl.AMQConnection.processControlCommand(AMQConnection.java:890) ~[amqp-client-5.25.0.jar:5.25.0]
	at com.rabbitmq.client.impl.AMQConnection$1.processAsync(AMQConnection.java:275) ~[amqp-client-5.25.0.jar:5.25.0]
	at com.rabbitmq.client.impl.AMQChannel.handleCompleteInboundCommand(AMQChannel.java:193) ~[amqp-client-5.25.0.jar:5.25.0]
	at com.rabbitmq.client.impl.AMQChannel.handleFrame(AMQChannel.java:125) ~[amqp-client-5.25.0.jar:5.25.0]
	at com.rabbitmq.client.impl.AMQConnection.readFrame(AMQConnection.java:741) ~[amqp-client-5.25.0.jar:5.25.0]
	at com.rabbitmq.client.impl.AMQConnection.access$400(AMQConnection.java:48) ~[amqp-client-5.25.0.jar:5.25.0]
	at com.rabbitmq.client.impl.AMQConnection$MainLoop.run(AMQConnection.java:688) ~[amqp-client-5.25.0.jar:5.25.0]
	at java.base/java.lang.Thread.run(Thread.java:1474) ~[na:na]

2025-12-12T19:41:46.751+07:00  INFO 29924 --- [product-service] [springCloudBus.anonymous.yMxNrfsMS_mi3GSCsJcxhA-1] [                                                 ] o.s.a.r.l.SimpleMessageListenerContainer : Restarting Consumer@3b4c46ae: tags=[[amq.ctag-TzR1KNsM-1V8uPay8rm8Pw]], channel=Cached Rabbit Channel: AMQChannel(amqp://guest@127.0.0.1:5672/,1), conn: Proxy@45ae224f Shared Rabbit Connection: SimpleConnection@62733827 [delegate=amqp://guest@127.0.0.1:5672/, localPort=63987], acknowledgeMode=AUTO local queue size=0
2025-12-12T19:41:46.887+07:00  INFO 29924 --- [product-service] [springCloudBus.anonymous.yMxNrfsMS_mi3GSCsJcxhA-2] [                                                 ] o.s.a.r.c.CachingConnectionFactory       : Attempting to connect to: [localhost:5672]
2025-12-12T19:41:46.920+07:00  INFO 29924 --- [product-service] [springCloudBus.anonymous.yMxNrfsMS_mi3GSCsJcxhA-2] [                                                 ] o.s.a.r.c.CachingConnectionFactory       : Created new connection: rabbitConnectionFactory#71312bcb:1/SimpleConnection@5959bcf6 [delegate=amqp://guest@127.0.0.1:5672/, localPort=57710]
2025-12-12T19:41:46.970+07:00  INFO 29924 --- [product-service] [springCloudBus.anonymous.yMxNrfsMS_mi3GSCsJcxhA-2] [                                                 ] o.s.amqp.rabbit.core.RabbitAdmin         : Auto-declaring a non-durable, auto-delete, or exclusive Queue (springCloudBus.anonymous.yMxNrfsMS_mi3GSCsJcxhA) durable:false, auto-delete:true, exclusive:true. It will be redeclared if the broker stops and is restarted while the connection factory is alive, but all messages will be lost.
2025-12-12T19:42:14.619+07:00  INFO 29924 --- [product-service] [DiscoveryClient-HeartbeatExecutor-%d] [                                                 ] c.n.d.s.t.d.RedirectingEurekaHttpClient  : Request execution error. endpoint=DefaultEndpoint{ serviceUrl='http://localhost:8761/eureka/} exception=I/O error on PUT request for "http://localhost:8761/eureka/apps/PRODUCT-SERVICE/localhost:product-service:8081": Connect to http://localhost:8761 failed: Connection refused: getsockopt stacktrace=org.springframework.web.client.ResourceAccessException: I/O error on PUT request for "http://localhost:8761/eureka/apps/PRODUCT-SERVICE/localhost:product-service:8081": Connect to http://localhost:8761 failed: Connection refused: getsockopt
	at org.springframework.web.client.RestTemplate.createResourceAccessException(RestTemplate.java:926)
	at org.springframework.web.client.RestTemplate.doExecute(RestTemplate.java:906)
	at org.springframework.web.client.RestTemplate.execute(RestTemplate.java:841)
	at org.springframework.web.client.RestTemplate.exchange(RestTemplate.java:702)
	at org.springframework.cloud.netflix.eureka.http.RestTemplateEurekaHttpClient.sendHeartBeat(RestTemplateEurekaHttpClient.java:119)
	at com.netflix.discovery.shared.transport.decorator.EurekaHttpClientDecorator$3.execute(EurekaHttpClientDecorator.java:92)
	at com.netflix.discovery.shared.transport.decorator.RedirectingEurekaHttpClient.execute(RedirectingEurekaHttpClient.java:91)
	at com.netflix.discovery.shared.transport.decorator.EurekaHttpClientDecorator.sendHeartBeat(EurekaHttpClientDecorator.java:89)
	at com.netflix.discovery.shared.transport.decorator.EurekaHttpClientDecorator$3.execute(EurekaHttpClientDecorator.java:92)
	at com.netflix.discovery.shared.transport.decorator.RetryableEurekaHttpClient.execute(RetryableEurekaHttpClient.java:120)
	at com.netflix.discovery.shared.transport.decorator.EurekaHttpClientDecorator.sendHeartBeat(EurekaHttpClientDecorator.java:89)
	at com.netflix.discovery.shared.transport.decorator.EurekaHttpClientDecorator$3.execute(EurekaHttpClientDecorator.java:92)
	at com.netflix.discovery.shared.transport.decorator.SessionedEurekaHttpClient.execute(SessionedEurekaHttpClient.java:76)
	at com.netflix.discovery.shared.transport.decorator.EurekaHttpClientDecorator.sendHeartBeat(EurekaHttpClientDecorator.java:89)
	at com.netflix.discovery.DiscoveryClient.renew(DiscoveryClient.java:845)
	at com.netflix.discovery.DiscoveryClient$HeartbeatThread.run(DiscoveryClient.java:1402)
	at java.base/java.util.concurrent.Executors$RunnableAdapter.call(Executors.java:545)
	at java.base/java.util.concurrent.FutureTask.run(FutureTask.java:328)
	at java.base/java.util.concurrent.ThreadPoolExecutor.runWorker(ThreadPoolExecutor.java:1090)
	at java.base/java.util.concurrent.ThreadPoolExecutor$Worker.run(ThreadPoolExecutor.java:614)
	at java.base/java.lang.Thread.run(Thread.java:1474)
Caused by: org.apache.hc.client5.http.HttpHostConnectException: Connect to http://localhost:8761 failed: Connection refused: getsockopt
	at java.base/sun.nio.ch.Net.pollConnect(Native Method)
	at java.base/sun.nio.ch.Net.pollConnectNow(Net.java:639)
	at java.base/sun.nio.ch.NioSocketImpl.timedFinishConnect(NioSocketImpl.java:543)
	at java.base/sun.nio.ch.NioSocketImpl.connect(NioSocketImpl.java:594)
	at java.base/java.net.SocksSocketImpl.connect(SocksSocketImpl.java:284)
	at java.base/java.net.Socket.connect(Socket.java:659)
	at org.apache.hc.client5.http.impl.io.DefaultHttpClientConnectionOperator.connect(DefaultHttpClientConnectionOperator.java:205)
	at org.apache.hc.client5.http.impl.io.PoolingHttpClientConnectionManager.connect(PoolingHttpClientConnectionManager.java:490)
	at org.apache.hc.client5.http.impl.classic.InternalExecRuntime.connectEndpoint(InternalExecRuntime.java:164)
	at org.apache.hc.client5.http.impl.classic.InternalExecRuntime.connectEndpoint(InternalExecRuntime.java:174)
	at org.apache.hc.client5.http.impl.classic.ConnectExec.execute(ConnectExec.java:144)
	at org.apache.hc.client5.http.impl.classic.ExecChainElement.execute(ExecChainElement.java:51)
	at org.apache.hc.client5.http.impl.classic.ProtocolExec.execute(ProtocolExec.java:195)
	at org.apache.hc.client5.http.impl.classic.ExecChainElement.execute(ExecChainElement.java:51)
	at org.apache.hc.client5.http.impl.classic.ContentCompressionExec.execute(ContentCompressionExec.java:150)
	at org.apache.hc.client5.http.impl.classic.ExecChainElement.execute(ExecChainElement.java:51)
	at org.apache.hc.client5.http.impl.classic.HttpRequestRetryExec.execute(HttpRequestRetryExec.java:113)
	at org.apache.hc.client5.http.impl.classic.ExecChainElement.execute(ExecChainElement.java:51)
	at org.apache.hc.client5.http.impl.classic.RedirectExec.execute(RedirectExec.java:110)
	at org.apache.hc.client5.http.impl.classic.ExecChainElement.execute(ExecChainElement.java:51)
	at org.apache.hc.client5.http.impl.classic.InternalHttpClient.doExecute(InternalHttpClient.java:185)
	at org.apache.hc.client5.http.impl.classic.CloseableHttpClient.execute(CloseableHttpClient.java:87)
	at org.apache.hc.client5.http.impl.classic.CloseableHttpClient.execute(CloseableHttpClient.java:55)
	at org.apache.hc.client5.http.classic.HttpClient.executeOpen(HttpClient.java:183)
	at org.springframework.http.client.HttpComponentsClientHttpRequest.executeInternal(HttpComponentsClientHttpRequest.java:99)
	at org.springframework.http.client.AbstractStreamingClientHttpRequest.executeInternal(AbstractStreamingClientHttpRequest.java:71)
	at org.springframework.http.client.AbstractClientHttpRequest.execute(AbstractClientHttpRequest.java:81)
	at org.springframework.http.client.InterceptingClientHttpRequest$InterceptingRequestExecution.execute(InterceptingClientHttpRequest.java:117)
	at org.springframework.cloud.netflix.eureka.http.RestTemplateTransportClientFactory.lambda$restTemplate$2(RestTemplateTransportClientFactory.java:145)
	at org.springframework.http.client.InterceptingClientHttpRequest$InterceptingRequestExecution.execute(InterceptingClientHttpRequest.java:88)
	at org.springframework.http.client.InterceptingClientHttpRequest.executeInternal(InterceptingClientHttpRequest.java:72)
	at org.springframework.http.client.AbstractBufferingClientHttpRequest.executeInternal(AbstractBufferingClientHttpRequest.java:48)
	at org.springframework.http.client.AbstractClientHttpRequest.execute(AbstractClientHttpRequest.java:81)
	at org.springframework.web.client.RestTemplate.doExecute(RestTemplate.java:900)
	... 19 more

2025-12-12T19:42:14.610+07:00  INFO 29924 --- [product-service] [DiscoveryClient-CacheRefreshExecutor-%d] [                                                 ] c.n.d.s.t.d.RedirectingEurekaHttpClient  : Request execution error. endpoint=DefaultEndpoint{ serviceUrl='http://localhost:8761/eureka/} exception=I/O error on GET request for "http://localhost:8761/eureka/apps/delta": Connect to http://localhost:8761 failed: Connection refused: getsockopt stacktrace=org.springframework.web.client.ResourceAccessException: I/O error on GET request for "http://localhost:8761/eureka/apps/delta": Connect to http://localhost:8761 failed: Connection refused: getsockopt
	at org.springframework.web.client.RestTemplate.createResourceAccessException(RestTemplate.java:926)
	at org.springframework.web.client.RestTemplate.doExecute(RestTemplate.java:906)
	at org.springframework.web.client.RestTemplate.execute(RestTemplate.java:841)
	at org.springframework.web.client.RestTemplate.exchange(RestTemplate.java:702)
	at org.springframework.cloud.netflix.eureka.http.RestTemplateEurekaHttpClient.getApplicationsInternal(RestTemplateEurekaHttpClient.java:174)
	at org.springframework.cloud.netflix.eureka.http.RestTemplateEurekaHttpClient.getDelta(RestTemplateEurekaHttpClient.java:186)
	at com.netflix.discovery.shared.transport.decorator.EurekaHttpClientDecorator$7.execute(EurekaHttpClientDecorator.java:152)
	at com.netflix.discovery.shared.transport.decorator.RedirectingEurekaHttpClient.execute(RedirectingEurekaHttpClient.java:91)
	at com.netflix.discovery.shared.transport.decorator.EurekaHttpClientDecorator.getDelta(EurekaHttpClientDecorator.java:149)
	at com.netflix.discovery.shared.transport.decorator.EurekaHttpClientDecorator$7.execute(EurekaHttpClientDecorator.java:152)
	at com.netflix.discovery.shared.transport.decorator.RetryableEurekaHttpClient.execute(RetryableEurekaHttpClient.java:120)
	at com.netflix.discovery.shared.transport.decorator.EurekaHttpClientDecorator.getDelta(EurekaHttpClientDecorator.java:149)
	at com.netflix.discovery.shared.transport.decorator.EurekaHttpClientDecorator$7.execute(EurekaHttpClientDecorator.java:152)
	at com.netflix.discovery.shared.transport.decorator.SessionedEurekaHttpClient.execute(SessionedEurekaHttpClient.java:76)
	at com.netflix.discovery.shared.transport.decorator.EurekaHttpClientDecorator.getDelta(EurekaHttpClientDecorator.java:149)
	at com.netflix.discovery.DiscoveryClient.getAndUpdateDelta(DiscoveryClient.java:1080)
	at com.netflix.discovery.DiscoveryClient.fetchRegistry(DiscoveryClient.java:963)
	at com.netflix.discovery.DiscoveryClient.refreshRegistry(DiscoveryClient.java:1473)
	at com.netflix.discovery.DiscoveryClient$CacheRefreshThread.run(DiscoveryClient.java:1441)
	at java.base/java.util.concurrent.Executors$RunnableAdapter.call(Executors.java:545)
	at java.base/java.util.concurrent.FutureTask.run(FutureTask.java:328)
	at java.base/java.util.concurrent.ThreadPoolExecutor.runWorker(ThreadPoolExecutor.java:1090)
	at java.base/java.util.concurrent.ThreadPoolExecutor$Worker.run(ThreadPoolExecutor.java:614)
	at java.base/java.lang.Thread.run(Thread.java:1474)
Caused by: org.apache.hc.client5.http.HttpHostConnectException: Connect to http://localhost:8761 failed: Connection refused: getsockopt
	at java.base/sun.nio.ch.Net.pollConnect(Native Method)
	at java.base/sun.nio.ch.Net.pollConnectNow(Net.java:639)
	at java.base/sun.nio.ch.NioSocketImpl.timedFinishConnect(NioSocketImpl.java:543)
	at java.base/sun.nio.ch.NioSocketImpl.connect(NioSocketImpl.java:594)
	at java.base/java.net.SocksSocketImpl.connect(SocksSocketImpl.java:284)
	at java.base/java.net.Socket.connect(Socket.java:659)
	at org.apache.hc.client5.http.impl.io.DefaultHttpClientConnectionOperator.connect(DefaultHttpClientConnectionOperator.java:205)
	at org.apache.hc.client5.http.impl.io.PoolingHttpClientConnectionManager.connect(PoolingHttpClientConnectionManager.java:490)
	at org.apache.hc.client5.http.impl.classic.InternalExecRuntime.connectEndpoint(InternalExecRuntime.java:164)
	at org.apache.hc.client5.http.impl.classic.InternalExecRuntime.connectEndpoint(InternalExecRuntime.java:174)
	at org.apache.hc.client5.http.impl.classic.ConnectExec.execute(ConnectExec.java:144)
	at org.apache.hc.client5.http.impl.classic.ExecChainElement.execute(ExecChainElement.java:51)
	at org.apache.hc.client5.http.impl.classic.ProtocolExec.execute(ProtocolExec.java:195)
	at org.apache.hc.client5.http.impl.classic.ExecChainElement.execute(ExecChainElement.java:51)
	at org.apache.hc.client5.http.impl.classic.ContentCompressionExec.execute(ContentCompressionExec.java:150)
	at org.apache.hc.client5.http.impl.classic.ExecChainElement.execute(ExecChainElement.java:51)
	at org.apache.hc.client5.http.impl.classic.HttpRequestRetryExec.execute(HttpRequestRetryExec.java:113)
	at org.apache.hc.client5.http.impl.classic.ExecChainElement.execute(ExecChainElement.java:51)
	at org.apache.hc.client5.http.impl.classic.RedirectExec.execute(RedirectExec.java:110)
	at org.apache.hc.client5.http.impl.classic.ExecChainElement.execute(ExecChainElement.java:51)
	at org.apache.hc.client5.http.impl.classic.InternalHttpClient.doExecute(InternalHttpClient.java:185)
	at org.apache.hc.client5.http.impl.classic.CloseableHttpClient.execute(CloseableHttpClient.java:87)
	at org.apache.hc.client5.http.impl.classic.CloseableHttpClient.execute(CloseableHttpClient.java:55)
	at org.apache.hc.client5.http.classic.HttpClient.executeOpen(HttpClient.java:183)
	at org.springframework.http.client.HttpComponentsClientHttpRequest.executeInternal(HttpComponentsClientHttpRequest.java:99)
	at org.springframework.http.client.AbstractStreamingClientHttpRequest.executeInternal(AbstractStreamingClientHttpRequest.java:71)
	at org.springframework.http.client.AbstractClientHttpRequest.execute(AbstractClientHttpRequest.java:81)
	at org.springframework.http.client.InterceptingClientHttpRequest$InterceptingRequestExecution.execute(InterceptingClientHttpRequest.java:117)
	at org.springframework.cloud.netflix.eureka.http.RestTemplateTransportClientFactory.lambda$restTemplate$2(RestTemplateTransportClientFactory.java:145)
	at org.springframework.http.client.InterceptingClientHttpRequest$InterceptingRequestExecution.execute(InterceptingClientHttpRequest.java:88)
	at org.springframework.http.client.InterceptingClientHttpRequest.executeInternal(InterceptingClientHttpRequest.java:72)
	at org.springframework.http.client.AbstractBufferingClientHttpRequest.executeInternal(AbstractBufferingClientHttpRequest.java:48)
	at org.springframework.http.client.AbstractClientHttpRequest.execute(AbstractClientHttpRequest.java:81)
	at org.springframework.web.client.RestTemplate.doExecute(RestTemplate.java:900)
	... 22 more

2025-12-12T19:42:14.639+07:00  WARN 29924 --- [product-service] [DiscoveryClient-HeartbeatExecutor-%d] [                                                 ] c.n.d.s.t.d.RetryableEurekaHttpClient    : Request execution failed with message: I/O error on PUT request for "http://localhost:8761/eureka/apps/PRODUCT-SERVICE/localhost:product-service:8081": Connect to http://localhost:8761 failed: Connection refused: getsockopt
2025-12-12T19:42:14.639+07:00  WARN 29924 --- [product-service] [DiscoveryClient-CacheRefreshExecutor-%d] [                                                 ] c.n.d.s.t.d.RetryableEurekaHttpClient    : Request execution failed with message: I/O error on GET request for "http://localhost:8761/eureka/apps/delta": Connect to http://localhost:8761 failed: Connection refused: getsockopt
2025-12-12T19:42:14.989+07:00  INFO 29924 --- [product-service] [DiscoveryClient-HeartbeatExecutor-%d] [                                                 ] c.n.d.s.t.d.RedirectingEurekaHttpClient  : Request execution error. endpoint=DefaultEndpoint{ serviceUrl='http://localhost:8761/eureka/}, exception=I/O error on PUT request for "http://localhost:8761/eureka/apps/PRODUCT-SERVICE/localhost:product-service:8081": Connect to http://localhost:8761 failed: Connection refused: getsockopt stacktrace=org.springframework.web.client.ResourceAccessException: I/O error on PUT request for "http://localhost:8761/eureka/apps/PRODUCT-SERVICE/localhost:product-service:8081": Connect to http://localhost:8761 failed: Connection refused: getsockopt
	at org.springframework.web.client.RestTemplate.createResourceAccessException(RestTemplate.java:926)
	at org.springframework.web.client.RestTemplate.doExecute(RestTemplate.java:906)
	at org.springframework.web.client.RestTemplate.execute(RestTemplate.java:841)
	at org.springframework.web.client.RestTemplate.exchange(RestTemplate.java:702)
	at org.springframework.cloud.netflix.eureka.http.RestTemplateEurekaHttpClient.sendHeartBeat(RestTemplateEurekaHttpClient.java:119)
	at com.netflix.discovery.shared.transport.decorator.EurekaHttpClientDecorator$3.execute(EurekaHttpClientDecorator.java:92)
	at com.netflix.discovery.shared.transport.decorator.RedirectingEurekaHttpClient.executeOnNewServer(RedirectingEurekaHttpClient.java:121)
	at com.netflix.discovery.shared.transport.decorator.RedirectingEurekaHttpClient.execute(RedirectingEurekaHttpClient.java:80)
	at com.netflix.discovery.shared.transport.decorator.EurekaHttpClientDecorator.sendHeartBeat(EurekaHttpClientDecorator.java:89)
	at com.netflix.discovery.shared.transport.decorator.EurekaHttpClientDecorator$3.execute(EurekaHttpClientDecorator.java:92)
	at com.netflix.discovery.shared.transport.decorator.RetryableEurekaHttpClient.execute(RetryableEurekaHttpClient.java:120)
	at com.netflix.discovery.shared.transport.decorator.EurekaHttpClientDecorator.sendHeartBeat(EurekaHttpClientDecorator.java:89)
	at com.netflix.discovery.shared.transport.decorator.EurekaHttpClientDecorator$3.execute(EurekaHttpClientDecorator.java:92)
	at com.netflix.discovery.shared.transport.decorator.SessionedEurekaHttpClient.execute(SessionedEurekaHttpClient.java:76)
	at com.netflix.discovery.shared.transport.decorator.EurekaHttpClientDecorator.sendHeartBeat(EurekaHttpClientDecorator.java:89)
	at com.netflix.discovery.DiscoveryClient.renew(DiscoveryClient.java:845)
	at com.netflix.discovery.DiscoveryClient$HeartbeatThread.run(DiscoveryClient.java:1402)
	at java.base/java.util.concurrent.Executors$RunnableAdapter.call(Executors.java:545)
	at java.base/java.util.concurrent.FutureTask.run(FutureTask.java:328)
	at java.base/java.util.concurrent.ThreadPoolExecutor.runWorker(ThreadPoolExecutor.java:1090)
	at java.base/java.util.concurrent.ThreadPoolExecutor$Worker.run(ThreadPoolExecutor.java:614)
	at java.base/java.lang.Thread.run(Thread.java:1474)
Caused by: org.apache.hc.client5.http.HttpHostConnectException: Connect to http://localhost:8761 failed: Connection refused: getsockopt
	at java.base/sun.nio.ch.Net.pollConnect(Native Method)
	at java.base/sun.nio.ch.Net.pollConnectNow(Net.java:639)
	at java.base/sun.nio.ch.NioSocketImpl.timedFinishConnect(NioSocketImpl.java:543)
	at java.base/sun.nio.ch.NioSocketImpl.connect(NioSocketImpl.java:594)
	at java.base/java.net.SocksSocketImpl.connect(SocksSocketImpl.java:284)
	at java.base/java.net.Socket.connect(Socket.java:659)
	at org.apache.hc.client5.http.impl.io.DefaultHttpClientConnectionOperator.connect(DefaultHttpClientConnectionOperator.java:205)
	at org.apache.hc.client5.http.impl.io.PoolingHttpClientConnectionManager.connect(PoolingHttpClientConnectionManager.java:490)
	at org.apache.hc.client5.http.impl.classic.InternalExecRuntime.connectEndpoint(InternalExecRuntime.java:164)
	at org.apache.hc.client5.http.impl.classic.InternalExecRuntime.connectEndpoint(InternalExecRuntime.java:174)
	at org.apache.hc.client5.http.impl.classic.ConnectExec.execute(ConnectExec.java:144)
	at org.apache.hc.client5.http.impl.classic.ExecChainElement.execute(ExecChainElement.java:51)
	at org.apache.hc.client5.http.impl.classic.ProtocolExec.execute(ProtocolExec.java:195)
	at org.apache.hc.client5.http.impl.classic.ExecChainElement.execute(ExecChainElement.java:51)
	at org.apache.hc.client5.http.impl.classic.ContentCompressionExec.execute(ContentCompressionExec.java:150)
	at org.apache.hc.client5.http.impl.classic.ExecChainElement.execute(ExecChainElement.java:51)
	at org.apache.hc.client5.http.impl.classic.HttpRequestRetryExec.execute(HttpRequestRetryExec.java:113)
	at org.apache.hc.client5.http.impl.classic.ExecChainElement.execute(ExecChainElement.java:51)
	at org.apache.hc.client5.http.impl.classic.RedirectExec.execute(RedirectExec.java:110)
	at org.apache.hc.client5.http.impl.classic.ExecChainElement.execute(ExecChainElement.java:51)
	at org.apache.hc.client5.http.impl.classic.InternalHttpClient.doExecute(InternalHttpClient.java:185)
	at org.apache.hc.client5.http.impl.classic.CloseableHttpClient.execute(CloseableHttpClient.java:87)
	at org.apache.hc.client5.http.impl.classic.CloseableHttpClient.execute(CloseableHttpClient.java:55)
	at org.apache.hc.client5.http.classic.HttpClient.executeOpen(HttpClient.java:183)
	at org.springframework.http.client.HttpComponentsClientHttpRequest.executeInternal(HttpComponentsClientHttpRequest.java:99)
	at org.springframework.http.client.AbstractStreamingClientHttpRequest.executeInternal(AbstractStreamingClientHttpRequest.java:71)
	at org.springframework.http.client.AbstractClientHttpRequest.execute(AbstractClientHttpRequest.java:81)
	at org.springframework.http.client.InterceptingClientHttpRequest$InterceptingRequestExecution.execute(InterceptingClientHttpRequest.java:117)
	at org.springframework.cloud.netflix.eureka.http.RestTemplateTransportClientFactory.lambda$restTemplate$2(RestTemplateTransportClientFactory.java:145)
	at org.springframework.http.client.InterceptingClientHttpRequest$InterceptingRequestExecution.execute(InterceptingClientHttpRequest.java:88)
	at org.springframework.http.client.InterceptingClientHttpRequest.executeInternal(InterceptingClientHttpRequest.java:72)
	at org.springframework.http.client.AbstractBufferingClientHttpRequest.executeInternal(AbstractBufferingClientHttpRequest.java:48)
	at org.springframework.http.client.AbstractClientHttpRequest.execute(AbstractClientHttpRequest.java:81)
	at org.springframework.web.client.RestTemplate.doExecute(RestTemplate.java:900)
	... 20 more

2025-12-12T19:42:14.992+07:00  WARN 29924 --- [product-service] [DiscoveryClient-HeartbeatExecutor-%d] [                                                 ] c.n.d.s.t.d.RetryableEurekaHttpClient    : Request execution failed with message: I/O error on PUT request for "http://localhost:8761/eureka/apps/PRODUCT-SERVICE/localhost:product-service:8081": Connect to http://localhost:8761 failed: Connection refused: getsockopt
2025-12-12T19:42:14.991+07:00  INFO 29924 --- [product-service] [DiscoveryClient-CacheRefreshExecutor-%d] [                                                 ] c.n.d.s.t.d.RedirectingEurekaHttpClient  : Request execution error. endpoint=DefaultEndpoint{ serviceUrl='http://localhost:8761/eureka/}, exception=I/O error on GET request for "http://localhost:8761/eureka/apps/delta": Connect to http://localhost:8761 failed: Connection refused: getsockopt stacktrace=org.springframework.web.client.ResourceAccessException: I/O error on GET request for "http://localhost:8761/eureka/apps/delta": Connect to http://localhost:8761 failed: Connection refused: getsockopt
	at org.springframework.web.client.RestTemplate.createResourceAccessException(RestTemplate.java:926)
	at org.springframework.web.client.RestTemplate.doExecute(RestTemplate.java:906)
	at org.springframework.web.client.RestTemplate.execute(RestTemplate.java:841)
	at org.springframework.web.client.RestTemplate.exchange(RestTemplate.java:702)
	at org.springframework.cloud.netflix.eureka.http.RestTemplateEurekaHttpClient.getApplicationsInternal(RestTemplateEurekaHttpClient.java:174)
	at org.springframework.cloud.netflix.eureka.http.RestTemplateEurekaHttpClient.getDelta(RestTemplateEurekaHttpClient.java:186)
	at com.netflix.discovery.shared.transport.decorator.EurekaHttpClientDecorator$7.execute(EurekaHttpClientDecorator.java:152)
	at com.netflix.discovery.shared.transport.decorator.RedirectingEurekaHttpClient.executeOnNewServer(RedirectingEurekaHttpClient.java:121)
	at com.netflix.discovery.shared.transport.decorator.RedirectingEurekaHttpClient.execute(RedirectingEurekaHttpClient.java:80)
	at com.netflix.discovery.shared.transport.decorator.EurekaHttpClientDecorator.getDelta(EurekaHttpClientDecorator.java:149)
	at com.netflix.discovery.shared.transport.decorator.EurekaHttpClientDecorator$7.execute(EurekaHttpClientDecorator.java:152)
	at com.netflix.discovery.shared.transport.decorator.RetryableEurekaHttpClient.execute(RetryableEurekaHttpClient.java:120)
	at com.netflix.discovery.shared.transport.decorator.EurekaHttpClientDecorator.getDelta(EurekaHttpClientDecorator.java:149)
	at com.netflix.discovery.shared.transport.decorator.EurekaHttpClientDecorator$7.execute(EurekaHttpClientDecorator.java:152)
	at com.netflix.discovery.shared.transport.decorator.SessionedEurekaHttpClient.execute(SessionedEurekaHttpClient.java:76)
	at com.netflix.discovery.shared.transport.decorator.EurekaHttpClientDecorator.getDelta(EurekaHttpClientDecorator.java:149)
	at com.netflix.discovery.DiscoveryClient.getAndUpdateDelta(DiscoveryClient.java:1080)
	at com.netflix.discovery.DiscoveryClient.fetchRegistry(DiscoveryClient.java:963)
	at com.netflix.discovery.DiscoveryClient.refreshRegistry(DiscoveryClient.java:1473)
	at com.netflix.discovery.DiscoveryClient$CacheRefreshThread.run(DiscoveryClient.java:1441)
	at java.base/java.util.concurrent.Executors$RunnableAdapter.call(Executors.java:545)
	at java.base/java.util.concurrent.FutureTask.run(FutureTask.java:328)
	at java.base/java.util.concurrent.ThreadPoolExecutor.runWorker(ThreadPoolExecutor.java:1090)
	at java.base/java.util.concurrent.ThreadPoolExecutor$Worker.run(ThreadPoolExecutor.java:614)
	at java.base/java.lang.Thread.run(Thread.java:1474)
Caused by: org.apache.hc.client5.http.HttpHostConnectException: Connect to http://localhost:8761 failed: Connection refused: getsockopt
	at java.base/sun.nio.ch.Net.pollConnect(Native Method)
	at java.base/sun.nio.ch.Net.pollConnectNow(Net.java:639)
	at java.base/sun.nio.ch.NioSocketImpl.timedFinishConnect(NioSocketImpl.java:543)
	at java.base/sun.nio.ch.NioSocketImpl.connect(NioSocketImpl.java:594)
	at java.base/java.net.SocksSocketImpl.connect(SocksSocketImpl.java:284)
	at java.base/java.net.Socket.connect(Socket.java:659)
	at org.apache.hc.client5.http.impl.io.DefaultHttpClientConnectionOperator.connect(DefaultHttpClientConnectionOperator.java:205)
	at org.apache.hc.client5.http.impl.io.PoolingHttpClientConnectionManager.connect(PoolingHttpClientConnectionManager.java:490)
	at org.apache.hc.client5.http.impl.classic.InternalExecRuntime.connectEndpoint(InternalExecRuntime.java:164)
	at org.apache.hc.client5.http.impl.classic.InternalExecRuntime.connectEndpoint(InternalExecRuntime.java:174)
	at org.apache.hc.client5.http.impl.classic.ConnectExec.execute(ConnectExec.java:144)
	at org.apache.hc.client5.http.impl.classic.ExecChainElement.execute(ExecChainElement.java:51)
	at org.apache.hc.client5.http.impl.classic.ProtocolExec.execute(ProtocolExec.java:195)
	at org.apache.hc.client5.http.impl.classic.ExecChainElement.execute(ExecChainElement.java:51)
	at org.apache.hc.client5.http.impl.classic.ContentCompressionExec.execute(ContentCompressionExec.java:150)
	at org.apache.hc.client5.http.impl.classic.ExecChainElement.execute(ExecChainElement.java:51)
	at org.apache.hc.client5.http.impl.classic.HttpRequestRetryExec.execute(HttpRequestRetryExec.java:113)
	at org.apache.hc.client5.http.impl.classic.ExecChainElement.execute(ExecChainElement.java:51)
	at org.apache.hc.client5.http.impl.classic.RedirectExec.execute(RedirectExec.java:110)
	at org.apache.hc.client5.http.impl.classic.ExecChainElement.execute(ExecChainElement.java:51)
	at org.apache.hc.client5.http.impl.classic.InternalHttpClient.doExecute(InternalHttpClient.java:185)
	at org.apache.hc.client5.http.impl.classic.CloseableHttpClient.execute(CloseableHttpClient.java:87)
	at org.apache.hc.client5.http.impl.classic.CloseableHttpClient.execute(CloseableHttpClient.java:55)
	at org.apache.hc.client5.http.classic.HttpClient.executeOpen(HttpClient.java:183)
	at org.springframework.http.client.HttpComponentsClientHttpRequest.executeInternal(HttpComponentsClientHttpRequest.java:99)
	at org.springframework.http.client.AbstractStreamingClientHttpRequest.executeInternal(AbstractStreamingClientHttpRequest.java:71)
	at org.springframework.http.client.AbstractClientHttpRequest.execute(AbstractClientHttpRequest.java:81)
	at org.springframework.http.client.InterceptingClientHttpRequest$InterceptingRequestExecution.execute(InterceptingClientHttpRequest.java:117)
	at org.springframework.cloud.netflix.eureka.http.RestTemplateTransportClientFactory.lambda$restTemplate$2(RestTemplateTransportClientFactory.java:145)
	at org.springframework.http.client.InterceptingClientHttpRequest$InterceptingRequestExecution.execute(InterceptingClientHttpRequest.java:88)
	at org.springframework.http.client.InterceptingClientHttpRequest.executeInternal(InterceptingClientHttpRequest.java:72)
	at org.springframework.http.client.AbstractBufferingClientHttpRequest.executeInternal(AbstractBufferingClientHttpRequest.java:48)
	at org.springframework.http.client.AbstractClientHttpRequest.execute(AbstractClientHttpRequest.java:81)
	at org.springframework.web.client.RestTemplate.doExecute(RestTemplate.java:900)
	... 23 more

2025-12-12T19:42:14.993+07:00  WARN 29924 --- [product-service] [DiscoveryClient-CacheRefreshExecutor-%d] [                                                 ] c.n.d.s.t.d.RetryableEurekaHttpClient    : Request execution failed with message: I/O error on GET request for "http://localhost:8761/eureka/apps/delta": Connect to http://localhost:8761 failed: Connection refused: getsockopt
2025-12-12T19:42:14.994+07:00  INFO 29924 --- [product-service] [DiscoveryClient-CacheRefreshExecutor-%d] [                                                 ] com.netflix.discovery.DiscoveryClient    : DiscoveryClient_PRODUCT-SERVICE/localhost:product-service:8081 - was unable to refresh its cache! This periodic background refresh will be retried in 30 seconds. status = Cannot execute request on any known server stacktrace = com.netflix.discovery.shared.transport.TransportException: Cannot execute request on any known server
	at com.netflix.discovery.shared.transport.decorator.RetryableEurekaHttpClient.execute(RetryableEurekaHttpClient.java:112)
	at com.netflix.discovery.shared.transport.decorator.EurekaHttpClientDecorator.getDelta(EurekaHttpClientDecorator.java:149)
	at com.netflix.discovery.shared.transport.decorator.EurekaHttpClientDecorator$7.execute(EurekaHttpClientDecorator.java:152)
	at com.netflix.discovery.shared.transport.decorator.SessionedEurekaHttpClient.execute(SessionedEurekaHttpClient.java:76)
	at com.netflix.discovery.shared.transport.decorator.EurekaHttpClientDecorator.getDelta(EurekaHttpClientDecorator.java:149)
	at com.netflix.discovery.DiscoveryClient.getAndUpdateDelta(DiscoveryClient.java:1080)
	at com.netflix.discovery.DiscoveryClient.fetchRegistry(DiscoveryClient.java:963)
	at com.netflix.discovery.DiscoveryClient.refreshRegistry(DiscoveryClient.java:1473)
	at com.netflix.discovery.DiscoveryClient$CacheRefreshThread.run(DiscoveryClient.java:1441)
	at java.base/java.util.concurrent.Executors$RunnableAdapter.call(Executors.java:545)
	at java.base/java.util.concurrent.FutureTask.run(FutureTask.java:328)
	at java.base/java.util.concurrent.ThreadPoolExecutor.runWorker(ThreadPoolExecutor.java:1090)
	at java.base/java.util.concurrent.ThreadPoolExecutor$Worker.run(ThreadPoolExecutor.java:614)
	at java.base/java.lang.Thread.run(Thread.java:1474)

2025-12-12T19:42:14.993+07:00 ERROR 29924 --- [product-service] [DiscoveryClient-HeartbeatExecutor-%d] [                                                 ] com.netflix.discovery.DiscoveryClient    : DiscoveryClient_PRODUCT-SERVICE/localhost:product-service:8081 - was unable to send heartbeat!

com.netflix.discovery.shared.transport.TransportException: Cannot execute request on any known server
	at com.netflix.discovery.shared.transport.decorator.RetryableEurekaHttpClient.execute(RetryableEurekaHttpClient.java:112) ~[eureka-client-2.0.4.jar:2.0.4]
	at com.netflix.discovery.shared.transport.decorator.EurekaHttpClientDecorator.sendHeartBeat(EurekaHttpClientDecorator.java:89) ~[eureka-client-2.0.4.jar:2.0.4]
	at com.netflix.discovery.shared.transport.decorator.EurekaHttpClientDecorator$3.execute(EurekaHttpClientDecorator.java:92) ~[eureka-client-2.0.4.jar:2.0.4]
	at com.netflix.discovery.shared.transport.decorator.SessionedEurekaHttpClient.execute(SessionedEurekaHttpClient.java:76) ~[eureka-client-2.0.4.jar:2.0.4]
	at com.netflix.discovery.shared.transport.decorator.EurekaHttpClientDecorator.sendHeartBeat(EurekaHttpClientDecorator.java:89) ~[eureka-client-2.0.4.jar:2.0.4]
	at com.netflix.discovery.DiscoveryClient.renew(DiscoveryClient.java:845) ~[eureka-client-2.0.4.jar:2.0.4]
	at com.netflix.discovery.DiscoveryClient$HeartbeatThread.run(DiscoveryClient.java:1402) ~[eureka-client-2.0.4.jar:2.0.4]
	at java.base/java.util.concurrent.Executors$RunnableAdapter.call(Executors.java:545) ~[na:na]
	at java.base/java.util.concurrent.FutureTask.run(FutureTask.java:328) ~[na:na]
	at java.base/java.util.concurrent.ThreadPoolExecutor.runWorker(ThreadPoolExecutor.java:1090) ~[na:na]
	at java.base/java.util.concurrent.ThreadPoolExecutor$Worker.run(ThreadPoolExecutor.java:614) ~[na:na]
	at java.base/java.lang.Thread.run(Thread.java:1474) ~[na:na]

2025-12-12T19:42:45.264+07:00  INFO 29924 --- [product-service] [DiscoveryClient-HeartbeatExecutor-%d] [                                                 ] com.netflix.discovery.DiscoveryClient    : DiscoveryClient_PRODUCT-SERVICE/localhost:product-service:8081 - Re-registering apps/PRODUCT-SERVICE
2025-12-12T19:42:45.279+07:00  INFO 29924 --- [product-service] [DiscoveryClient-HeartbeatExecutor-%d] [                                                 ] com.netflix.discovery.DiscoveryClient    : DiscoveryClient_PRODUCT-SERVICE/localhost:product-service:8081: registering service...
2025-12-12T19:42:45.304+07:00  INFO 29924 --- [product-service] [DiscoveryClient-HeartbeatExecutor-%d] [                                                 ] com.netflix.discovery.DiscoveryClient    : DiscoveryClient_PRODUCT-SERVICE/localhost:product-service:8081 - registration status: 204
2025-12-12T19:42:53.261+07:00  INFO 29924 --- [product-service] [SpringApplicationShutdownHook] [                                                 ] o.s.c.n.e.s.EurekaServiceRegistry        : Unregistering application PRODUCT-SERVICE with eureka with status DOWN
2025-12-12T19:42:53.264+07:00  INFO 29924 --- [product-service] [SpringApplicationShutdownHook] [                                                 ] com.netflix.discovery.DiscoveryClient    : Saw local status change event StatusChangeEvent [timestamp=1765543373264, current=DOWN, previous=UP]
2025-12-12T19:42:53.265+07:00  INFO 29924 --- [product-service] [DiscoveryClient-InstanceInfoReplicator-%d] [                                                 ] com.netflix.discovery.DiscoveryClient    : DiscoveryClient_PRODUCT-SERVICE/localhost:product-service:8081: registering service...
2025-12-12T19:42:53.278+07:00  INFO 29924 --- [product-service] [DiscoveryClient-InstanceInfoReplicator-%d] [                                                 ] com.netflix.discovery.DiscoveryClient    : DiscoveryClient_PRODUCT-SERVICE/localhost:product-service:8081 - registration status: 204
2025-12-12T19:42:53.360+07:00  INFO 29924 --- [product-service] [SpringApplicationShutdownHook] [                                                 ] o.s.b.w.e.tomcat.GracefulShutdown        : Commencing graceful shutdown. Waiting for active requests to complete
2025-12-12T19:42:53.401+07:00  INFO 29924 --- [product-service] [tomcat-shutdown] [                                                 ] o.s.b.w.e.tomcat.GracefulShutdown        : Graceful shutdown complete
2025-12-12T19:42:53.475+07:00  INFO 29924 --- [product-service] [SpringApplicationShutdownHook] [                                                 ] o.s.a.r.l.SimpleMessageListenerContainer : Waiting for workers to finish.
2025-12-12T19:42:54.061+07:00  INFO 29924 --- [product-service] [SpringApplicationShutdownHook] [                                                 ] o.s.a.r.l.SimpleMessageListenerContainer : Successfully waited for workers to finish.
2025-12-12T19:42:54.068+07:00  INFO 29924 --- [product-service] [SpringApplicationShutdownHook] [                                                 ] o.s.i.a.i.AmqpInboundChannelAdapter      : stopped bean 'inbound.springCloudBus.anonymous.yMxNrfsMS_mi3GSCsJcxhA'
2025-12-12T19:42:54.108+07:00  INFO 29924 --- [product-service] [SpringApplicationShutdownHook] [                                                 ] o.s.c.stream.binder.BinderErrorChannel   : Channel 'product-service.rabbit-225428415.springCloudBusInput.errors' has 1 subscriber(s).
2025-12-12T19:42:54.116+07:00  INFO 29924 --- [product-service] [SpringApplicationShutdownHook] [                                                 ] o.s.c.stream.binder.BinderErrorChannel   : Channel 'product-service.rabbit-225428415.springCloudBusInput.errors' has 0 subscriber(s).
2025-12-12T19:42:54.533+07:00  INFO 29924 --- [product-service] [SpringApplicationShutdownHook] [                                                 ] o.s.i.endpoint.EventDrivenConsumer       : Removing {logging-channel-adapter:_org.springframework.integration.errorLogger} as a subscriber to the 'errorChannel' channel
2025-12-12T19:42:54.533+07:00  INFO 29924 --- [product-service] [SpringApplicationShutdownHook] [                                                 ] o.s.i.channel.PublishSubscribeChannel    : Channel 'product-service.errorChannel' has 0 subscriber(s).
2025-12-12T19:42:54.535+07:00  INFO 29924 --- [product-service] [SpringApplicationShutdownHook] [                                                 ] o.s.i.endpoint.EventDrivenConsumer       : stopped bean '_org.springframework.integration.errorLogger'
2025-12-12T19:42:54.594+07:00  INFO 29924 --- [product-service] [SpringApplicationShutdownHook] [                                                 ] j.LocalContainerEntityManagerFactoryBean : Closing JPA EntityManagerFactory for persistence unit 'default'
2025-12-12T19:42:54.644+07:00  INFO 29924 --- [product-service] [SpringApplicationShutdownHook] [                                                 ] com.zaxxer.hikari.HikariDataSource       : HikariPool-1 - Shutdown initiated...
2025-12-12T19:42:54.664+07:00  INFO 29924 --- [product-service] [SpringApplicationShutdownHook] [                                                 ] com.zaxxer.hikari.HikariDataSource       : HikariPool-1 - Shutdown completed.
2025-12-12T19:42:54.855+07:00  INFO 29924 --- [product-service] [SpringApplicationShutdownHook] [                                                 ] com.netflix.discovery.DiscoveryClient    : Shutting down DiscoveryClient ...
2025-12-12T19:42:57.863+07:00  INFO 29924 --- [product-service] [SpringApplicationShutdownHook] [                                                 ] com.netflix.discovery.DiscoveryClient    : Unregistering ...
2025-12-12T19:42:58.044+07:00  INFO 29924 --- [product-service] [SpringApplicationShutdownHook] [                                                 ] com.netflix.discovery.DiscoveryClient    : DiscoveryClient_PRODUCT-SERVICE/localhost:product-service:8081 - deregister  status: 200
2025-12-12T19:42:58.048+07:00  INFO 29924 --- [product-service] [SpringApplicationShutdownHook] [                                                 ] com.netflix.discovery.DiscoveryClient    : Completed shut down of DiscoveryClient
2025-12-12T19:43:04.260+07:00  INFO 25148 --- [product-service] [main] [                                                 ] c.ecommerce.product.ProductApplication   : Starting ProductApplication using Java 25 with PID 25148 (D:\ecom-microservices\product\target\classes started by Admin in D:\ecom-microservices)
2025-12-12T19:43:04.264+07:00  INFO 25148 --- [product-service] [main] [                                                 ] c.ecommerce.product.ProductApplication   : No active profile set, falling back to 1 default profile: "default"
2025-12-12T19:43:04.319+07:00  INFO 25148 --- [product-service] [main] [                                                 ] o.s.c.c.c.ConfigServerConfigDataLoader   : Fetching config from server at : http://localhost:8888
2025-12-12T19:43:04.319+07:00  INFO 25148 --- [product-service] [main] [                                                 ] o.s.c.c.c.ConfigServerConfigDataLoader   : Located environment: name=product-service, profiles=[default], label=null, version=null, state=null
2025-12-12T19:43:05.622+07:00  INFO 25148 --- [product-service] [main] [                                                 ] .s.d.r.c.RepositoryConfigurationDelegate : Bootstrapping Spring Data JPA repositories in DEFAULT mode.
2025-12-12T19:43:05.769+07:00  INFO 25148 --- [product-service] [main] [                                                 ] .s.d.r.c.RepositoryConfigurationDelegate : Finished Spring Data repository scanning in 137 ms. Found 1 JPA repository interface.
2025-12-12T19:43:05.993+07:00  INFO 25148 --- [product-service] [main] [                                                 ] faultConfiguringBeanFactoryPostProcessor : No bean named 'errorChannel' has been explicitly defined. Therefore, a default PublishSubscribeChannel will be created.
2025-12-12T19:43:05.998+07:00  INFO 25148 --- [product-service] [main] [                                                 ] faultConfiguringBeanFactoryPostProcessor : No bean named 'integrationHeaderChannelRegistry' has been explicitly defined. Therefore, a default DefaultHeaderChannelRegistry will be created.
2025-12-12T19:43:06.157+07:00  INFO 25148 --- [product-service] [main] [                                                 ] o.s.cloud.context.scope.GenericScope     : BeanFactory id=76ec7cee-91b7-3e12-a33b-d2ab72530fe7
2025-12-12T19:43:07.145+07:00  INFO 25148 --- [product-service] [main] [                                                 ] o.s.b.w.embedded.tomcat.TomcatWebServer  : Tomcat initialized with port 8081 (http)
2025-12-12T19:43:07.159+07:00  INFO 25148 --- [product-service] [main] [                                                 ] o.apache.catalina.core.StandardService   : Starting service [Tomcat]
2025-12-12T19:43:07.160+07:00  INFO 25148 --- [product-service] [main] [                                                 ] o.apache.catalina.core.StandardEngine    : Starting Servlet engine: [Apache Tomcat/10.1.46]
2025-12-12T19:43:07.234+07:00  INFO 25148 --- [product-service] [main] [                                                 ] o.a.c.c.C.[Tomcat].[localhost].[/]       : Initializing Spring embedded WebApplicationContext
2025-12-12T19:43:07.235+07:00  INFO 25148 --- [product-service] [main] [                                                 ] w.s.c.ServletWebServerApplicationContext : Root WebApplicationContext: initialization completed in 2913 ms
2025-12-12T19:43:08.088+07:00  INFO 25148 --- [product-service] [main] [                                                 ] o.hibernate.jpa.internal.util.LogHelper  : HHH000204: Processing PersistenceUnitInfo [name: default]
2025-12-12T19:43:08.154+07:00  INFO 25148 --- [product-service] [main] [                                                 ] org.hibernate.Version                    : HHH000412: Hibernate ORM core version 6.6.29.Final
2025-12-12T19:43:08.191+07:00  INFO 25148 --- [product-service] [main] [                                                 ] o.h.c.internal.RegionFactoryInitiator    : HHH000026: Second-level cache disabled
2025-12-12T19:43:08.435+07:00  INFO 25148 --- [product-service] [main] [                                                 ] o.s.o.j.p.SpringPersistenceUnitInfo      : No LoadTimeWeaver setup: ignoring JPA class transformer
2025-12-12T19:43:08.460+07:00  INFO 25148 --- [product-service] [main] [                                                 ] com.zaxxer.hikari.HikariDataSource       : HikariPool-1 - Starting...
2025-12-12T19:43:08.666+07:00  INFO 25148 --- [product-service] [main] [                                                 ] com.zaxxer.hikari.pool.HikariPool        : HikariPool-1 - Added connection org.postgresql.jdbc.PgConnection@a6fc2e1
2025-12-12T19:43:08.668+07:00  INFO 25148 --- [product-service] [main] [                                                 ] com.zaxxer.hikari.HikariDataSource       : HikariPool-1 - Start completed.
2025-12-12T19:43:08.725+07:00  WARN 25148 --- [product-service] [main] [                                                 ] org.hibernate.orm.deprecation            : HHH90000025: PostgreSQLDialect does not need to be specified explicitly using 'hibernate.dialect' (remove the property setting and it will be selected by default)
2025-12-12T19:43:08.749+07:00  INFO 25148 --- [product-service] [main] [                                                 ] org.hibernate.orm.connections.pooling    : HHH10001005: Database info:
	Database JDBC URL [Connecting through datasource 'HikariDataSource (HikariPool-1)']
	Database driver: undefined/unknown
	Database version: 14.19
	Autocommit mode: undefined/unknown
	Isolation level: undefined/unknown
	Minimum pool size: undefined/unknown
	Maximum pool size: undefined/unknown
2025-12-12T19:43:09.511+07:00  INFO 25148 --- [product-service] [main] [                                                 ] o.h.e.t.j.p.i.JtaPlatformInitiator       : HHH000489: No JTA platform available (set 'hibernate.transaction.jta.platform' to enable JTA platform integration)
2025-12-12T19:43:09.609+07:00  INFO 25148 --- [product-service] [main] [                                                 ] j.LocalContainerEntityManagerFactoryBean : Initialized JPA EntityManagerFactory for persistence unit 'default'
2025-12-12T19:43:09.904+07:00  INFO 25148 --- [product-service] [main] [                                                 ] o.s.d.j.r.query.QueryEnhancerFactory     : Hibernate is in classpath; If applicable, HQL parser will be used.
2025-12-12T19:43:10.641+07:00  WARN 25148 --- [product-service] [main] [                                                 ] JpaBaseConfiguration$JpaWebConfiguration : spring.jpa.open-in-view is enabled by default. Therefore, database queries may be performed during view rendering. Explicitly configure spring.jpa.open-in-view to disable this warning
2025-12-12T19:43:12.528+07:00  INFO 25148 --- [product-service] [main] [                                                 ] o.s.cloud.commons.util.InetUtils         : Cannot determine local hostname
2025-12-12T19:43:13.574+07:00  INFO 25148 --- [product-service] [main] [                                                 ] o.s.cloud.commons.util.InetUtils         : Cannot determine local hostname
2025-12-12T19:43:13.929+07:00  WARN 25148 --- [product-service] [main] [                                                 ] c.f.c.c.BeanFactoryAwareFunctionRegistry : Failed to locate function 'busConsumer' for function definition 'busConsumer'. Returning null.
2025-12-12T19:43:13.999+07:00  INFO 25148 --- [product-service] [main] [                                                 ] o.s.c.s.m.DirectWithAttributesChannel    : Channel 'product-service.springCloudBusInput' has 1 subscriber(s).
2025-12-12T19:43:15.302+07:00  INFO 25148 --- [product-service] [main] [                                                 ] o.s.cloud.commons.util.InetUtils         : Cannot determine local hostname
2025-12-12T19:43:15.323+07:00  INFO 25148 --- [product-service] [main] [                                                 ] DiscoveryClientOptionalArgsConfiguration : Eureka HTTP Client uses RestTemplate.
2025-12-12T19:43:15.389+07:00  WARN 25148 --- [product-service] [main] [                                                 ] iguration$LoadBalancerCaffeineWarnLogger : Spring Cloud LoadBalancer is currently working with the default cache. While this cache implementation is useful for development and tests, it's recommended to use Caffeine cache in production.You can switch to using Caffeine cache, by adding it and org.springframework.cache.caffeine.CaffeineCacheManager to the classpath.
2025-12-12T19:43:15.399+07:00  INFO 25148 --- [product-service] [main] [                                                 ] o.s.b.a.e.web.EndpointLinksResolver      : Exposing 35 endpoints beneath base path '/actuator'
2025-12-12T19:43:15.535+07:00  INFO 25148 --- [product-service] [main] [                                                 ] o.s.i.endpoint.EventDrivenConsumer       : Adding {logging-channel-adapter:_org.springframework.integration.errorLogger} as a subscriber to the 'errorChannel' channel
2025-12-12T19:43:15.535+07:00  INFO 25148 --- [product-service] [main] [                                                 ] o.s.i.channel.PublishSubscribeChannel    : Channel 'product-service.errorChannel' has 1 subscriber(s).
2025-12-12T19:43:15.536+07:00  INFO 25148 --- [product-service] [main] [                                                 ] o.s.i.endpoint.EventDrivenConsumer       : started bean '_org.springframework.integration.errorLogger'
2025-12-12T19:43:15.585+07:00  INFO 25148 --- [product-service] [main] [                                                 ] o.s.c.n.eureka.InstanceInfoFactory       : Setting initial instance status as: STARTING
2025-12-12T19:43:15.606+07:00  INFO 25148 --- [product-service] [main] [                                                 ] com.netflix.discovery.DiscoveryClient    : Initializing Eureka in region us-east-1
2025-12-12T19:43:15.610+07:00  INFO 25148 --- [product-service] [main] [                                                 ] c.n.d.s.r.aws.ConfigClusterResolver      : Resolving eureka endpoints via configuration
2025-12-12T19:43:15.616+07:00  INFO 25148 --- [product-service] [main] [                                                 ] com.netflix.discovery.DiscoveryClient    : Disable delta property : false
2025-12-12T19:43:15.617+07:00  INFO 25148 --- [product-service] [main] [                                                 ] com.netflix.discovery.DiscoveryClient    : Single vip registry refresh property : null
2025-12-12T19:43:15.617+07:00  INFO 25148 --- [product-service] [main] [                                                 ] com.netflix.discovery.DiscoveryClient    : Force full registry fetch : false
2025-12-12T19:43:15.617+07:00  INFO 25148 --- [product-service] [main] [                                                 ] com.netflix.discovery.DiscoveryClient    : Application is null : false
2025-12-12T19:43:15.617+07:00  INFO 25148 --- [product-service] [main] [                                                 ] com.netflix.discovery.DiscoveryClient    : Registered Applications size is zero : true
2025-12-12T19:43:15.617+07:00  INFO 25148 --- [product-service] [main] [                                                 ] com.netflix.discovery.DiscoveryClient    : Application version is -1: true
2025-12-12T19:43:15.617+07:00  INFO 25148 --- [product-service] [main] [                                                 ] com.netflix.discovery.DiscoveryClient    : Getting all instance registry info from the eureka server
2025-12-12T19:43:15.830+07:00  INFO 25148 --- [product-service] [main] [                                                 ] com.netflix.discovery.DiscoveryClient    : The response status is 200
2025-12-12T19:43:15.832+07:00  INFO 25148 --- [product-service] [main] [                                                 ] com.netflix.discovery.DiscoveryClient    : Starting heartbeat executor: renew interval is: 30
2025-12-12T19:43:15.835+07:00  INFO 25148 --- [product-service] [main] [                                                 ] c.n.discovery.InstanceInfoReplicator     : InstanceInfoReplicator onDemand update allowed rate per min is 4
2025-12-12T19:43:15.836+07:00  INFO 25148 --- [product-service] [main] [                                                 ] com.netflix.discovery.DiscoveryClient    : Discovery Client initialized at timestamp 1765543395836 with initial instances count: 3
2025-12-12T19:43:15.843+07:00  INFO 25148 --- [product-service] [main] [                                                 ] o.s.c.n.e.s.EurekaServiceRegistry        : Registering application PRODUCT-SERVICE with eureka with status UP
2025-12-12T19:43:15.843+07:00  INFO 25148 --- [product-service] [main] [                                                 ] com.netflix.discovery.DiscoveryClient    : Saw local status change event StatusChangeEvent [timestamp=1765543395843, current=UP, previous=STARTING]
2025-12-12T19:43:15.844+07:00  INFO 25148 --- [product-service] [DiscoveryClient-InstanceInfoReplicator-%d] [                                                 ] com.netflix.discovery.DiscoveryClient    : DiscoveryClient_PRODUCT-SERVICE/localhost:product-service:8081: registering service...
2025-12-12T19:43:15.846+07:00  INFO 25148 --- [product-service] [main] [                                                 ] o.s.c.s.binder.DefaultBinderFactory      : Creating binder: rabbit
2025-12-12T19:43:15.846+07:00  INFO 25148 --- [product-service] [main] [                                                 ] o.s.c.s.binder.DefaultBinderFactory      : Constructing binder child context for rabbit
2025-12-12T19:43:15.899+07:00  INFO 25148 --- [product-service] [DiscoveryClient-InstanceInfoReplicator-%d] [                                                 ] com.netflix.discovery.DiscoveryClient    : DiscoveryClient_PRODUCT-SERVICE/localhost:product-service:8081 - registration status: 204
2025-12-12T19:43:15.940+07:00  INFO 25148 --- [product-service] [main] [                                                 ] o.s.c.s.binder.DefaultBinderFactory      : Caching the binder: rabbit
2025-12-12T19:43:15.951+07:00  INFO 25148 --- [product-service] [main] [                                                 ] c.s.b.r.p.RabbitExchangeQueueProvisioner : declaring queue for inbound: springCloudBus.anonymous.xg0xlIEtRkql-rhFhc3y0g, bound to: springCloudBus
2025-12-12T19:43:15.955+07:00  INFO 25148 --- [product-service] [main] [                                                 ] o.s.a.r.c.CachingConnectionFactory       : Attempting to connect to: [localhost:5672]
2025-12-12T19:43:16.028+07:00  INFO 25148 --- [product-service] [main] [                                                 ] o.s.a.r.c.CachingConnectionFactory       : Created new connection: rabbitConnectionFactory#1085fad8:0/SimpleConnection@cdf857d [delegate=amqp://guest@127.0.0.1:5672/, localPort=56982]
2025-12-12T19:43:16.103+07:00  INFO 25148 --- [product-service] [main] [                                                 ] o.s.c.stream.binder.BinderErrorChannel   : Channel 'rabbit-1566009232.springCloudBusInput.errors' has 1 subscriber(s).
2025-12-12T19:43:16.103+07:00  INFO 25148 --- [product-service] [main] [                                                 ] o.s.c.stream.binder.BinderErrorChannel   : Channel 'rabbit-1566009232.springCloudBusInput.errors' has 2 subscriber(s).
2025-12-12T19:43:16.126+07:00  INFO 25148 --- [product-service] [main] [                                                 ] o.s.i.a.i.AmqpInboundChannelAdapter      : started bean 'inbound.springCloudBus.anonymous.xg0xlIEtRkql-rhFhc3y0g'
2025-12-12T19:43:16.139+07:00  INFO 25148 --- [product-service] [main] [                                                 ] o.s.b.w.embedded.tomcat.TomcatWebServer  : Tomcat started on port 8081 (http) with context path '/'
2025-12-12T19:43:16.140+07:00  INFO 25148 --- [product-service] [main] [                                                 ] .s.c.n.e.s.EurekaAutoServiceRegistration : Updating port to 8081
2025-12-12T19:43:16.349+07:00  INFO 25148 --- [product-service] [http-nio-8081-exec-1] [                                                 ] o.a.c.c.C.[Tomcat].[localhost].[/]       : Initializing Spring DispatcherServlet 'dispatcherServlet'
2025-12-12T19:43:16.349+07:00  INFO 25148 --- [product-service] [http-nio-8081-exec-1] [                                                 ] o.s.web.servlet.DispatcherServlet        : Initializing Servlet 'dispatcherServlet'
2025-12-12T19:43:16.351+07:00  INFO 25148 --- [product-service] [http-nio-8081-exec-1] [                                                 ] o.s.web.servlet.DispatcherServlet        : Completed initialization in 2 ms
2025-12-12T19:43:17.146+07:00  INFO 25148 --- [product-service] [main] [                                                 ] o.s.cloud.commons.util.InetUtils         : Cannot determine local hostname
2025-12-12T19:43:18.151+07:00  INFO 25148 --- [product-service] [main] [                                                 ] o.s.cloud.commons.util.InetUtils         : Cannot determine local hostname
2025-12-12T19:43:18.175+07:00  INFO 25148 --- [product-service] [main] [                                                 ] c.ecommerce.product.ProductApplication   : Started ProductApplication in 16.071 seconds (process running for 17.385)
2025-12-12T19:48:15.628+07:00  INFO 25148 --- [product-service] [AsyncResolver-bootstrap-executor-%d] [                                                 ] c.n.d.s.r.aws.ConfigClusterResolver      : Resolving eureka endpoints via configuration
2025-12-12T19:53:15.672+07:00  INFO 25148 --- [product-service] [AsyncResolver-bootstrap-executor-%d] [                                                 ] c.n.d.s.r.aws.ConfigClusterResolver      : Resolving eureka endpoints via configuration
2025-12-12T19:58:15.720+07:00  INFO 25148 --- [product-service] [AsyncResolver-bootstrap-executor-%d] [                                                 ] c.n.d.s.r.aws.ConfigClusterResolver      : Resolving eureka endpoints via configuration
2025-12-12T20:03:15.766+07:00  INFO 25148 --- [product-service] [AsyncResolver-bootstrap-executor-%d] [                                                 ] c.n.d.s.r.aws.ConfigClusterResolver      : Resolving eureka endpoints via configuration
2025-12-12T20:08:15.841+07:00  INFO 25148 --- [product-service] [AsyncResolver-bootstrap-executor-%d] [                                                 ] c.n.d.s.r.aws.ConfigClusterResolver      : Resolving eureka endpoints via configuration
2025-12-12T20:13:15.906+07:00  INFO 25148 --- [product-service] [AsyncResolver-bootstrap-executor-%d] [                                                 ] c.n.d.s.r.aws.ConfigClusterResolver      : Resolving eureka endpoints via configuration
2025-12-12T20:18:15.966+07:00  INFO 25148 --- [product-service] [AsyncResolver-bootstrap-executor-%d] [                                                 ] c.n.d.s.r.aws.ConfigClusterResolver      : Resolving eureka endpoints via configuration
2025-12-12T20:23:16.043+07:00  INFO 25148 --- [product-service] [AsyncResolver-bootstrap-executor-%d] [                                                 ] c.n.d.s.r.aws.ConfigClusterResolver      : Resolving eureka endpoints via configuration
2025-12-12T20:28:16.090+07:00  INFO 25148 --- [product-service] [AsyncResolver-bootstrap-executor-%d] [                                                 ] c.n.d.s.r.aws.ConfigClusterResolver      : Resolving eureka endpoints via configuration
2025-12-12T20:33:16.149+07:00  INFO 25148 --- [product-service] [AsyncResolver-bootstrap-executor-%d] [                                                 ] c.n.d.s.r.aws.ConfigClusterResolver      : Resolving eureka endpoints via configuration
2025-12-12T20:38:16.182+07:00  INFO 25148 --- [product-service] [AsyncResolver-bootstrap-executor-%d] [                                                 ] c.n.d.s.r.aws.ConfigClusterResolver      : Resolving eureka endpoints via configuration
2025-12-12T20:43:16.231+07:00  INFO 25148 --- [product-service] [AsyncResolver-bootstrap-executor-%d] [                                                 ] c.n.d.s.r.aws.ConfigClusterResolver      : Resolving eureka endpoints via configuration
2025-12-12T20:48:16.289+07:00  INFO 25148 --- [product-service] [AsyncResolver-bootstrap-executor-%d] [                                                 ] c.n.d.s.r.aws.ConfigClusterResolver      : Resolving eureka endpoints via configuration
2025-12-12T20:52:05.330+07:00  INFO 25148 --- [product-service] [SpringApplicationShutdownHook] [                                                 ] o.s.c.n.e.s.EurekaServiceRegistry        : Unregistering application PRODUCT-SERVICE with eureka with status DOWN
2025-12-12T20:52:05.385+07:00  INFO 25148 --- [product-service] [SpringApplicationShutdownHook] [                                                 ] com.netflix.discovery.DiscoveryClient    : Saw local status change event StatusChangeEvent [timestamp=1765547525384, current=DOWN, previous=UP]
2025-12-12T20:52:05.391+07:00  INFO 25148 --- [product-service] [DiscoveryClient-InstanceInfoReplicator-%d] [                                                 ] com.netflix.discovery.DiscoveryClient    : DiscoveryClient_PRODUCT-SERVICE/localhost:product-service:8081: registering service...
2025-12-12T20:52:05.746+07:00  INFO 25148 --- [product-service] [SpringApplicationShutdownHook] [                                                 ] o.s.b.w.e.tomcat.GracefulShutdown        : Commencing graceful shutdown. Waiting for active requests to complete
2025-12-12T20:52:05.842+07:00  INFO 25148 --- [product-service] [tomcat-shutdown] [                                                 ] o.s.b.w.e.tomcat.GracefulShutdown        : Graceful shutdown complete
2025-12-12T20:52:05.869+07:00  INFO 25148 --- [product-service] [DiscoveryClient-InstanceInfoReplicator-%d] [                                                 ] com.netflix.discovery.DiscoveryClient    : DiscoveryClient_PRODUCT-SERVICE/localhost:product-service:8081 - registration status: 204
2025-12-12T20:52:06.068+07:00  INFO 25148 --- [product-service] [SpringApplicationShutdownHook] [                                                 ] o.s.a.r.l.SimpleMessageListenerContainer : Waiting for workers to finish.
2025-12-12T20:52:06.358+07:00  INFO 25148 --- [product-service] [SpringApplicationShutdownHook] [                                                 ] o.s.a.r.l.SimpleMessageListenerContainer : Successfully waited for workers to finish.
2025-12-12T20:52:06.373+07:00  INFO 25148 --- [product-service] [SpringApplicationShutdownHook] [                                                 ] o.s.i.a.i.AmqpInboundChannelAdapter      : stopped bean 'inbound.springCloudBus.anonymous.xg0xlIEtRkql-rhFhc3y0g'
2025-12-12T20:52:06.436+07:00  INFO 25148 --- [product-service] [SpringApplicationShutdownHook] [                                                 ] o.s.c.stream.binder.BinderErrorChannel   : Channel 'product-service.rabbit-1566009232.springCloudBusInput.errors' has 1 subscriber(s).
2025-12-12T20:52:06.448+07:00  INFO 25148 --- [product-service] [SpringApplicationShutdownHook] [                                                 ] o.s.c.stream.binder.BinderErrorChannel   : Channel 'product-service.rabbit-1566009232.springCloudBusInput.errors' has 0 subscriber(s).
2025-12-12T20:52:06.584+07:00  INFO 25148 --- [product-service] [DiscoveryClient-HeartbeatExecutor-%d] [693c1e0624f7652dd20ca64719c6f825-d20ca64719c6f825] o.a.h.c.h.i.c.HttpRequestRetryExec       : Recoverable I/O exception (java.net.SocketException) caught when processing request to {}->[http://localhost:8761]
2025-12-12T20:52:06.901+07:00  INFO 25148 --- [product-service] [DiscoveryClient-HeartbeatExecutor-%d] [                                                 ] c.n.d.s.t.d.RedirectingEurekaHttpClient  : Request execution error. endpoint=DefaultEndpoint{ serviceUrl='http://localhost:8761/eureka/} exception=I/O error on PUT request for "http://localhost:8761/eureka/apps/PRODUCT-SERVICE/localhost:product-service:8081": Connect to http://localhost:8761 failed: Connection refused: getsockopt stacktrace=org.springframework.web.client.ResourceAccessException: I/O error on PUT request for "http://localhost:8761/eureka/apps/PRODUCT-SERVICE/localhost:product-service:8081": Connect to http://localhost:8761 failed: Connection refused: getsockopt
	at org.springframework.web.client.RestTemplate.createResourceAccessException(RestTemplate.java:926)
	at org.springframework.web.client.RestTemplate.doExecute(RestTemplate.java:906)
	at org.springframework.web.client.RestTemplate.execute(RestTemplate.java:841)
	at org.springframework.web.client.RestTemplate.exchange(RestTemplate.java:702)
	at org.springframework.cloud.netflix.eureka.http.RestTemplateEurekaHttpClient.sendHeartBeat(RestTemplateEurekaHttpClient.java:119)
	at com.netflix.discovery.shared.transport.decorator.EurekaHttpClientDecorator$3.execute(EurekaHttpClientDecorator.java:92)
	at com.netflix.discovery.shared.transport.decorator.RedirectingEurekaHttpClient.execute(RedirectingEurekaHttpClient.java:91)
	at com.netflix.discovery.shared.transport.decorator.EurekaHttpClientDecorator.sendHeartBeat(EurekaHttpClientDecorator.java:89)
	at com.netflix.discovery.shared.transport.decorator.EurekaHttpClientDecorator$3.execute(EurekaHttpClientDecorator.java:92)
	at com.netflix.discovery.shared.transport.decorator.RetryableEurekaHttpClient.execute(RetryableEurekaHttpClient.java:120)
	at com.netflix.discovery.shared.transport.decorator.EurekaHttpClientDecorator.sendHeartBeat(EurekaHttpClientDecorator.java:89)
	at com.netflix.discovery.shared.transport.decorator.EurekaHttpClientDecorator$3.execute(EurekaHttpClientDecorator.java:92)
	at com.netflix.discovery.shared.transport.decorator.SessionedEurekaHttpClient.execute(SessionedEurekaHttpClient.java:76)
	at com.netflix.discovery.shared.transport.decorator.EurekaHttpClientDecorator.sendHeartBeat(EurekaHttpClientDecorator.java:89)
	at com.netflix.discovery.DiscoveryClient.renew(DiscoveryClient.java:845)
	at com.netflix.discovery.DiscoveryClient$HeartbeatThread.run(DiscoveryClient.java:1402)
	at java.base/java.util.concurrent.Executors$RunnableAdapter.call(Executors.java:545)
	at java.base/java.util.concurrent.FutureTask.run(FutureTask.java:328)
	at java.base/java.util.concurrent.ThreadPoolExecutor.runWorker(ThreadPoolExecutor.java:1090)
	at java.base/java.util.concurrent.ThreadPoolExecutor$Worker.run(ThreadPoolExecutor.java:614)
	at java.base/java.lang.Thread.run(Thread.java:1474)
Caused by: org.apache.hc.client5.http.HttpHostConnectException: Connect to http://localhost:8761 failed: Connection refused: getsockopt
	at java.base/sun.nio.ch.Net.pollConnect(Native Method)
	at java.base/sun.nio.ch.Net.pollConnectNow(Net.java:639)
	at java.base/sun.nio.ch.NioSocketImpl.timedFinishConnect(NioSocketImpl.java:543)
	at java.base/sun.nio.ch.NioSocketImpl.connect(NioSocketImpl.java:594)
	at java.base/java.net.SocksSocketImpl.connect(SocksSocketImpl.java:284)
	at java.base/java.net.Socket.connect(Socket.java:659)
	at org.apache.hc.client5.http.impl.io.DefaultHttpClientConnectionOperator.connect(DefaultHttpClientConnectionOperator.java:205)
	at org.apache.hc.client5.http.impl.io.PoolingHttpClientConnectionManager.connect(PoolingHttpClientConnectionManager.java:490)
	at org.apache.hc.client5.http.impl.classic.InternalExecRuntime.connectEndpoint(InternalExecRuntime.java:164)
	at org.apache.hc.client5.http.impl.classic.InternalExecRuntime.connectEndpoint(InternalExecRuntime.java:174)
	at org.apache.hc.client5.http.impl.classic.ConnectExec.execute(ConnectExec.java:144)
	at org.apache.hc.client5.http.impl.classic.ExecChainElement.execute(ExecChainElement.java:51)
	at org.apache.hc.client5.http.impl.classic.ProtocolExec.execute(ProtocolExec.java:195)
	at org.apache.hc.client5.http.impl.classic.ExecChainElement.execute(ExecChainElement.java:51)
	at org.apache.hc.client5.http.impl.classic.ContentCompressionExec.execute(ContentCompressionExec.java:150)
	at org.apache.hc.client5.http.impl.classic.ExecChainElement.execute(ExecChainElement.java:51)
	at org.apache.hc.client5.http.impl.classic.HttpRequestRetryExec.execute(HttpRequestRetryExec.java:113)
	at org.apache.hc.client5.http.impl.classic.ExecChainElement.execute(ExecChainElement.java:51)
	at org.apache.hc.client5.http.impl.classic.RedirectExec.execute(RedirectExec.java:110)
	at org.apache.hc.client5.http.impl.classic.ExecChainElement.execute(ExecChainElement.java:51)
	at org.apache.hc.client5.http.impl.classic.InternalHttpClient.doExecute(InternalHttpClient.java:185)
	at org.apache.hc.client5.http.impl.classic.CloseableHttpClient.execute(CloseableHttpClient.java:87)
	at org.apache.hc.client5.http.impl.classic.CloseableHttpClient.execute(CloseableHttpClient.java:55)
	at org.apache.hc.client5.http.classic.HttpClient.executeOpen(HttpClient.java:183)
	at org.springframework.http.client.HttpComponentsClientHttpRequest.executeInternal(HttpComponentsClientHttpRequest.java:99)
	at org.springframework.http.client.AbstractStreamingClientHttpRequest.executeInternal(AbstractStreamingClientHttpRequest.java:71)
	at org.springframework.http.client.AbstractClientHttpRequest.execute(AbstractClientHttpRequest.java:81)
	at org.springframework.http.client.InterceptingClientHttpRequest$InterceptingRequestExecution.execute(InterceptingClientHttpRequest.java:117)
	at org.springframework.cloud.netflix.eureka.http.RestTemplateTransportClientFactory.lambda$restTemplate$2(RestTemplateTransportClientFactory.java:145)
	at org.springframework.http.client.InterceptingClientHttpRequest$InterceptingRequestExecution.execute(InterceptingClientHttpRequest.java:88)
	at org.springframework.http.client.InterceptingClientHttpRequest.executeInternal(InterceptingClientHttpRequest.java:72)
	at org.springframework.http.client.AbstractBufferingClientHttpRequest.executeInternal(AbstractBufferingClientHttpRequest.java:48)
	at org.springframework.http.client.AbstractClientHttpRequest.execute(AbstractClientHttpRequest.java:81)
	at org.springframework.web.client.RestTemplate.doExecute(RestTemplate.java:900)
	... 19 more

2025-12-12T20:52:06.904+07:00  WARN 25148 --- [product-service] [DiscoveryClient-HeartbeatExecutor-%d] [                                                 ] c.n.d.s.t.d.RetryableEurekaHttpClient    : Request execution failed with message: I/O error on PUT request for "http://localhost:8761/eureka/apps/PRODUCT-SERVICE/localhost:product-service:8081": Connect to http://localhost:8761 failed: Connection refused: getsockopt
2025-12-12T20:52:06.901+07:00  INFO 25148 --- [product-service] [DiscoveryClient-CacheRefreshExecutor-%d] [                                                 ] c.n.d.s.t.d.RedirectingEurekaHttpClient  : Request execution error. endpoint=DefaultEndpoint{ serviceUrl='http://localhost:8761/eureka/} exception=I/O error on GET request for "http://localhost:8761/eureka/apps/delta": Connect to http://localhost:8761 failed: Connection refused: getsockopt stacktrace=org.springframework.web.client.ResourceAccessException: I/O error on GET request for "http://localhost:8761/eureka/apps/delta": Connect to http://localhost:8761 failed: Connection refused: getsockopt
	at org.springframework.web.client.RestTemplate.createResourceAccessException(RestTemplate.java:926)
	at org.springframework.web.client.RestTemplate.doExecute(RestTemplate.java:906)
	at org.springframework.web.client.RestTemplate.execute(RestTemplate.java:841)
	at org.springframework.web.client.RestTemplate.exchange(RestTemplate.java:702)
	at org.springframework.cloud.netflix.eureka.http.RestTemplateEurekaHttpClient.getApplicationsInternal(RestTemplateEurekaHttpClient.java:174)
	at org.springframework.cloud.netflix.eureka.http.RestTemplateEurekaHttpClient.getDelta(RestTemplateEurekaHttpClient.java:186)
	at com.netflix.discovery.shared.transport.decorator.EurekaHttpClientDecorator$7.execute(EurekaHttpClientDecorator.java:152)
	at com.netflix.discovery.shared.transport.decorator.RedirectingEurekaHttpClient.execute(RedirectingEurekaHttpClient.java:91)
	at com.netflix.discovery.shared.transport.decorator.EurekaHttpClientDecorator.getDelta(EurekaHttpClientDecorator.java:149)
	at com.netflix.discovery.shared.transport.decorator.EurekaHttpClientDecorator$7.execute(EurekaHttpClientDecorator.java:152)
	at com.netflix.discovery.shared.transport.decorator.RetryableEurekaHttpClient.execute(RetryableEurekaHttpClient.java:120)
	at com.netflix.discovery.shared.transport.decorator.EurekaHttpClientDecorator.getDelta(EurekaHttpClientDecorator.java:149)
	at com.netflix.discovery.shared.transport.decorator.EurekaHttpClientDecorator$7.execute(EurekaHttpClientDecorator.java:152)
	at com.netflix.discovery.shared.transport.decorator.SessionedEurekaHttpClient.execute(SessionedEurekaHttpClient.java:76)
	at com.netflix.discovery.shared.transport.decorator.EurekaHttpClientDecorator.getDelta(EurekaHttpClientDecorator.java:149)
	at com.netflix.discovery.DiscoveryClient.getAndUpdateDelta(DiscoveryClient.java:1080)
	at com.netflix.discovery.DiscoveryClient.fetchRegistry(DiscoveryClient.java:963)
	at com.netflix.discovery.DiscoveryClient.refreshRegistry(DiscoveryClient.java:1473)
	at com.netflix.discovery.DiscoveryClient$CacheRefreshThread.run(DiscoveryClient.java:1441)
	at java.base/java.util.concurrent.Executors$RunnableAdapter.call(Executors.java:545)
	at java.base/java.util.concurrent.FutureTask.run(FutureTask.java:328)
	at java.base/java.util.concurrent.ThreadPoolExecutor.runWorker(ThreadPoolExecutor.java:1090)
	at java.base/java.util.concurrent.ThreadPoolExecutor$Worker.run(ThreadPoolExecutor.java:614)
	at java.base/java.lang.Thread.run(Thread.java:1474)
Caused by: org.apache.hc.client5.http.HttpHostConnectException: Connect to http://localhost:8761 failed: Connection refused: getsockopt
	at java.base/sun.nio.ch.Net.pollConnect(Native Method)
	at java.base/sun.nio.ch.Net.pollConnectNow(Net.java:639)
	at java.base/sun.nio.ch.NioSocketImpl.timedFinishConnect(NioSocketImpl.java:543)
	at java.base/sun.nio.ch.NioSocketImpl.connect(NioSocketImpl.java:594)
	at java.base/java.net.SocksSocketImpl.connect(SocksSocketImpl.java:284)
	at java.base/java.net.Socket.connect(Socket.java:659)
	at org.apache.hc.client5.http.impl.io.DefaultHttpClientConnectionOperator.connect(DefaultHttpClientConnectionOperator.java:205)
	at org.apache.hc.client5.http.impl.io.PoolingHttpClientConnectionManager.connect(PoolingHttpClientConnectionManager.java:490)
	at org.apache.hc.client5.http.impl.classic.InternalExecRuntime.connectEndpoint(InternalExecRuntime.java:164)
	at org.apache.hc.client5.http.impl.classic.InternalExecRuntime.connectEndpoint(InternalExecRuntime.java:174)
	at org.apache.hc.client5.http.impl.classic.ConnectExec.execute(ConnectExec.java:144)
	at org.apache.hc.client5.http.impl.classic.ExecChainElement.execute(ExecChainElement.java:51)
	at org.apache.hc.client5.http.impl.classic.ProtocolExec.execute(ProtocolExec.java:195)
	at org.apache.hc.client5.http.impl.classic.ExecChainElement.execute(ExecChainElement.java:51)
	at org.apache.hc.client5.http.impl.classic.ContentCompressionExec.execute(ContentCompressionExec.java:150)
	at org.apache.hc.client5.http.impl.classic.ExecChainElement.execute(ExecChainElement.java:51)
	at org.apache.hc.client5.http.impl.classic.HttpRequestRetryExec.execute(HttpRequestRetryExec.java:113)
	at org.apache.hc.client5.http.impl.classic.ExecChainElement.execute(ExecChainElement.java:51)
	at org.apache.hc.client5.http.impl.classic.RedirectExec.execute(RedirectExec.java:110)
	at org.apache.hc.client5.http.impl.classic.ExecChainElement.execute(ExecChainElement.java:51)
	at org.apache.hc.client5.http.impl.classic.InternalHttpClient.doExecute(InternalHttpClient.java:185)
	at org.apache.hc.client5.http.impl.classic.CloseableHttpClient.execute(CloseableHttpClient.java:87)
	at org.apache.hc.client5.http.impl.classic.CloseableHttpClient.execute(CloseableHttpClient.java:55)
	at org.apache.hc.client5.http.classic.HttpClient.executeOpen(HttpClient.java:183)
	at org.springframework.http.client.HttpComponentsClientHttpRequest.executeInternal(HttpComponentsClientHttpRequest.java:99)
	at org.springframework.http.client.AbstractStreamingClientHttpRequest.executeInternal(AbstractStreamingClientHttpRequest.java:71)
	at org.springframework.http.client.AbstractClientHttpRequest.execute(AbstractClientHttpRequest.java:81)
	at org.springframework.http.client.InterceptingClientHttpRequest$InterceptingRequestExecution.execute(InterceptingClientHttpRequest.java:117)
	at org.springframework.cloud.netflix.eureka.http.RestTemplateTransportClientFactory.lambda$restTemplate$2(RestTemplateTransportClientFactory.java:145)
	at org.springframework.http.client.InterceptingClientHttpRequest$InterceptingRequestExecution.execute(InterceptingClientHttpRequest.java:88)
	at org.springframework.http.client.InterceptingClientHttpRequest.executeInternal(InterceptingClientHttpRequest.java:72)
	at org.springframework.http.client.AbstractBufferingClientHttpRequest.executeInternal(AbstractBufferingClientHttpRequest.java:48)
	at org.springframework.http.client.AbstractClientHttpRequest.execute(AbstractClientHttpRequest.java:81)
	at org.springframework.web.client.RestTemplate.doExecute(RestTemplate.java:900)
	... 22 more

2025-12-12T20:52:06.905+07:00  WARN 25148 --- [product-service] [DiscoveryClient-CacheRefreshExecutor-%d] [                                                 ] c.n.d.s.t.d.RetryableEurekaHttpClient    : Request execution failed with message: I/O error on GET request for "http://localhost:8761/eureka/apps/delta": Connect to http://localhost:8761 failed: Connection refused: getsockopt
2025-12-12T20:52:07.037+07:00  INFO 25148 --- [product-service] [DiscoveryClient-HeartbeatExecutor-%d] [                                                 ] c.n.d.s.t.d.RedirectingEurekaHttpClient  : Request execution error. endpoint=DefaultEndpoint{ serviceUrl='http://localhost:8761/eureka/}, exception=I/O error on PUT request for "http://localhost:8761/eureka/apps/PRODUCT-SERVICE/localhost:product-service:8081": Connect to http://localhost:8761 failed: Connection refused: getsockopt stacktrace=org.springframework.web.client.ResourceAccessException: I/O error on PUT request for "http://localhost:8761/eureka/apps/PRODUCT-SERVICE/localhost:product-service:8081": Connect to http://localhost:8761 failed: Connection refused: getsockopt
	at org.springframework.web.client.RestTemplate.createResourceAccessException(RestTemplate.java:926)
	at org.springframework.web.client.RestTemplate.doExecute(RestTemplate.java:906)
	at org.springframework.web.client.RestTemplate.execute(RestTemplate.java:841)
	at org.springframework.web.client.RestTemplate.exchange(RestTemplate.java:702)
	at org.springframework.cloud.netflix.eureka.http.RestTemplateEurekaHttpClient.sendHeartBeat(RestTemplateEurekaHttpClient.java:119)
	at com.netflix.discovery.shared.transport.decorator.EurekaHttpClientDecorator$3.execute(EurekaHttpClientDecorator.java:92)
	at com.netflix.discovery.shared.transport.decorator.RedirectingEurekaHttpClient.executeOnNewServer(RedirectingEurekaHttpClient.java:121)
	at com.netflix.discovery.shared.transport.decorator.RedirectingEurekaHttpClient.execute(RedirectingEurekaHttpClient.java:80)
	at com.netflix.discovery.shared.transport.decorator.EurekaHttpClientDecorator.sendHeartBeat(EurekaHttpClientDecorator.java:89)
	at com.netflix.discovery.shared.transport.decorator.EurekaHttpClientDecorator$3.execute(EurekaHttpClientDecorator.java:92)
	at com.netflix.discovery.shared.transport.decorator.RetryableEurekaHttpClient.execute(RetryableEurekaHttpClient.java:120)
	at com.netflix.discovery.shared.transport.decorator.EurekaHttpClientDecorator.sendHeartBeat(EurekaHttpClientDecorator.java:89)
	at com.netflix.discovery.shared.transport.decorator.EurekaHttpClientDecorator$3.execute(EurekaHttpClientDecorator.java:92)
	at com.netflix.discovery.shared.transport.decorator.SessionedEurekaHttpClient.execute(SessionedEurekaHttpClient.java:76)
	at com.netflix.discovery.shared.transport.decorator.EurekaHttpClientDecorator.sendHeartBeat(EurekaHttpClientDecorator.java:89)
	at com.netflix.discovery.DiscoveryClient.renew(DiscoveryClient.java:845)
	at com.netflix.discovery.DiscoveryClient$HeartbeatThread.run(DiscoveryClient.java:1402)
	at java.base/java.util.concurrent.Executors$RunnableAdapter.call(Executors.java:545)
	at java.base/java.util.concurrent.FutureTask.run(FutureTask.java:328)
	at java.base/java.util.concurrent.ThreadPoolExecutor.runWorker(ThreadPoolExecutor.java:1090)
	at java.base/java.util.concurrent.ThreadPoolExecutor$Worker.run(ThreadPoolExecutor.java:614)
	at java.base/java.lang.Thread.run(Thread.java:1474)
Caused by: org.apache.hc.client5.http.HttpHostConnectException: Connect to http://localhost:8761 failed: Connection refused: getsockopt
	at java.base/sun.nio.ch.Net.pollConnect(Native Method)
	at java.base/sun.nio.ch.Net.pollConnectNow(Net.java:639)
	at java.base/sun.nio.ch.NioSocketImpl.timedFinishConnect(NioSocketImpl.java:543)
	at java.base/sun.nio.ch.NioSocketImpl.connect(NioSocketImpl.java:594)
	at java.base/java.net.SocksSocketImpl.connect(SocksSocketImpl.java:284)
	at java.base/java.net.Socket.connect(Socket.java:659)
	at org.apache.hc.client5.http.impl.io.DefaultHttpClientConnectionOperator.connect(DefaultHttpClientConnectionOperator.java:205)
	at org.apache.hc.client5.http.impl.io.PoolingHttpClientConnectionManager.connect(PoolingHttpClientConnectionManager.java:490)
	at org.apache.hc.client5.http.impl.classic.InternalExecRuntime.connectEndpoint(InternalExecRuntime.java:164)
	at org.apache.hc.client5.http.impl.classic.InternalExecRuntime.connectEndpoint(InternalExecRuntime.java:174)
	at org.apache.hc.client5.http.impl.classic.ConnectExec.execute(ConnectExec.java:144)
	at org.apache.hc.client5.http.impl.classic.ExecChainElement.execute(ExecChainElement.java:51)
	at org.apache.hc.client5.http.impl.classic.ProtocolExec.execute(ProtocolExec.java:195)
	at org.apache.hc.client5.http.impl.classic.ExecChainElement.execute(ExecChainElement.java:51)
	at org.apache.hc.client5.http.impl.classic.ContentCompressionExec.execute(ContentCompressionExec.java:150)
	at org.apache.hc.client5.http.impl.classic.ExecChainElement.execute(ExecChainElement.java:51)
	at org.apache.hc.client5.http.impl.classic.HttpRequestRetryExec.execute(HttpRequestRetryExec.java:113)
	at org.apache.hc.client5.http.impl.classic.ExecChainElement.execute(ExecChainElement.java:51)
	at org.apache.hc.client5.http.impl.classic.RedirectExec.execute(RedirectExec.java:110)
	at org.apache.hc.client5.http.impl.classic.ExecChainElement.execute(ExecChainElement.java:51)
	at org.apache.hc.client5.http.impl.classic.InternalHttpClient.doExecute(InternalHttpClient.java:185)
	at org.apache.hc.client5.http.impl.classic.CloseableHttpClient.execute(CloseableHttpClient.java:87)
	at org.apache.hc.client5.http.impl.classic.CloseableHttpClient.execute(CloseableHttpClient.java:55)
	at org.apache.hc.client5.http.classic.HttpClient.executeOpen(HttpClient.java:183)
	at org.springframework.http.client.HttpComponentsClientHttpRequest.executeInternal(HttpComponentsClientHttpRequest.java:99)
	at org.springframework.http.client.AbstractStreamingClientHttpRequest.executeInternal(AbstractStreamingClientHttpRequest.java:71)
	at org.springframework.http.client.AbstractClientHttpRequest.execute(AbstractClientHttpRequest.java:81)
	at org.springframework.http.client.InterceptingClientHttpRequest$InterceptingRequestExecution.execute(InterceptingClientHttpRequest.java:117)
	at org.springframework.cloud.netflix.eureka.http.RestTemplateTransportClientFactory.lambda$restTemplate$2(RestTemplateTransportClientFactory.java:145)
	at org.springframework.http.client.InterceptingClientHttpRequest$InterceptingRequestExecution.execute(InterceptingClientHttpRequest.java:88)
	at org.springframework.http.client.InterceptingClientHttpRequest.executeInternal(InterceptingClientHttpRequest.java:72)
	at org.springframework.http.client.AbstractBufferingClientHttpRequest.executeInternal(AbstractBufferingClientHttpRequest.java:48)
	at org.springframework.http.client.AbstractClientHttpRequest.execute(AbstractClientHttpRequest.java:81)
	at org.springframework.web.client.RestTemplate.doExecute(RestTemplate.java:900)
	... 20 more

2025-12-12T20:52:07.038+07:00  WARN 25148 --- [product-service] [DiscoveryClient-HeartbeatExecutor-%d] [                                                 ] c.n.d.s.t.d.RetryableEurekaHttpClient    : Request execution failed with message: I/O error on PUT request for "http://localhost:8761/eureka/apps/PRODUCT-SERVICE/localhost:product-service:8081": Connect to http://localhost:8761 failed: Connection refused: getsockopt
2025-12-12T20:52:07.049+07:00  INFO 25148 --- [product-service] [DiscoveryClient-CacheRefreshExecutor-%d] [                                                 ] c.n.d.s.t.d.RedirectingEurekaHttpClient  : Request execution error. endpoint=DefaultEndpoint{ serviceUrl='http://localhost:8761/eureka/}, exception=I/O error on GET request for "http://localhost:8761/eureka/apps/delta": Connect to http://localhost:8761 failed: Connection refused: getsockopt stacktrace=org.springframework.web.client.ResourceAccessException: I/O error on GET request for "http://localhost:8761/eureka/apps/delta": Connect to http://localhost:8761 failed: Connection refused: getsockopt
	at org.springframework.web.client.RestTemplate.createResourceAccessException(RestTemplate.java:926)
	at org.springframework.web.client.RestTemplate.doExecute(RestTemplate.java:906)
	at org.springframework.web.client.RestTemplate.execute(RestTemplate.java:841)
	at org.springframework.web.client.RestTemplate.exchange(RestTemplate.java:702)
	at org.springframework.cloud.netflix.eureka.http.RestTemplateEurekaHttpClient.getApplicationsInternal(RestTemplateEurekaHttpClient.java:174)
	at org.springframework.cloud.netflix.eureka.http.RestTemplateEurekaHttpClient.getDelta(RestTemplateEurekaHttpClient.java:186)
	at com.netflix.discovery.shared.transport.decorator.EurekaHttpClientDecorator$7.execute(EurekaHttpClientDecorator.java:152)
	at com.netflix.discovery.shared.transport.decorator.RedirectingEurekaHttpClient.executeOnNewServer(RedirectingEurekaHttpClient.java:121)
	at com.netflix.discovery.shared.transport.decorator.RedirectingEurekaHttpClient.execute(RedirectingEurekaHttpClient.java:80)
	at com.netflix.discovery.shared.transport.decorator.EurekaHttpClientDecorator.getDelta(EurekaHttpClientDecorator.java:149)
	at com.netflix.discovery.shared.transport.decorator.EurekaHttpClientDecorator$7.execute(EurekaHttpClientDecorator.java:152)
	at com.netflix.discovery.shared.transport.decorator.RetryableEurekaHttpClient.execute(RetryableEurekaHttpClient.java:120)
	at com.netflix.discovery.shared.transport.decorator.EurekaHttpClientDecorator.getDelta(EurekaHttpClientDecorator.java:149)
	at com.netflix.discovery.shared.transport.decorator.EurekaHttpClientDecorator$7.execute(EurekaHttpClientDecorator.java:152)
	at com.netflix.discovery.shared.transport.decorator.SessionedEurekaHttpClient.execute(SessionedEurekaHttpClient.java:76)
	at com.netflix.discovery.shared.transport.decorator.EurekaHttpClientDecorator.getDelta(EurekaHttpClientDecorator.java:149)
	at com.netflix.discovery.DiscoveryClient.getAndUpdateDelta(DiscoveryClient.java:1080)
	at com.netflix.discovery.DiscoveryClient.fetchRegistry(DiscoveryClient.java:963)
	at com.netflix.discovery.DiscoveryClient.refreshRegistry(DiscoveryClient.java:1473)
	at com.netflix.discovery.DiscoveryClient$CacheRefreshThread.run(DiscoveryClient.java:1441)
	at java.base/java.util.concurrent.Executors$RunnableAdapter.call(Executors.java:545)
	at java.base/java.util.concurrent.FutureTask.run(FutureTask.java:328)
	at java.base/java.util.concurrent.ThreadPoolExecutor.runWorker(ThreadPoolExecutor.java:1090)
	at java.base/java.util.concurrent.ThreadPoolExecutor$Worker.run(ThreadPoolExecutor.java:614)
	at java.base/java.lang.Thread.run(Thread.java:1474)
Caused by: org.apache.hc.client5.http.HttpHostConnectException: Connect to http://localhost:8761 failed: Connection refused: getsockopt
	at java.base/sun.nio.ch.Net.pollConnect(Native Method)
	at java.base/sun.nio.ch.Net.pollConnectNow(Net.java:639)
	at java.base/sun.nio.ch.NioSocketImpl.timedFinishConnect(NioSocketImpl.java:543)
	at java.base/sun.nio.ch.NioSocketImpl.connect(NioSocketImpl.java:594)
	at java.base/java.net.SocksSocketImpl.connect(SocksSocketImpl.java:284)
	at java.base/java.net.Socket.connect(Socket.java:659)
	at org.apache.hc.client5.http.impl.io.DefaultHttpClientConnectionOperator.connect(DefaultHttpClientConnectionOperator.java:205)
	at org.apache.hc.client5.http.impl.io.PoolingHttpClientConnectionManager.connect(PoolingHttpClientConnectionManager.java:490)
	at org.apache.hc.client5.http.impl.classic.InternalExecRuntime.connectEndpoint(InternalExecRuntime.java:164)
	at org.apache.hc.client5.http.impl.classic.InternalExecRuntime.connectEndpoint(InternalExecRuntime.java:174)
	at org.apache.hc.client5.http.impl.classic.ConnectExec.execute(ConnectExec.java:144)
	at org.apache.hc.client5.http.impl.classic.ExecChainElement.execute(ExecChainElement.java:51)
	at org.apache.hc.client5.http.impl.classic.ProtocolExec.execute(ProtocolExec.java:195)
	at org.apache.hc.client5.http.impl.classic.ExecChainElement.execute(ExecChainElement.java:51)
	at org.apache.hc.client5.http.impl.classic.ContentCompressionExec.execute(ContentCompressionExec.java:150)
	at org.apache.hc.client5.http.impl.classic.ExecChainElement.execute(ExecChainElement.java:51)
	at org.apache.hc.client5.http.impl.classic.HttpRequestRetryExec.execute(HttpRequestRetryExec.java:113)
	at org.apache.hc.client5.http.impl.classic.ExecChainElement.execute(ExecChainElement.java:51)
	at org.apache.hc.client5.http.impl.classic.RedirectExec.execute(RedirectExec.java:110)
	at org.apache.hc.client5.http.impl.classic.ExecChainElement.execute(ExecChainElement.java:51)
	at org.apache.hc.client5.http.impl.classic.InternalHttpClient.doExecute(InternalHttpClient.java:185)
	at org.apache.hc.client5.http.impl.classic.CloseableHttpClient.execute(CloseableHttpClient.java:87)
	at org.apache.hc.client5.http.impl.classic.CloseableHttpClient.execute(CloseableHttpClient.java:55)
	at org.apache.hc.client5.http.classic.HttpClient.executeOpen(HttpClient.java:183)
	at org.springframework.http.client.HttpComponentsClientHttpRequest.executeInternal(HttpComponentsClientHttpRequest.java:99)
	at org.springframework.http.client.AbstractStreamingClientHttpRequest.executeInternal(AbstractStreamingClientHttpRequest.java:71)
	at org.springframework.http.client.AbstractClientHttpRequest.execute(AbstractClientHttpRequest.java:81)
	at org.springframework.http.client.InterceptingClientHttpRequest$InterceptingRequestExecution.execute(InterceptingClientHttpRequest.java:117)
	at org.springframework.cloud.netflix.eureka.http.RestTemplateTransportClientFactory.lambda$restTemplate$2(RestTemplateTransportClientFactory.java:145)
	at org.springframework.http.client.InterceptingClientHttpRequest$InterceptingRequestExecution.execute(InterceptingClientHttpRequest.java:88)
	at org.springframework.http.client.InterceptingClientHttpRequest.executeInternal(InterceptingClientHttpRequest.java:72)
	at org.springframework.http.client.AbstractBufferingClientHttpRequest.executeInternal(AbstractBufferingClientHttpRequest.java:48)
	at org.springframework.http.client.AbstractClientHttpRequest.execute(AbstractClientHttpRequest.java:81)
	at org.springframework.web.client.RestTemplate.doExecute(RestTemplate.java:900)
	... 23 more

2025-12-12T20:52:07.051+07:00  WARN 25148 --- [product-service] [DiscoveryClient-CacheRefreshExecutor-%d] [                                                 ] c.n.d.s.t.d.RetryableEurekaHttpClient    : Request execution failed with message: I/O error on GET request for "http://localhost:8761/eureka/apps/delta": Connect to http://localhost:8761 failed: Connection refused: getsockopt
2025-12-12T20:52:07.054+07:00  INFO 25148 --- [product-service] [DiscoveryClient-CacheRefreshExecutor-%d] [                                                 ] com.netflix.discovery.DiscoveryClient    : DiscoveryClient_PRODUCT-SERVICE/localhost:product-service:8081 - was unable to refresh its cache! This periodic background refresh will be retried in 30 seconds. status = Cannot execute request on any known server stacktrace = com.netflix.discovery.shared.transport.TransportException: Cannot execute request on any known server
	at com.netflix.discovery.shared.transport.decorator.RetryableEurekaHttpClient.execute(RetryableEurekaHttpClient.java:112)
	at com.netflix.discovery.shared.transport.decorator.EurekaHttpClientDecorator.getDelta(EurekaHttpClientDecorator.java:149)
	at com.netflix.discovery.shared.transport.decorator.EurekaHttpClientDecorator$7.execute(EurekaHttpClientDecorator.java:152)
	at com.netflix.discovery.shared.transport.decorator.SessionedEurekaHttpClient.execute(SessionedEurekaHttpClient.java:76)
	at com.netflix.discovery.shared.transport.decorator.EurekaHttpClientDecorator.getDelta(EurekaHttpClientDecorator.java:149)
	at com.netflix.discovery.DiscoveryClient.getAndUpdateDelta(DiscoveryClient.java:1080)
	at com.netflix.discovery.DiscoveryClient.fetchRegistry(DiscoveryClient.java:963)
	at com.netflix.discovery.DiscoveryClient.refreshRegistry(DiscoveryClient.java:1473)
	at com.netflix.discovery.DiscoveryClient$CacheRefreshThread.run(DiscoveryClient.java:1441)
	at java.base/java.util.concurrent.Executors$RunnableAdapter.call(Executors.java:545)
	at java.base/java.util.concurrent.FutureTask.run(FutureTask.java:328)
	at java.base/java.util.concurrent.ThreadPoolExecutor.runWorker(ThreadPoolExecutor.java:1090)
	at java.base/java.util.concurrent.ThreadPoolExecutor$Worker.run(ThreadPoolExecutor.java:614)
	at java.base/java.lang.Thread.run(Thread.java:1474)

2025-12-12T20:52:07.042+07:00 ERROR 25148 --- [product-service] [DiscoveryClient-HeartbeatExecutor-%d] [                                                 ] com.netflix.discovery.DiscoveryClient    : DiscoveryClient_PRODUCT-SERVICE/localhost:product-service:8081 - was unable to send heartbeat!

com.netflix.discovery.shared.transport.TransportException: Cannot execute request on any known server
	at com.netflix.discovery.shared.transport.decorator.RetryableEurekaHttpClient.execute(RetryableEurekaHttpClient.java:112) ~[eureka-client-2.0.4.jar:2.0.4]
	at com.netflix.discovery.shared.transport.decorator.EurekaHttpClientDecorator.sendHeartBeat(EurekaHttpClientDecorator.java:89) ~[eureka-client-2.0.4.jar:2.0.4]
	at com.netflix.discovery.shared.transport.decorator.EurekaHttpClientDecorator$3.execute(EurekaHttpClientDecorator.java:92) ~[eureka-client-2.0.4.jar:2.0.4]
	at com.netflix.discovery.shared.transport.decorator.SessionedEurekaHttpClient.execute(SessionedEurekaHttpClient.java:76) ~[eureka-client-2.0.4.jar:2.0.4]
	at com.netflix.discovery.shared.transport.decorator.EurekaHttpClientDecorator.sendHeartBeat(EurekaHttpClientDecorator.java:89) ~[eureka-client-2.0.4.jar:2.0.4]
	at com.netflix.discovery.DiscoveryClient.renew(DiscoveryClient.java:845) ~[eureka-client-2.0.4.jar:2.0.4]
	at com.netflix.discovery.DiscoveryClient$HeartbeatThread.run(DiscoveryClient.java:1402) ~[eureka-client-2.0.4.jar:2.0.4]
	at java.base/java.util.concurrent.Executors$RunnableAdapter.call(Executors.java:545) ~[na:na]
	at java.base/java.util.concurrent.FutureTask.run(FutureTask.java:328) ~[na:na]
	at java.base/java.util.concurrent.ThreadPoolExecutor.runWorker(ThreadPoolExecutor.java:1090) ~[na:na]
	at java.base/java.util.concurrent.ThreadPoolExecutor$Worker.run(ThreadPoolExecutor.java:614) ~[na:na]
	at java.base/java.lang.Thread.run(Thread.java:1474) ~[na:na]

2025-12-12T20:52:08.255+07:00  INFO 25148 --- [product-service] [SpringApplicationShutdownHook] [                                                 ] o.s.i.endpoint.EventDrivenConsumer       : Removing {logging-channel-adapter:_org.springframework.integration.errorLogger} as a subscriber to the 'errorChannel' channel
2025-12-12T20:52:08.256+07:00  INFO 25148 --- [product-service] [SpringApplicationShutdownHook] [                                                 ] o.s.i.channel.PublishSubscribeChannel    : Channel 'product-service.errorChannel' has 0 subscriber(s).
2025-12-12T20:52:08.257+07:00  INFO 25148 --- [product-service] [SpringApplicationShutdownHook] [                                                 ] o.s.i.endpoint.EventDrivenConsumer       : stopped bean '_org.springframework.integration.errorLogger'
2025-12-12T20:52:08.356+07:00  INFO 25148 --- [product-service] [SpringApplicationShutdownHook] [                                                 ] j.LocalContainerEntityManagerFactoryBean : Closing JPA EntityManagerFactory for persistence unit 'default'
2025-12-12T20:52:08.408+07:00  INFO 25148 --- [product-service] [SpringApplicationShutdownHook] [                                                 ] com.zaxxer.hikari.HikariDataSource       : HikariPool-1 - Shutdown initiated...
2025-12-12T20:52:08.431+07:00  INFO 25148 --- [product-service] [SpringApplicationShutdownHook] [                                                 ] com.zaxxer.hikari.HikariDataSource       : HikariPool-1 - Shutdown completed.
2025-12-12T20:52:09.145+07:00  INFO 25148 --- [product-service] [SpringApplicationShutdownHook] [                                                 ] com.netflix.discovery.DiscoveryClient    : Shutting down DiscoveryClient ...
2025-12-12T20:52:12.147+07:00  INFO 25148 --- [product-service] [SpringApplicationShutdownHook] [                                                 ] com.netflix.discovery.DiscoveryClient    : Unregistering ...
2025-12-12T20:52:12.180+07:00  INFO 25148 --- [product-service] [SpringApplicationShutdownHook] [                                                 ] c.n.d.s.t.d.RedirectingEurekaHttpClient  : Request execution error. endpoint=DefaultEndpoint{ serviceUrl='http://localhost:8761/eureka/}, exception=I/O error on DELETE request for "http://localhost:8761/eureka/apps/PRODUCT-SERVICE/localhost:product-service:8081": Connect to http://localhost:8761 failed: Connection refused: getsockopt stacktrace=org.springframework.web.client.ResourceAccessException: I/O error on DELETE request for "http://localhost:8761/eureka/apps/PRODUCT-SERVICE/localhost:product-service:8081": Connect to http://localhost:8761 failed: Connection refused: getsockopt
	at org.springframework.web.client.RestTemplate.createResourceAccessException(RestTemplate.java:926)
	at org.springframework.web.client.RestTemplate.doExecute(RestTemplate.java:906)
	at org.springframework.web.client.RestTemplate.execute(RestTemplate.java:841)
	at org.springframework.web.client.RestTemplate.exchange(RestTemplate.java:702)
	at org.springframework.cloud.netflix.eureka.http.RestTemplateEurekaHttpClient.cancel(RestTemplateEurekaHttpClient.java:100)
	at com.netflix.discovery.shared.transport.decorator.EurekaHttpClientDecorator$2.execute(EurekaHttpClientDecorator.java:74)
	at com.netflix.discovery.shared.transport.decorator.RedirectingEurekaHttpClient.executeOnNewServer(RedirectingEurekaHttpClient.java:121)
	at com.netflix.discovery.shared.transport.decorator.RedirectingEurekaHttpClient.execute(RedirectingEurekaHttpClient.java:80)
	at com.netflix.discovery.shared.transport.decorator.EurekaHttpClientDecorator.cancel(EurekaHttpClientDecorator.java:71)
	at com.netflix.discovery.shared.transport.decorator.EurekaHttpClientDecorator$2.execute(EurekaHttpClientDecorator.java:74)
	at com.netflix.discovery.shared.transport.decorator.RetryableEurekaHttpClient.execute(RetryableEurekaHttpClient.java:120)
	at com.netflix.discovery.shared.transport.decorator.EurekaHttpClientDecorator.cancel(EurekaHttpClientDecorator.java:71)
	at com.netflix.discovery.shared.transport.decorator.EurekaHttpClientDecorator$2.execute(EurekaHttpClientDecorator.java:74)
	at com.netflix.discovery.shared.transport.decorator.SessionedEurekaHttpClient.execute(SessionedEurekaHttpClient.java:76)
	at com.netflix.discovery.shared.transport.decorator.EurekaHttpClientDecorator.cancel(EurekaHttpClientDecorator.java:71)
	at com.netflix.discovery.DiscoveryClient.unregister(DiscoveryClient.java:919)
	at com.netflix.discovery.DiscoveryClient.shutdown(DiscoveryClient.java:900)
	at java.base/jdk.internal.reflect.DirectMethodHandleAccessor.invoke(DirectMethodHandleAccessor.java:104)
	at java.base/java.lang.reflect.Method.invoke(Method.java:565)
	at org.springframework.beans.factory.annotation.InitDestroyAnnotationBeanPostProcessor$LifecycleMethod.invoke(InitDestroyAnnotationBeanPostProcessor.java:457)
	at org.springframework.beans.factory.annotation.InitDestroyAnnotationBeanPostProcessor$LifecycleMetadata.invokeDestroyMethods(InitDestroyAnnotationBeanPostProcessor.java:415)
	at org.springframework.beans.factory.annotation.InitDestroyAnnotationBeanPostProcessor.postProcessBeforeDestruction(InitDestroyAnnotationBeanPostProcessor.java:239)
	at org.springframework.beans.factory.support.DisposableBeanAdapter.destroy(DisposableBeanAdapter.java:203)
	at org.springframework.beans.factory.support.DisposableBeanAdapter.run(DisposableBeanAdapter.java:196)
	at org.springframework.cloud.context.scope.GenericScope$BeanLifecycleWrapper.destroy(GenericScope.java:387)
	at org.springframework.cloud.context.scope.GenericScope.destroy(GenericScope.java:134)
	at org.springframework.beans.factory.support.DisposableBeanAdapter.destroy(DisposableBeanAdapter.java:212)
	at org.springframework.beans.factory.support.DefaultSingletonBeanRegistry.destroyBean(DefaultSingletonBeanRegistry.java:798)
	at org.springframework.beans.factory.support.DefaultSingletonBeanRegistry.destroySingleton(DefaultSingletonBeanRegistry.java:748)
	at org.springframework.beans.factory.support.DefaultListableBeanFactory.destroySingleton(DefaultListableBeanFactory.java:1489)
	at org.springframework.beans.factory.support.DefaultSingletonBeanRegistry.destroySingletons(DefaultSingletonBeanRegistry.java:707)
	at org.springframework.beans.factory.support.DefaultListableBeanFactory.destroySingletons(DefaultListableBeanFactory.java:1482)
	at org.springframework.context.support.AbstractApplicationContext.destroyBeans(AbstractApplicationContext.java:1219)
	at org.springframework.context.support.AbstractApplicationContext.doClose(AbstractApplicationContext.java:1180)
	at org.springframework.boot.web.servlet.context.ServletWebServerApplicationContext.doClose(ServletWebServerApplicationContext.java:179)
	at org.springframework.context.support.AbstractApplicationContext.close(AbstractApplicationContext.java:1126)
	at org.springframework.boot.SpringApplicationShutdownHook.closeAndWait(SpringApplicationShutdownHook.java:147)
	at java.base/java.lang.Iterable.forEach(Iterable.java:75)
	at org.springframework.boot.SpringApplicationShutdownHook.run(SpringApplicationShutdownHook.java:116)
	at java.base/java.lang.Thread.run(Thread.java:1474)
Caused by: org.apache.hc.client5.http.HttpHostConnectException: Connect to http://localhost:8761 failed: Connection refused: getsockopt
	at java.base/sun.nio.ch.Net.pollConnect(Native Method)
	at java.base/sun.nio.ch.Net.pollConnectNow(Net.java:639)
	at java.base/sun.nio.ch.NioSocketImpl.timedFinishConnect(NioSocketImpl.java:543)
	at java.base/sun.nio.ch.NioSocketImpl.connect(NioSocketImpl.java:594)
	at java.base/java.net.SocksSocketImpl.connect(SocksSocketImpl.java:284)
	at java.base/java.net.Socket.connect(Socket.java:659)
	at org.apache.hc.client5.http.impl.io.DefaultHttpClientConnectionOperator.connect(DefaultHttpClientConnectionOperator.java:205)
	at org.apache.hc.client5.http.impl.io.PoolingHttpClientConnectionManager.connect(PoolingHttpClientConnectionManager.java:490)
	at org.apache.hc.client5.http.impl.classic.InternalExecRuntime.connectEndpoint(InternalExecRuntime.java:164)
	at org.apache.hc.client5.http.impl.classic.InternalExecRuntime.connectEndpoint(InternalExecRuntime.java:174)
	at org.apache.hc.client5.http.impl.classic.ConnectExec.execute(ConnectExec.java:144)
	at org.apache.hc.client5.http.impl.classic.ExecChainElement.execute(ExecChainElement.java:51)
	at org.apache.hc.client5.http.impl.classic.ProtocolExec.execute(ProtocolExec.java:195)
	at org.apache.hc.client5.http.impl.classic.ExecChainElement.execute(ExecChainElement.java:51)
	at org.apache.hc.client5.http.impl.classic.ContentCompressionExec.execute(ContentCompressionExec.java:150)
	at org.apache.hc.client5.http.impl.classic.ExecChainElement.execute(ExecChainElement.java:51)
	at org.apache.hc.client5.http.impl.classic.HttpRequestRetryExec.execute(HttpRequestRetryExec.java:113)
	at org.apache.hc.client5.http.impl.classic.ExecChainElement.execute(ExecChainElement.java:51)
	at org.apache.hc.client5.http.impl.classic.RedirectExec.execute(RedirectExec.java:110)
	at org.apache.hc.client5.http.impl.classic.ExecChainElement.execute(ExecChainElement.java:51)
	at org.apache.hc.client5.http.impl.classic.InternalHttpClient.doExecute(InternalHttpClient.java:185)
	at org.apache.hc.client5.http.impl.classic.CloseableHttpClient.execute(CloseableHttpClient.java:87)
	at org.apache.hc.client5.http.impl.classic.CloseableHttpClient.execute(CloseableHttpClient.java:55)
	at org.apache.hc.client5.http.classic.HttpClient.executeOpen(HttpClient.java:183)
	at org.springframework.http.client.HttpComponentsClientHttpRequest.executeInternal(HttpComponentsClientHttpRequest.java:99)
	at org.springframework.http.client.AbstractStreamingClientHttpRequest.executeInternal(AbstractStreamingClientHttpRequest.java:71)
	at org.springframework.http.client.AbstractClientHttpRequest.execute(AbstractClientHttpRequest.java:81)
	at org.springframework.http.client.InterceptingClientHttpRequest$InterceptingRequestExecution.execute(InterceptingClientHttpRequest.java:117)
	at org.springframework.cloud.netflix.eureka.http.RestTemplateTransportClientFactory.lambda$restTemplate$2(RestTemplateTransportClientFactory.java:145)
	at org.springframework.http.client.InterceptingClientHttpRequest$InterceptingRequestExecution.execute(InterceptingClientHttpRequest.java:88)
	at org.springframework.http.client.InterceptingClientHttpRequest.executeInternal(InterceptingClientHttpRequest.java:72)
	at org.springframework.http.client.AbstractBufferingClientHttpRequest.executeInternal(AbstractBufferingClientHttpRequest.java:48)
	at org.springframework.http.client.AbstractClientHttpRequest.execute(AbstractClientHttpRequest.java:81)
	at org.springframework.web.client.RestTemplate.doExecute(RestTemplate.java:900)
	... 38 more

2025-12-12T20:52:12.182+07:00  WARN 25148 --- [product-service] [SpringApplicationShutdownHook] [                                                 ] c.n.d.s.t.d.RetryableEurekaHttpClient    : Request execution failed with message: I/O error on DELETE request for "http://localhost:8761/eureka/apps/PRODUCT-SERVICE/localhost:product-service:8081": Connect to http://localhost:8761 failed: Connection refused: getsockopt
2025-12-12T20:52:12.182+07:00 ERROR 25148 --- [product-service] [SpringApplicationShutdownHook] [                                                 ] com.netflix.discovery.DiscoveryClient    : DiscoveryClient_PRODUCT-SERVICE/localhost:product-service:8081 - de-registration failedCannot execute request on any known server

com.netflix.discovery.shared.transport.TransportException: Cannot execute request on any known server
	at com.netflix.discovery.shared.transport.decorator.RetryableEurekaHttpClient.execute(RetryableEurekaHttpClient.java:112) ~[eureka-client-2.0.4.jar:2.0.4]
	at com.netflix.discovery.shared.transport.decorator.EurekaHttpClientDecorator.cancel(EurekaHttpClientDecorator.java:71) ~[eureka-client-2.0.4.jar:2.0.4]
	at com.netflix.discovery.shared.transport.decorator.EurekaHttpClientDecorator$2.execute(EurekaHttpClientDecorator.java:74) ~[eureka-client-2.0.4.jar:2.0.4]
	at com.netflix.discovery.shared.transport.decorator.SessionedEurekaHttpClient.execute(SessionedEurekaHttpClient.java:76) ~[eureka-client-2.0.4.jar:2.0.4]
	at com.netflix.discovery.shared.transport.decorator.EurekaHttpClientDecorator.cancel(EurekaHttpClientDecorator.java:71) ~[eureka-client-2.0.4.jar:2.0.4]
	at com.netflix.discovery.DiscoveryClient.unregister(DiscoveryClient.java:919) ~[eureka-client-2.0.4.jar:2.0.4]
	at com.netflix.discovery.DiscoveryClient.shutdown(DiscoveryClient.java:900) ~[eureka-client-2.0.4.jar:2.0.4]
	at java.base/jdk.internal.reflect.DirectMethodHandleAccessor.invoke(DirectMethodHandleAccessor.java:104) ~[na:na]
	at java.base/java.lang.reflect.Method.invoke(Method.java:565) ~[na:na]
	at org.springframework.beans.factory.annotation.InitDestroyAnnotationBeanPostProcessor$LifecycleMethod.invoke(InitDestroyAnnotationBeanPostProcessor.java:457) ~[spring-beans-6.2.11.jar:6.2.11]
	at org.springframework.beans.factory.annotation.InitDestroyAnnotationBeanPostProcessor$LifecycleMetadata.invokeDestroyMethods(InitDestroyAnnotationBeanPostProcessor.java:415) ~[spring-beans-6.2.11.jar:6.2.11]
	at org.springframework.beans.factory.annotation.InitDestroyAnnotationBeanPostProcessor.postProcessBeforeDestruction(InitDestroyAnnotationBeanPostProcessor.java:239) ~[spring-beans-6.2.11.jar:6.2.11]
	at org.springframework.beans.factory.support.DisposableBeanAdapter.destroy(DisposableBeanAdapter.java:203) ~[spring-beans-6.2.11.jar:6.2.11]
	at org.springframework.beans.factory.support.DisposableBeanAdapter.run(DisposableBeanAdapter.java:196) ~[spring-beans-6.2.11.jar:6.2.11]
	at org.springframework.cloud.context.scope.GenericScope$BeanLifecycleWrapper.destroy(GenericScope.java:387) ~[spring-cloud-context-4.3.0.jar:4.3.0]
	at org.springframework.cloud.context.scope.GenericScope.destroy(GenericScope.java:134) ~[spring-cloud-context-4.3.0.jar:4.3.0]
	at org.springframework.beans.factory.support.DisposableBeanAdapter.destroy(DisposableBeanAdapter.java:212) ~[spring-beans-6.2.11.jar:6.2.11]
	at org.springframework.beans.factory.support.DefaultSingletonBeanRegistry.destroyBean(DefaultSingletonBeanRegistry.java:798) ~[spring-beans-6.2.11.jar:6.2.11]
	at org.springframework.beans.factory.support.DefaultSingletonBeanRegistry.destroySingleton(DefaultSingletonBeanRegistry.java:748) ~[spring-beans-6.2.11.jar:6.2.11]
	at org.springframework.beans.factory.support.DefaultListableBeanFactory.destroySingleton(DefaultListableBeanFactory.java:1489) ~[spring-beans-6.2.11.jar:6.2.11]
	at org.springframework.beans.factory.support.DefaultSingletonBeanRegistry.destroySingletons(DefaultSingletonBeanRegistry.java:707) ~[spring-beans-6.2.11.jar:6.2.11]
	at org.springframework.beans.factory.support.DefaultListableBeanFactory.destroySingletons(DefaultListableBeanFactory.java:1482) ~[spring-beans-6.2.11.jar:6.2.11]
	at org.springframework.context.support.AbstractApplicationContext.destroyBeans(AbstractApplicationContext.java:1219) ~[spring-context-6.2.11.jar:6.2.11]
	at org.springframework.context.support.AbstractApplicationContext.doClose(AbstractApplicationContext.java:1180) ~[spring-context-6.2.11.jar:6.2.11]
	at org.springframework.boot.web.servlet.context.ServletWebServerApplicationContext.doClose(ServletWebServerApplicationContext.java:179) ~[spring-boot-3.5.6.jar:3.5.6]
	at org.springframework.context.support.AbstractApplicationContext.close(AbstractApplicationContext.java:1126) ~[spring-context-6.2.11.jar:6.2.11]
	at org.springframework.boot.SpringApplicationShutdownHook.closeAndWait(SpringApplicationShutdownHook.java:147) ~[spring-boot-3.5.6.jar:3.5.6]
	at java.base/java.lang.Iterable.forEach(Iterable.java:75) ~[na:na]
	at org.springframework.boot.SpringApplicationShutdownHook.run(SpringApplicationShutdownHook.java:116) ~[spring-boot-3.5.6.jar:3.5.6]
	at java.base/java.lang.Thread.run(Thread.java:1474) ~[na:na]

2025-12-12T20:52:12.190+07:00  INFO 25148 --- [product-service] [SpringApplicationShutdownHook] [                                                 ] com.netflix.discovery.DiscoveryClient    : Completed shut down of DiscoveryClient
