2025-12-12T13:05:50.452+07:00  INFO 24112 --- [user-service] [main] [                                                 ] com.ecommerce.user.UserApplication       : Starting UserApplication using Java 25 with PID 24112 (D:\ecom-microservices\user\target\classes started by Admin in D:\ecom-microservices)
2025-12-12T13:05:50.463+07:00  INFO 24112 --- [user-service] [main] [                                                 ] com.ecommerce.user.UserApplication       : No active profile set, falling back to 1 default profile: "default"
2025-12-12T13:05:50.528+07:00  INFO 24112 --- [user-service] [main] [                                                 ] o.s.c.c.c.ConfigServerConfigDataLoader   : Fetching config from server at : http://localhost:8888
2025-12-12T13:05:50.530+07:00  INFO 24112 --- [user-service] [main] [                                                 ] o.s.c.c.c.ConfigServerConfigDataLoader   : Located environment: name=user-service, profiles=[default], label=null, version=null, state=null
2025-12-12T13:05:52.486+07:00  INFO 24112 --- [user-service] [main] [                                                 ] .s.d.r.c.RepositoryConfigurationDelegate : Bootstrapping Spring Data MongoDB repositories in DEFAULT mode.
2025-12-12T13:05:52.654+07:00  INFO 24112 --- [user-service] [main] [                                                 ] .s.d.r.c.RepositoryConfigurationDelegate : Finished Spring Data repository scanning in 154 ms. Found 1 MongoDB repository interface.
2025-12-12T13:05:52.983+07:00  INFO 24112 --- [user-service] [main] [                                                 ] faultConfiguringBeanFactoryPostProcessor : No bean named 'errorChannel' has been explicitly defined. Therefore, a default PublishSubscribeChannel will be created.
2025-12-12T13:05:52.990+07:00  INFO 24112 --- [user-service] [main] [                                                 ] faultConfiguringBeanFactoryPostProcessor : No bean named 'integrationHeaderChannelRegistry' has been explicitly defined. Therefore, a default DefaultHeaderChannelRegistry will be created.
2025-12-12T13:05:53.206+07:00  INFO 24112 --- [user-service] [main] [                                                 ] o.s.cloud.context.scope.GenericScope     : BeanFactory id=04b56e4c-d277-345d-a49e-9d6cb3d119a3
2025-12-12T13:05:53.656+07:00  INFO 24112 --- [user-service] [main] [                                                 ] o.s.b.w.embedded.tomcat.TomcatWebServer  : Tomcat initialized with port 8082 (http)
2025-12-12T13:05:53.672+07:00  INFO 24112 --- [user-service] [main] [                                                 ] o.apache.catalina.core.StandardService   : Starting service [Tomcat]
2025-12-12T13:05:53.673+07:00  INFO 24112 --- [user-service] [main] [                                                 ] o.apache.catalina.core.StandardEngine    : Starting Servlet engine: [Apache Tomcat/10.1.46]
2025-12-12T13:05:53.762+07:00  INFO 24112 --- [user-service] [main] [                                                 ] o.a.c.c.C.[Tomcat].[localhost].[/]       : Initializing Spring embedded WebApplicationContext
2025-12-12T13:05:53.762+07:00  INFO 24112 --- [user-service] [main] [                                                 ] w.s.c.ServletWebServerApplicationContext : Root WebApplicationContext: initialization completed in 3230 ms
2025-12-12T13:05:54.585+07:00  INFO 24112 --- [user-service] [main] [                                                 ] org.mongodb.driver.client                : MongoClient with metadata {"driver": {"name": "mongo-java-driver|sync|spring-boot", "version": "5.5.1"}, "os": {"type": "Windows", "name": "Windows 11", "architecture": "amd64", "version": "10.0"}, "platform": "Java/Oracle Corporation/25+37-LTS-3491"} created with settings MongoClientSettings{readPreference=primary, writeConcern=WriteConcern{w=null, wTimeout=null ms, journal=null}, retryWrites=true, retryReads=true, readConcern=ReadConcern{level=null}, credential=null, transportSettings=null, commandListeners=[io.micrometer.core.instrument.binder.mongodb.MongoMetricsCommandListener@68303c3e], codecRegistry=ProvidersCodecRegistry{codecProviders=[ValueCodecProvider{}, BsonValueCodecProvider{}, DBRefCodecProvider{}, DBObjectCodecProvider{}, DocumentCodecProvider{}, CollectionCodecProvider{}, IterableCodecProvider{}, MapCodecProvider{}, GeoJsonCodecProvider{}, GridFSFileCodecProvider{}, Jsr310CodecProvider{}, JsonObjectCodecProvider{}, BsonCodecProvider{}, EnumCodecProvider{}, com.mongodb.client.model.mql.ExpressionCodecProvider@2ec23ec3, com.mongodb.Jep395RecordCodecProvider@7c2e88b9, com.mongodb.KotlinCodecProvider@556843a5]}, loggerSettings=LoggerSettings{maxDocumentLength=1000}, clusterSettings={hosts=[localhost:27017], srvServiceName=mongodb, mode=SINGLE, requiredClusterType=UNKNOWN, requiredReplicaSetName='null', serverSelector='null', clusterListeners='[]', serverSelectionTimeout='30000 ms', localThreshold='15 ms'}, socketSettings=SocketSettings{connectTimeoutMS=10000, readTimeoutMS=0, receiveBufferSize=0, proxySettings=ProxySettings{host=null, port=null, username=null, password=null}}, heartbeatSocketSettings=SocketSettings{connectTimeoutMS=10000, readTimeoutMS=10000, receiveBufferSize=0, proxySettings=ProxySettings{host=null, port=null, username=null, password=null}}, connectionPoolSettings=ConnectionPoolSettings{maxSize=100, minSize=0, maxWaitTimeMS=120000, maxConnectionLifeTimeMS=0, maxConnectionIdleTimeMS=0, maintenanceInitialDelayMS=0, maintenanceFrequencyMS=60000, connectionPoolListeners=[io.micrometer.core.instrument.binder.mongodb.MongoMetricsConnectionPoolListener@3c5044fa], maxConnecting=2}, serverSettings=ServerSettings{heartbeatFrequencyMS=10000, minHeartbeatFrequencyMS=500, serverMonitoringMode=AUTO, serverListeners='[]', serverMonitorListeners='[]'}, sslSettings=SslSettings{enabled=false, invalidHostNameAllowed=false, context=null}, applicationName='null', compressorList=[], uuidRepresentation=JAVA_LEGACY, serverApi=null, autoEncryptionSettings=null, dnsClient=null, inetAddressResolver=null, contextProvider=null, timeoutMS=null}
2025-12-12T13:05:54.631+07:00  INFO 24112 --- [user-service] [cluster-ClusterId{value='693bb0c240d330c1fbfc2401', description='null'}-localhost:27017] [                                                 ] org.mongodb.driver.cluster               : Monitor thread successfully connected to server with description ServerDescription{address=localhost:27017, type=STANDALONE, cryptd=false, state=CONNECTED, ok=true, minWireVersion=0, maxWireVersion=27, maxDocumentSize=16777216, logicalSessionTimeoutMinutes=30, roundTripTimeNanos=54862200, minRoundTripTimeNanos=0}
2025-12-12T13:05:55.961+07:00  INFO 24112 --- [user-service] [main] [                                                 ] o.s.cloud.commons.util.InetUtils         : Cannot determine local hostname
2025-12-12T13:05:57.869+07:00  INFO 24112 --- [user-service] [main] [                                                 ] o.s.cloud.commons.util.InetUtils         : Cannot determine local hostname
2025-12-12T13:05:58.222+07:00  WARN 24112 --- [user-service] [main] [                                                 ] c.f.c.c.BeanFactoryAwareFunctionRegistry : Failed to locate function 'busConsumer' for function definition 'busConsumer'. Returning null.
2025-12-12T13:05:58.335+07:00  INFO 24112 --- [user-service] [main] [                                                 ] o.s.c.s.m.DirectWithAttributesChannel    : Channel 'user-service.springCloudBusInput' has 1 subscriber(s).
2025-12-12T13:05:59.586+07:00  INFO 24112 --- [user-service] [main] [                                                 ] o.s.cloud.commons.util.InetUtils         : Cannot determine local hostname
2025-12-12T13:05:59.601+07:00  INFO 24112 --- [user-service] [main] [                                                 ] DiscoveryClientOptionalArgsConfiguration : Eureka HTTP Client uses RestTemplate.
2025-12-12T13:05:59.657+07:00  WARN 24112 --- [user-service] [main] [                                                 ] iguration$LoadBalancerCaffeineWarnLogger : Spring Cloud LoadBalancer is currently working with the default cache. While this cache implementation is useful for development and tests, it's recommended to use Caffeine cache in production.You can switch to using Caffeine cache, by adding it and org.springframework.cache.caffeine.CaffeineCacheManager to the classpath.
2025-12-12T13:05:59.669+07:00  INFO 24112 --- [user-service] [main] [                                                 ] o.s.b.a.e.web.EndpointLinksResolver      : Exposing 35 endpoints beneath base path '/actuator'
2025-12-12T13:05:59.825+07:00  INFO 24112 --- [user-service] [main] [                                                 ] o.s.i.endpoint.EventDrivenConsumer       : Adding {logging-channel-adapter:_org.springframework.integration.errorLogger} as a subscriber to the 'errorChannel' channel
2025-12-12T13:05:59.826+07:00  INFO 24112 --- [user-service] [main] [                                                 ] o.s.i.channel.PublishSubscribeChannel    : Channel 'user-service.errorChannel' has 1 subscriber(s).
2025-12-12T13:05:59.827+07:00  INFO 24112 --- [user-service] [main] [                                                 ] o.s.i.endpoint.EventDrivenConsumer       : started bean '_org.springframework.integration.errorLogger'
2025-12-12T13:05:59.906+07:00  INFO 24112 --- [user-service] [main] [                                                 ] o.s.c.n.eureka.InstanceInfoFactory       : Setting initial instance status as: STARTING
2025-12-12T13:05:59.935+07:00  INFO 24112 --- [user-service] [main] [                                                 ] com.netflix.discovery.DiscoveryClient    : Initializing Eureka in region us-east-1
2025-12-12T13:05:59.941+07:00  INFO 24112 --- [user-service] [main] [                                                 ] c.n.d.s.r.aws.ConfigClusterResolver      : Resolving eureka endpoints via configuration
2025-12-12T13:05:59.953+07:00  INFO 24112 --- [user-service] [main] [                                                 ] com.netflix.discovery.DiscoveryClient    : Disable delta property : false
2025-12-12T13:05:59.953+07:00  INFO 24112 --- [user-service] [main] [                                                 ] com.netflix.discovery.DiscoveryClient    : Single vip registry refresh property : null
2025-12-12T13:05:59.954+07:00  INFO 24112 --- [user-service] [main] [                                                 ] com.netflix.discovery.DiscoveryClient    : Force full registry fetch : false
2025-12-12T13:05:59.954+07:00  INFO 24112 --- [user-service] [main] [                                                 ] com.netflix.discovery.DiscoveryClient    : Application is null : false
2025-12-12T13:05:59.954+07:00  INFO 24112 --- [user-service] [main] [                                                 ] com.netflix.discovery.DiscoveryClient    : Registered Applications size is zero : true
2025-12-12T13:05:59.954+07:00  INFO 24112 --- [user-service] [main] [                                                 ] com.netflix.discovery.DiscoveryClient    : Application version is -1: true
2025-12-12T13:05:59.954+07:00  INFO 24112 --- [user-service] [main] [                                                 ] com.netflix.discovery.DiscoveryClient    : Getting all instance registry info from the eureka server
2025-12-12T13:06:00.275+07:00  INFO 24112 --- [user-service] [main] [                                                 ] com.netflix.discovery.DiscoveryClient    : The response status is 200
2025-12-12T13:06:00.277+07:00  INFO 24112 --- [user-service] [main] [                                                 ] com.netflix.discovery.DiscoveryClient    : Starting heartbeat executor: renew interval is: 30
2025-12-12T13:06:00.281+07:00  INFO 24112 --- [user-service] [main] [                                                 ] c.n.discovery.InstanceInfoReplicator     : InstanceInfoReplicator onDemand update allowed rate per min is 4
2025-12-12T13:06:00.282+07:00  INFO 24112 --- [user-service] [main] [                                                 ] com.netflix.discovery.DiscoveryClient    : Discovery Client initialized at timestamp 1765519560282 with initial instances count: 2
2025-12-12T13:06:00.286+07:00  INFO 24112 --- [user-service] [main] [                                                 ] o.s.c.n.e.s.EurekaServiceRegistry        : Registering application USER-SERVICE with eureka with status UP
2025-12-12T13:06:00.288+07:00  INFO 24112 --- [user-service] [main] [                                                 ] com.netflix.discovery.DiscoveryClient    : Saw local status change event StatusChangeEvent [timestamp=1765519560288, current=UP, previous=STARTING]
2025-12-12T13:06:00.290+07:00  INFO 24112 --- [user-service] [DiscoveryClient-InstanceInfoReplicator-%d] [                                                 ] com.netflix.discovery.DiscoveryClient    : DiscoveryClient_USER-SERVICE/localhost:user-service:8082: registering service...
2025-12-12T13:06:00.291+07:00  INFO 24112 --- [user-service] [main] [                                                 ] o.s.c.s.binder.DefaultBinderFactory      : Creating binder: rabbit
2025-12-12T13:06:00.291+07:00  INFO 24112 --- [user-service] [main] [                                                 ] o.s.c.s.binder.DefaultBinderFactory      : Constructing binder child context for rabbit
2025-12-12T13:06:00.362+07:00  INFO 24112 --- [user-service] [DiscoveryClient-InstanceInfoReplicator-%d] [                                                 ] com.netflix.discovery.DiscoveryClient    : DiscoveryClient_USER-SERVICE/localhost:user-service:8082 - registration status: 204
2025-12-12T13:06:00.438+07:00  INFO 24112 --- [user-service] [main] [                                                 ] o.s.c.s.binder.DefaultBinderFactory      : Caching the binder: rabbit
2025-12-12T13:06:00.455+07:00  INFO 24112 --- [user-service] [main] [                                                 ] c.s.b.r.p.RabbitExchangeQueueProvisioner : declaring queue for inbound: springCloudBus.anonymous.UwYKxUjvR3CSOgoAyowjBQ, bound to: springCloudBus
2025-12-12T13:06:00.460+07:00  INFO 24112 --- [user-service] [main] [                                                 ] o.s.a.r.c.CachingConnectionFactory       : Attempting to connect to: [localhost:5672]
2025-12-12T13:06:00.515+07:00  INFO 24112 --- [user-service] [main] [                                                 ] o.s.a.r.c.CachingConnectionFactory       : Created new connection: rabbitConnectionFactory#3453f79c:0/SimpleConnection@16dc12cf [delegate=amqp://guest@127.0.0.1:5672/, localPort=56922]
2025-12-12T13:06:00.605+07:00  INFO 24112 --- [user-service] [main] [                                                 ] o.s.c.stream.binder.BinderErrorChannel   : Channel 'rabbit-980555274.springCloudBusInput.errors' has 1 subscriber(s).
2025-12-12T13:06:00.606+07:00  INFO 24112 --- [user-service] [main] [                                                 ] o.s.c.stream.binder.BinderErrorChannel   : Channel 'rabbit-980555274.springCloudBusInput.errors' has 2 subscriber(s).
2025-12-12T13:06:00.628+07:00  INFO 24112 --- [user-service] [main] [                                                 ] o.s.i.a.i.AmqpInboundChannelAdapter      : started bean 'inbound.springCloudBus.anonymous.UwYKxUjvR3CSOgoAyowjBQ'
2025-12-12T13:06:00.647+07:00  INFO 24112 --- [user-service] [main] [                                                 ] o.s.b.w.embedded.tomcat.TomcatWebServer  : Tomcat started on port 8082 (http) with context path '/'
2025-12-12T13:06:00.649+07:00  INFO 24112 --- [user-service] [main] [                                                 ] .s.c.n.e.s.EurekaAutoServiceRegistration : Updating port to 8082
2025-12-12T13:06:01.328+07:00  WARN 24112 --- [user-service] [AsyncReporter{ZipkinHttpClientSender{http://localhost:9411/api/v2/spans}}] [                                                 ] z.r.i.AsyncReporter$BoundedAsyncReporter : Spans were dropped due to exceptions. All subsequent errors will be logged at FINE level.
2025-12-12T13:06:01.328+07:00  WARN 24112 --- [user-service] [AsyncReporter{ZipkinHttpClientSender{http://localhost:9411/api/v2/spans}}] [                                                 ] z.r.i.AsyncReporter$BoundedAsyncReporter : Dropped 2 spans due to ConnectException()

java.net.ConnectException: null
	at java.net.http/jdk.internal.net.http.HttpClientImpl.send(HttpClientImpl.java:923) ~[java.net.http:na]
	at java.net.http/jdk.internal.net.http.HttpClientFacade.send(HttpClientFacade.java:133) ~[java.net.http:na]
	at org.springframework.boot.actuate.autoconfigure.tracing.zipkin.ZipkinHttpClientSender.postSpans(ZipkinHttpClientSender.java:60) ~[spring-boot-actuator-autoconfigure-3.5.6.jar:3.5.6]
	at org.springframework.boot.actuate.autoconfigure.tracing.zipkin.HttpSender.postSpans(HttpSender.java:69) ~[spring-boot-actuator-autoconfigure-3.5.6.jar:3.5.6]
	at org.springframework.boot.actuate.autoconfigure.tracing.zipkin.HttpSender.postSpans(HttpSender.java:41) ~[spring-boot-actuator-autoconfigure-3.5.6.jar:3.5.6]
	at zipkin2.reporter.BaseHttpSender.send(BaseHttpSender.java:123) ~[zipkin-reporter-3.5.1.jar:na]
	at zipkin2.reporter.internal.AsyncReporter$BoundedAsyncReporter.flush(AsyncReporter.java:266) ~[zipkin-reporter-3.5.1.jar:na]
	at zipkin2.reporter.internal.AsyncReporter$Flusher.run(AsyncReporter.java:352) ~[zipkin-reporter-3.5.1.jar:na]
	at java.base/java.lang.Thread.run(Thread.java:1474) ~[na:na]
Caused by: java.net.ConnectException: null
	at java.net.http/jdk.internal.net.http.common.Utils.toConnectException(Utils.java:1070) ~[java.net.http:na]
	at java.net.http/jdk.internal.net.http.PlainHttpConnection.connectAsync(PlainHttpConnection.java:223) ~[java.net.http:na]
	at java.net.http/jdk.internal.net.http.PlainHttpConnection.checkRetryConnect(PlainHttpConnection.java:277) ~[java.net.http:na]
	at java.net.http/jdk.internal.net.http.PlainHttpConnection.lambda$connectAsync$0(PlainHttpConnection.java:235) ~[java.net.http:na]
	at java.base/java.util.concurrent.CompletableFuture.uniHandle(CompletableFuture.java:955) ~[na:na]
	at java.base/java.util.concurrent.CompletableFuture$UniHandle.tryFire(CompletableFuture.java:932) ~[na:na]
	at java.base/java.util.concurrent.CompletableFuture.postComplete(CompletableFuture.java:531) ~[na:na]
	at java.base/java.util.concurrent.CompletableFuture$AsyncSupply.run(CompletableFuture.java:1794) ~[na:na]
	at java.base/java.util.concurrent.ThreadPoolExecutor.runWorker(ThreadPoolExecutor.java:1090) ~[na:na]
	at java.base/java.util.concurrent.ThreadPoolExecutor$Worker.run(ThreadPoolExecutor.java:614) ~[na:na]
	... 1 common frames omitted
Caused by: java.nio.channels.ClosedChannelException: null
	at java.base/sun.nio.ch.SocketChannelImpl.ensureOpen(SocketChannelImpl.java:204) ~[na:na]
	at java.base/sun.nio.ch.SocketChannelImpl.connect(SocketChannelImpl.java:942) ~[na:na]
	at java.net.http/jdk.internal.net.http.PlainHttpConnection.connectAsync(PlainHttpConnection.java:211) ~[java.net.http:na]
	... 9 common frames omitted

2025-12-12T13:06:01.663+07:00  INFO 24112 --- [user-service] [main] [                                                 ] o.s.cloud.commons.util.InetUtils         : Cannot determine local hostname
2025-12-12T13:06:02.682+07:00  INFO 24112 --- [user-service] [main] [                                                 ] o.s.cloud.commons.util.InetUtils         : Cannot determine local hostname
2025-12-12T13:06:02.736+07:00  INFO 24112 --- [user-service] [main] [                                                 ] com.ecommerce.user.UserApplication       : Started UserApplication in 14.712 seconds (process running for 15.864)
2025-12-12T13:10:59.980+07:00  INFO 24112 --- [user-service] [AsyncResolver-bootstrap-executor-%d] [                                                 ] c.n.d.s.r.aws.ConfigClusterResolver      : Resolving eureka endpoints via configuration
2025-12-12T13:16:00.039+07:00  INFO 24112 --- [user-service] [AsyncResolver-bootstrap-executor-%d] [                                                 ] c.n.d.s.r.aws.ConfigClusterResolver      : Resolving eureka endpoints via configuration
2025-12-12T13:18:04.059+07:00  INFO 24112 --- [user-service] [http-nio-8082-exec-3] [                                                 ] o.a.c.c.C.[Tomcat].[localhost].[/]       : Initializing Spring DispatcherServlet 'dispatcherServlet'
2025-12-12T13:18:04.062+07:00  INFO 24112 --- [user-service] [http-nio-8082-exec-3] [                                                 ] o.s.web.servlet.DispatcherServlet        : Initializing Servlet 'dispatcherServlet'
2025-12-12T13:18:04.193+07:00  INFO 24112 --- [user-service] [http-nio-8082-exec-3] [                                                 ] o.s.web.servlet.DispatcherServlet        : Completed initialization in 129 ms
2025-12-12T13:21:00.082+07:00  INFO 24112 --- [user-service] [AsyncResolver-bootstrap-executor-%d] [                                                 ] c.n.d.s.r.aws.ConfigClusterResolver      : Resolving eureka endpoints via configuration
2025-12-12T13:26:00.119+07:00  INFO 24112 --- [user-service] [AsyncResolver-bootstrap-executor-%d] [                                                 ] c.n.d.s.r.aws.ConfigClusterResolver      : Resolving eureka endpoints via configuration
2025-12-12T13:31:00.177+07:00  INFO 24112 --- [user-service] [AsyncResolver-bootstrap-executor-%d] [                                                 ] c.n.d.s.r.aws.ConfigClusterResolver      : Resolving eureka endpoints via configuration
2025-12-12T13:36:00.230+07:00  INFO 24112 --- [user-service] [AsyncResolver-bootstrap-executor-%d] [                                                 ] c.n.d.s.r.aws.ConfigClusterResolver      : Resolving eureka endpoints via configuration
2025-12-12T13:41:00.286+07:00  INFO 24112 --- [user-service] [AsyncResolver-bootstrap-executor-%d] [                                                 ] c.n.d.s.r.aws.ConfigClusterResolver      : Resolving eureka endpoints via configuration
2025-12-12T13:46:00.330+07:00  INFO 24112 --- [user-service] [AsyncResolver-bootstrap-executor-%d] [                                                 ] c.n.d.s.r.aws.ConfigClusterResolver      : Resolving eureka endpoints via configuration
2025-12-12T13:51:00.389+07:00  INFO 24112 --- [user-service] [AsyncResolver-bootstrap-executor-%d] [                                                 ] c.n.d.s.r.aws.ConfigClusterResolver      : Resolving eureka endpoints via configuration
2025-12-12T13:56:00.453+07:00  INFO 24112 --- [user-service] [AsyncResolver-bootstrap-executor-%d] [                                                 ] c.n.d.s.r.aws.ConfigClusterResolver      : Resolving eureka endpoints via configuration
2025-12-12T14:01:00.518+07:00  INFO 24112 --- [user-service] [AsyncResolver-bootstrap-executor-%d] [                                                 ] c.n.d.s.r.aws.ConfigClusterResolver      : Resolving eureka endpoints via configuration
2025-12-12T14:03:50.772+07:00  INFO 24112 --- [user-service] [http-nio-8082-exec-7] [693bbe4f7ae0e779e1d0f983457d5920-be4619cefdfce93b] c.e.user.controllers.UserController      : Request received for user: 68fbbb07379e941b2ab52a97
2025-12-12T14:03:50.841+07:00  INFO 24112 --- [user-service] [http-nio-8082-exec-7] [693bbe4f7ae0e779e1d0f983457d5920-be4619cefdfce93b] c.e.user.controllers.UserController      : This is INFO level - General system information
2025-12-12T14:03:50.842+07:00  WARN 24112 --- [user-service] [http-nio-8082-exec-7] [693bbe4f7ae0e779e1d0f983457d5920-be4619cefdfce93b] c.e.user.controllers.UserController      : This is WARN level - Something might be wrong
2025-12-12T14:03:50.843+07:00 ERROR 24112 --- [user-service] [http-nio-8082-exec-7] [693bbe4f7ae0e779e1d0f983457d5920-be4619cefdfce93b] c.e.user.controllers.UserController      : This is ERROR level - Something failed
2025-12-12T14:06:00.573+07:00  INFO 24112 --- [user-service] [AsyncResolver-bootstrap-executor-%d] [                                                 ] c.n.d.s.r.aws.ConfigClusterResolver      : Resolving eureka endpoints via configuration
2025-12-12T14:09:51.047+07:00  INFO 24112 --- [user-service] [SpringApplicationShutdownHook] [                                                 ] o.s.c.n.e.s.EurekaServiceRegistry        : Unregistering application USER-SERVICE with eureka with status DOWN
2025-12-12T14:09:51.083+07:00  INFO 24112 --- [user-service] [SpringApplicationShutdownHook] [                                                 ] com.netflix.discovery.DiscoveryClient    : Saw local status change event StatusChangeEvent [timestamp=1765523391083, current=DOWN, previous=UP]
2025-12-12T14:09:51.086+07:00  INFO 24112 --- [user-service] [DiscoveryClient-InstanceInfoReplicator-%d] [                                                 ] com.netflix.discovery.DiscoveryClient    : DiscoveryClient_USER-SERVICE/localhost:user-service:8082: registering service...
2025-12-12T14:09:51.433+07:00  INFO 24112 --- [user-service] [SpringApplicationShutdownHook] [                                                 ] o.s.b.w.e.tomcat.GracefulShutdown        : Commencing graceful shutdown. Waiting for active requests to complete
2025-12-12T14:09:51.470+07:00  INFO 24112 --- [user-service] [DiscoveryClient-InstanceInfoReplicator-%d] [                                                 ] com.netflix.discovery.DiscoveryClient    : DiscoveryClient_USER-SERVICE/localhost:user-service:8082 - registration status: 204
2025-12-12T14:09:51.541+07:00  INFO 24112 --- [user-service] [tomcat-shutdown] [                                                 ] o.s.b.w.e.tomcat.GracefulShutdown        : Graceful shutdown complete
2025-12-12T14:09:51.847+07:00  INFO 24112 --- [user-service] [SpringApplicationShutdownHook] [                                                 ] o.s.a.r.l.SimpleMessageListenerContainer : Waiting for workers to finish.
2025-12-12T14:09:52.471+07:00  INFO 24112 --- [user-service] [SpringApplicationShutdownHook] [                                                 ] o.s.a.r.l.SimpleMessageListenerContainer : Successfully waited for workers to finish.
2025-12-12T14:09:52.483+07:00  INFO 24112 --- [user-service] [SpringApplicationShutdownHook] [                                                 ] o.s.i.a.i.AmqpInboundChannelAdapter      : stopped bean 'inbound.springCloudBus.anonymous.UwYKxUjvR3CSOgoAyowjBQ'
2025-12-12T14:09:52.547+07:00  INFO 24112 --- [user-service] [SpringApplicationShutdownHook] [                                                 ] o.s.c.stream.binder.BinderErrorChannel   : Channel 'user-service.rabbit-980555274.springCloudBusInput.errors' has 1 subscriber(s).
2025-12-12T14:09:52.561+07:00  INFO 24112 --- [user-service] [SpringApplicationShutdownHook] [                                                 ] o.s.c.stream.binder.BinderErrorChannel   : Channel 'user-service.rabbit-980555274.springCloudBusInput.errors' has 0 subscriber(s).
2025-12-12T14:09:53.349+07:00  INFO 24112 --- [user-service] [SpringApplicationShutdownHook] [                                                 ] o.s.i.endpoint.EventDrivenConsumer       : Removing {logging-channel-adapter:_org.springframework.integration.errorLogger} as a subscriber to the 'errorChannel' channel
2025-12-12T14:09:53.351+07:00  INFO 24112 --- [user-service] [SpringApplicationShutdownHook] [                                                 ] o.s.i.channel.PublishSubscribeChannel    : Channel 'user-service.errorChannel' has 0 subscriber(s).
2025-12-12T14:09:53.355+07:00  INFO 24112 --- [user-service] [SpringApplicationShutdownHook] [                                                 ] o.s.i.endpoint.EventDrivenConsumer       : stopped bean '_org.springframework.integration.errorLogger'
2025-12-12T14:09:53.845+07:00  INFO 24112 --- [user-service] [SpringApplicationShutdownHook] [                                                 ] com.netflix.discovery.DiscoveryClient    : Shutting down DiscoveryClient ...
2025-12-12T14:09:56.848+07:00  INFO 24112 --- [user-service] [SpringApplicationShutdownHook] [                                                 ] com.netflix.discovery.DiscoveryClient    : Unregistering ...
2025-12-12T14:09:56.964+07:00  INFO 24112 --- [user-service] [SpringApplicationShutdownHook] [                                                 ] c.n.d.s.t.d.RedirectingEurekaHttpClient  : Request execution error. endpoint=DefaultEndpoint{ serviceUrl='http://localhost:8761/eureka/} exception=I/O error on DELETE request for "http://localhost:8761/eureka/apps/USER-SERVICE/localhost:user-service:8082": Connect to http://localhost:8761 failed: Connection refused: getsockopt stacktrace=org.springframework.web.client.ResourceAccessException: I/O error on DELETE request for "http://localhost:8761/eureka/apps/USER-SERVICE/localhost:user-service:8082": Connect to http://localhost:8761 failed: Connection refused: getsockopt
	at org.springframework.web.client.RestTemplate.createResourceAccessException(RestTemplate.java:926)
	at org.springframework.web.client.RestTemplate.doExecute(RestTemplate.java:906)
	at org.springframework.web.client.RestTemplate.execute(RestTemplate.java:841)
	at org.springframework.web.client.RestTemplate.exchange(RestTemplate.java:702)
	at org.springframework.cloud.netflix.eureka.http.RestTemplateEurekaHttpClient.cancel(RestTemplateEurekaHttpClient.java:100)
	at com.netflix.discovery.shared.transport.decorator.EurekaHttpClientDecorator$2.execute(EurekaHttpClientDecorator.java:74)
	at com.netflix.discovery.shared.transport.decorator.RedirectingEurekaHttpClient.execute(RedirectingEurekaHttpClient.java:91)
	at com.netflix.discovery.shared.transport.decorator.EurekaHttpClientDecorator.cancel(EurekaHttpClientDecorator.java:71)
	at com.netflix.discovery.shared.transport.decorator.EurekaHttpClientDecorator$2.execute(EurekaHttpClientDecorator.java:74)
	at com.netflix.discovery.shared.transport.decorator.RetryableEurekaHttpClient.execute(RetryableEurekaHttpClient.java:120)
	at com.netflix.discovery.shared.transport.decorator.EurekaHttpClientDecorator.cancel(EurekaHttpClientDecorator.java:71)
	at com.netflix.discovery.shared.transport.decorator.EurekaHttpClientDecorator$2.execute(EurekaHttpClientDecorator.java:74)
	at com.netflix.discovery.shared.transport.decorator.SessionedEurekaHttpClient.execute(SessionedEurekaHttpClient.java:76)
	at com.netflix.discovery.shared.transport.decorator.EurekaHttpClientDecorator.cancel(EurekaHttpClientDecorator.java:71)
	at com.netflix.discovery.DiscoveryClient.unregister(DiscoveryClient.java:919)
	at com.netflix.discovery.DiscoveryClient.shutdown(DiscoveryClient.java:900)
	at java.base/jdk.internal.reflect.DirectMethodHandleAccessor.invoke(DirectMethodHandleAccessor.java:104)
	at java.base/java.lang.reflect.Method.invoke(Method.java:565)
	at org.springframework.beans.factory.annotation.InitDestroyAnnotationBeanPostProcessor$LifecycleMethod.invoke(InitDestroyAnnotationBeanPostProcessor.java:457)
	at org.springframework.beans.factory.annotation.InitDestroyAnnotationBeanPostProcessor$LifecycleMetadata.invokeDestroyMethods(InitDestroyAnnotationBeanPostProcessor.java:415)
	at org.springframework.beans.factory.annotation.InitDestroyAnnotationBeanPostProcessor.postProcessBeforeDestruction(InitDestroyAnnotationBeanPostProcessor.java:239)
	at org.springframework.beans.factory.support.DisposableBeanAdapter.destroy(DisposableBeanAdapter.java:203)
	at org.springframework.beans.factory.support.DisposableBeanAdapter.run(DisposableBeanAdapter.java:196)
	at org.springframework.cloud.context.scope.GenericScope$BeanLifecycleWrapper.destroy(GenericScope.java:387)
	at org.springframework.cloud.context.scope.GenericScope.destroy(GenericScope.java:134)
	at org.springframework.beans.factory.support.DisposableBeanAdapter.destroy(DisposableBeanAdapter.java:212)
	at org.springframework.beans.factory.support.DefaultSingletonBeanRegistry.destroyBean(DefaultSingletonBeanRegistry.java:798)
	at org.springframework.beans.factory.support.DefaultSingletonBeanRegistry.destroySingleton(DefaultSingletonBeanRegistry.java:748)
	at org.springframework.beans.factory.support.DefaultListableBeanFactory.destroySingleton(DefaultListableBeanFactory.java:1489)
	at org.springframework.beans.factory.support.DefaultSingletonBeanRegistry.destroySingletons(DefaultSingletonBeanRegistry.java:707)
	at org.springframework.beans.factory.support.DefaultListableBeanFactory.destroySingletons(DefaultListableBeanFactory.java:1482)
	at org.springframework.context.support.AbstractApplicationContext.destroyBeans(AbstractApplicationContext.java:1219)
	at org.springframework.context.support.AbstractApplicationContext.doClose(AbstractApplicationContext.java:1180)
	at org.springframework.boot.web.servlet.context.ServletWebServerApplicationContext.doClose(ServletWebServerApplicationContext.java:179)
	at org.springframework.context.support.AbstractApplicationContext.close(AbstractApplicationContext.java:1126)
	at org.springframework.boot.SpringApplicationShutdownHook.closeAndWait(SpringApplicationShutdownHook.java:147)
	at java.base/java.lang.Iterable.forEach(Iterable.java:75)
	at org.springframework.boot.SpringApplicationShutdownHook.run(SpringApplicationShutdownHook.java:116)
	at java.base/java.lang.Thread.run(Thread.java:1474)
Caused by: org.apache.hc.client5.http.HttpHostConnectException: Connect to http://localhost:8761 failed: Connection refused: getsockopt
	at java.base/sun.nio.ch.Net.pollConnect(Native Method)
	at java.base/sun.nio.ch.Net.pollConnectNow(Net.java:639)
	at java.base/sun.nio.ch.NioSocketImpl.timedFinishConnect(NioSocketImpl.java:543)
	at java.base/sun.nio.ch.NioSocketImpl.connect(NioSocketImpl.java:594)
	at java.base/java.net.SocksSocketImpl.connect(SocksSocketImpl.java:284)
	at java.base/java.net.Socket.connect(Socket.java:659)
	at org.apache.hc.client5.http.impl.io.DefaultHttpClientConnectionOperator.connect(DefaultHttpClientConnectionOperator.java:205)
	at org.apache.hc.client5.http.impl.io.PoolingHttpClientConnectionManager.connect(PoolingHttpClientConnectionManager.java:490)
	at org.apache.hc.client5.http.impl.classic.InternalExecRuntime.connectEndpoint(InternalExecRuntime.java:164)
	at org.apache.hc.client5.http.impl.classic.InternalExecRuntime.connectEndpoint(InternalExecRuntime.java:174)
	at org.apache.hc.client5.http.impl.classic.ConnectExec.execute(ConnectExec.java:144)
	at org.apache.hc.client5.http.impl.classic.ExecChainElement.execute(ExecChainElement.java:51)
	at org.apache.hc.client5.http.impl.classic.ProtocolExec.execute(ProtocolExec.java:195)
	at org.apache.hc.client5.http.impl.classic.ExecChainElement.execute(ExecChainElement.java:51)
	at org.apache.hc.client5.http.impl.classic.ContentCompressionExec.execute(ContentCompressionExec.java:150)
	at org.apache.hc.client5.http.impl.classic.ExecChainElement.execute(ExecChainElement.java:51)
	at org.apache.hc.client5.http.impl.classic.HttpRequestRetryExec.execute(HttpRequestRetryExec.java:113)
	at org.apache.hc.client5.http.impl.classic.ExecChainElement.execute(ExecChainElement.java:51)
	at org.apache.hc.client5.http.impl.classic.RedirectExec.execute(RedirectExec.java:110)
	at org.apache.hc.client5.http.impl.classic.ExecChainElement.execute(ExecChainElement.java:51)
	at org.apache.hc.client5.http.impl.classic.InternalHttpClient.doExecute(InternalHttpClient.java:185)
	at org.apache.hc.client5.http.impl.classic.CloseableHttpClient.execute(CloseableHttpClient.java:87)
	at org.apache.hc.client5.http.impl.classic.CloseableHttpClient.execute(CloseableHttpClient.java:55)
	at org.apache.hc.client5.http.classic.HttpClient.executeOpen(HttpClient.java:183)
	at org.springframework.http.client.HttpComponentsClientHttpRequest.executeInternal(HttpComponentsClientHttpRequest.java:99)
	at org.springframework.http.client.AbstractStreamingClientHttpRequest.executeInternal(AbstractStreamingClientHttpRequest.java:71)
	at org.springframework.http.client.AbstractClientHttpRequest.execute(AbstractClientHttpRequest.java:81)
	at org.springframework.http.client.InterceptingClientHttpRequest$InterceptingRequestExecution.execute(InterceptingClientHttpRequest.java:117)
	at org.springframework.cloud.netflix.eureka.http.RestTemplateTransportClientFactory.lambda$restTemplate$2(RestTemplateTransportClientFactory.java:145)
	at org.springframework.http.client.InterceptingClientHttpRequest$InterceptingRequestExecution.execute(InterceptingClientHttpRequest.java:88)
	at org.springframework.http.client.InterceptingClientHttpRequest.executeInternal(InterceptingClientHttpRequest.java:72)
	at org.springframework.http.client.AbstractBufferingClientHttpRequest.executeInternal(AbstractBufferingClientHttpRequest.java:48)
	at org.springframework.http.client.AbstractClientHttpRequest.execute(AbstractClientHttpRequest.java:81)
	at org.springframework.web.client.RestTemplate.doExecute(RestTemplate.java:900)
	... 37 more

2025-12-12T14:09:56.967+07:00  WARN 24112 --- [user-service] [SpringApplicationShutdownHook] [                                                 ] c.n.d.s.t.d.RetryableEurekaHttpClient    : Request execution failed with message: I/O error on DELETE request for "http://localhost:8761/eureka/apps/USER-SERVICE/localhost:user-service:8082": Connect to http://localhost:8761 failed: Connection refused: getsockopt
2025-12-12T14:09:57.054+07:00  INFO 24112 --- [user-service] [SpringApplicationShutdownHook] [                                                 ] c.n.d.s.t.d.RedirectingEurekaHttpClient  : Request execution error. endpoint=DefaultEndpoint{ serviceUrl='http://localhost:8761/eureka/}, exception=I/O error on DELETE request for "http://localhost:8761/eureka/apps/USER-SERVICE/localhost:user-service:8082": Connect to http://localhost:8761 failed: Connection refused: getsockopt stacktrace=org.springframework.web.client.ResourceAccessException: I/O error on DELETE request for "http://localhost:8761/eureka/apps/USER-SERVICE/localhost:user-service:8082": Connect to http://localhost:8761 failed: Connection refused: getsockopt
	at org.springframework.web.client.RestTemplate.createResourceAccessException(RestTemplate.java:926)
	at org.springframework.web.client.RestTemplate.doExecute(RestTemplate.java:906)
	at org.springframework.web.client.RestTemplate.execute(RestTemplate.java:841)
	at org.springframework.web.client.RestTemplate.exchange(RestTemplate.java:702)
	at org.springframework.cloud.netflix.eureka.http.RestTemplateEurekaHttpClient.cancel(RestTemplateEurekaHttpClient.java:100)
	at com.netflix.discovery.shared.transport.decorator.EurekaHttpClientDecorator$2.execute(EurekaHttpClientDecorator.java:74)
	at com.netflix.discovery.shared.transport.decorator.RedirectingEurekaHttpClient.executeOnNewServer(RedirectingEurekaHttpClient.java:121)
	at com.netflix.discovery.shared.transport.decorator.RedirectingEurekaHttpClient.execute(RedirectingEurekaHttpClient.java:80)
	at com.netflix.discovery.shared.transport.decorator.EurekaHttpClientDecorator.cancel(EurekaHttpClientDecorator.java:71)
	at com.netflix.discovery.shared.transport.decorator.EurekaHttpClientDecorator$2.execute(EurekaHttpClientDecorator.java:74)
	at com.netflix.discovery.shared.transport.decorator.RetryableEurekaHttpClient.execute(RetryableEurekaHttpClient.java:120)
	at com.netflix.discovery.shared.transport.decorator.EurekaHttpClientDecorator.cancel(EurekaHttpClientDecorator.java:71)
	at com.netflix.discovery.shared.transport.decorator.EurekaHttpClientDecorator$2.execute(EurekaHttpClientDecorator.java:74)
	at com.netflix.discovery.shared.transport.decorator.SessionedEurekaHttpClient.execute(SessionedEurekaHttpClient.java:76)
	at com.netflix.discovery.shared.transport.decorator.EurekaHttpClientDecorator.cancel(EurekaHttpClientDecorator.java:71)
	at com.netflix.discovery.DiscoveryClient.unregister(DiscoveryClient.java:919)
	at com.netflix.discovery.DiscoveryClient.shutdown(DiscoveryClient.java:900)
	at java.base/jdk.internal.reflect.DirectMethodHandleAccessor.invoke(DirectMethodHandleAccessor.java:104)
	at java.base/java.lang.reflect.Method.invoke(Method.java:565)
	at org.springframework.beans.factory.annotation.InitDestroyAnnotationBeanPostProcessor$LifecycleMethod.invoke(InitDestroyAnnotationBeanPostProcessor.java:457)
	at org.springframework.beans.factory.annotation.InitDestroyAnnotationBeanPostProcessor$LifecycleMetadata.invokeDestroyMethods(InitDestroyAnnotationBeanPostProcessor.java:415)
	at org.springframework.beans.factory.annotation.InitDestroyAnnotationBeanPostProcessor.postProcessBeforeDestruction(InitDestroyAnnotationBeanPostProcessor.java:239)
	at org.springframework.beans.factory.support.DisposableBeanAdapter.destroy(DisposableBeanAdapter.java:203)
	at org.springframework.beans.factory.support.DisposableBeanAdapter.run(DisposableBeanAdapter.java:196)
	at org.springframework.cloud.context.scope.GenericScope$BeanLifecycleWrapper.destroy(GenericScope.java:387)
	at org.springframework.cloud.context.scope.GenericScope.destroy(GenericScope.java:134)
	at org.springframework.beans.factory.support.DisposableBeanAdapter.destroy(DisposableBeanAdapter.java:212)
	at org.springframework.beans.factory.support.DefaultSingletonBeanRegistry.destroyBean(DefaultSingletonBeanRegistry.java:798)
	at org.springframework.beans.factory.support.DefaultSingletonBeanRegistry.destroySingleton(DefaultSingletonBeanRegistry.java:748)
	at org.springframework.beans.factory.support.DefaultListableBeanFactory.destroySingleton(DefaultListableBeanFactory.java:1489)
	at org.springframework.beans.factory.support.DefaultSingletonBeanRegistry.destroySingletons(DefaultSingletonBeanRegistry.java:707)
	at org.springframework.beans.factory.support.DefaultListableBeanFactory.destroySingletons(DefaultListableBeanFactory.java:1482)
	at org.springframework.context.support.AbstractApplicationContext.destroyBeans(AbstractApplicationContext.java:1219)
	at org.springframework.context.support.AbstractApplicationContext.doClose(AbstractApplicationContext.java:1180)
	at org.springframework.boot.web.servlet.context.ServletWebServerApplicationContext.doClose(ServletWebServerApplicationContext.java:179)
	at org.springframework.context.support.AbstractApplicationContext.close(AbstractApplicationContext.java:1126)
	at org.springframework.boot.SpringApplicationShutdownHook.closeAndWait(SpringApplicationShutdownHook.java:147)
	at java.base/java.lang.Iterable.forEach(Iterable.java:75)
	at org.springframework.boot.SpringApplicationShutdownHook.run(SpringApplicationShutdownHook.java:116)
	at java.base/java.lang.Thread.run(Thread.java:1474)
Caused by: org.apache.hc.client5.http.HttpHostConnectException: Connect to http://localhost:8761 failed: Connection refused: getsockopt
	at java.base/sun.nio.ch.Net.pollConnect(Native Method)
	at java.base/sun.nio.ch.Net.pollConnectNow(Net.java:639)
	at java.base/sun.nio.ch.NioSocketImpl.timedFinishConnect(NioSocketImpl.java:543)
	at java.base/sun.nio.ch.NioSocketImpl.connect(NioSocketImpl.java:594)
	at java.base/java.net.SocksSocketImpl.connect(SocksSocketImpl.java:284)
	at java.base/java.net.Socket.connect(Socket.java:659)
	at org.apache.hc.client5.http.impl.io.DefaultHttpClientConnectionOperator.connect(DefaultHttpClientConnectionOperator.java:205)
	at org.apache.hc.client5.http.impl.io.PoolingHttpClientConnectionManager.connect(PoolingHttpClientConnectionManager.java:490)
	at org.apache.hc.client5.http.impl.classic.InternalExecRuntime.connectEndpoint(InternalExecRuntime.java:164)
	at org.apache.hc.client5.http.impl.classic.InternalExecRuntime.connectEndpoint(InternalExecRuntime.java:174)
	at org.apache.hc.client5.http.impl.classic.ConnectExec.execute(ConnectExec.java:144)
	at org.apache.hc.client5.http.impl.classic.ExecChainElement.execute(ExecChainElement.java:51)
	at org.apache.hc.client5.http.impl.classic.ProtocolExec.execute(ProtocolExec.java:195)
	at org.apache.hc.client5.http.impl.classic.ExecChainElement.execute(ExecChainElement.java:51)
	at org.apache.hc.client5.http.impl.classic.ContentCompressionExec.execute(ContentCompressionExec.java:150)
	at org.apache.hc.client5.http.impl.classic.ExecChainElement.execute(ExecChainElement.java:51)
	at org.apache.hc.client5.http.impl.classic.HttpRequestRetryExec.execute(HttpRequestRetryExec.java:113)
	at org.apache.hc.client5.http.impl.classic.ExecChainElement.execute(ExecChainElement.java:51)
	at org.apache.hc.client5.http.impl.classic.RedirectExec.execute(RedirectExec.java:110)
	at org.apache.hc.client5.http.impl.classic.ExecChainElement.execute(ExecChainElement.java:51)
	at org.apache.hc.client5.http.impl.classic.InternalHttpClient.doExecute(InternalHttpClient.java:185)
	at org.apache.hc.client5.http.impl.classic.CloseableHttpClient.execute(CloseableHttpClient.java:87)
	at org.apache.hc.client5.http.impl.classic.CloseableHttpClient.execute(CloseableHttpClient.java:55)
	at org.apache.hc.client5.http.classic.HttpClient.executeOpen(HttpClient.java:183)
	at org.springframework.http.client.HttpComponentsClientHttpRequest.executeInternal(HttpComponentsClientHttpRequest.java:99)
	at org.springframework.http.client.AbstractStreamingClientHttpRequest.executeInternal(AbstractStreamingClientHttpRequest.java:71)
	at org.springframework.http.client.AbstractClientHttpRequest.execute(AbstractClientHttpRequest.java:81)
	at org.springframework.http.client.InterceptingClientHttpRequest$InterceptingRequestExecution.execute(InterceptingClientHttpRequest.java:117)
	at org.springframework.cloud.netflix.eureka.http.RestTemplateTransportClientFactory.lambda$restTemplate$2(RestTemplateTransportClientFactory.java:145)
	at org.springframework.http.client.InterceptingClientHttpRequest$InterceptingRequestExecution.execute(InterceptingClientHttpRequest.java:88)
	at org.springframework.http.client.InterceptingClientHttpRequest.executeInternal(InterceptingClientHttpRequest.java:72)
	at org.springframework.http.client.AbstractBufferingClientHttpRequest.executeInternal(AbstractBufferingClientHttpRequest.java:48)
	at org.springframework.http.client.AbstractClientHttpRequest.execute(AbstractClientHttpRequest.java:81)
	at org.springframework.web.client.RestTemplate.doExecute(RestTemplate.java:900)
	... 38 more

2025-12-12T14:09:57.056+07:00  WARN 24112 --- [user-service] [SpringApplicationShutdownHook] [                                                 ] c.n.d.s.t.d.RetryableEurekaHttpClient    : Request execution failed with message: I/O error on DELETE request for "http://localhost:8761/eureka/apps/USER-SERVICE/localhost:user-service:8082": Connect to http://localhost:8761 failed: Connection refused: getsockopt
2025-12-12T14:09:57.056+07:00 ERROR 24112 --- [user-service] [SpringApplicationShutdownHook] [                                                 ] com.netflix.discovery.DiscoveryClient    : DiscoveryClient_USER-SERVICE/localhost:user-service:8082 - de-registration failedCannot execute request on any known server

com.netflix.discovery.shared.transport.TransportException: Cannot execute request on any known server
	at com.netflix.discovery.shared.transport.decorator.RetryableEurekaHttpClient.execute(RetryableEurekaHttpClient.java:112) ~[eureka-client-2.0.4.jar:2.0.4]
	at com.netflix.discovery.shared.transport.decorator.EurekaHttpClientDecorator.cancel(EurekaHttpClientDecorator.java:71) ~[eureka-client-2.0.4.jar:2.0.4]
	at com.netflix.discovery.shared.transport.decorator.EurekaHttpClientDecorator$2.execute(EurekaHttpClientDecorator.java:74) ~[eureka-client-2.0.4.jar:2.0.4]
	at com.netflix.discovery.shared.transport.decorator.SessionedEurekaHttpClient.execute(SessionedEurekaHttpClient.java:76) ~[eureka-client-2.0.4.jar:2.0.4]
	at com.netflix.discovery.shared.transport.decorator.EurekaHttpClientDecorator.cancel(EurekaHttpClientDecorator.java:71) ~[eureka-client-2.0.4.jar:2.0.4]
	at com.netflix.discovery.DiscoveryClient.unregister(DiscoveryClient.java:919) ~[eureka-client-2.0.4.jar:2.0.4]
	at com.netflix.discovery.DiscoveryClient.shutdown(DiscoveryClient.java:900) ~[eureka-client-2.0.4.jar:2.0.4]
	at java.base/jdk.internal.reflect.DirectMethodHandleAccessor.invoke(DirectMethodHandleAccessor.java:104) ~[na:na]
	at java.base/java.lang.reflect.Method.invoke(Method.java:565) ~[na:na]
	at org.springframework.beans.factory.annotation.InitDestroyAnnotationBeanPostProcessor$LifecycleMethod.invoke(InitDestroyAnnotationBeanPostProcessor.java:457) ~[spring-beans-6.2.11.jar:6.2.11]
	at org.springframework.beans.factory.annotation.InitDestroyAnnotationBeanPostProcessor$LifecycleMetadata.invokeDestroyMethods(InitDestroyAnnotationBeanPostProcessor.java:415) ~[spring-beans-6.2.11.jar:6.2.11]
	at org.springframework.beans.factory.annotation.InitDestroyAnnotationBeanPostProcessor.postProcessBeforeDestruction(InitDestroyAnnotationBeanPostProcessor.java:239) ~[spring-beans-6.2.11.jar:6.2.11]
	at org.springframework.beans.factory.support.DisposableBeanAdapter.destroy(DisposableBeanAdapter.java:203) ~[spring-beans-6.2.11.jar:6.2.11]
	at org.springframework.beans.factory.support.DisposableBeanAdapter.run(DisposableBeanAdapter.java:196) ~[spring-beans-6.2.11.jar:6.2.11]
	at org.springframework.cloud.context.scope.GenericScope$BeanLifecycleWrapper.destroy(GenericScope.java:387) ~[spring-cloud-context-4.3.0.jar:4.3.0]
	at org.springframework.cloud.context.scope.GenericScope.destroy(GenericScope.java:134) ~[spring-cloud-context-4.3.0.jar:4.3.0]
	at org.springframework.beans.factory.support.DisposableBeanAdapter.destroy(DisposableBeanAdapter.java:212) ~[spring-beans-6.2.11.jar:6.2.11]
	at org.springframework.beans.factory.support.DefaultSingletonBeanRegistry.destroyBean(DefaultSingletonBeanRegistry.java:798) ~[spring-beans-6.2.11.jar:6.2.11]
	at org.springframework.beans.factory.support.DefaultSingletonBeanRegistry.destroySingleton(DefaultSingletonBeanRegistry.java:748) ~[spring-beans-6.2.11.jar:6.2.11]
	at org.springframework.beans.factory.support.DefaultListableBeanFactory.destroySingleton(DefaultListableBeanFactory.java:1489) ~[spring-beans-6.2.11.jar:6.2.11]
	at org.springframework.beans.factory.support.DefaultSingletonBeanRegistry.destroySingletons(DefaultSingletonBeanRegistry.java:707) ~[spring-beans-6.2.11.jar:6.2.11]
	at org.springframework.beans.factory.support.DefaultListableBeanFactory.destroySingletons(DefaultListableBeanFactory.java:1482) ~[spring-beans-6.2.11.jar:6.2.11]
	at org.springframework.context.support.AbstractApplicationContext.destroyBeans(AbstractApplicationContext.java:1219) ~[spring-context-6.2.11.jar:6.2.11]
	at org.springframework.context.support.AbstractApplicationContext.doClose(AbstractApplicationContext.java:1180) ~[spring-context-6.2.11.jar:6.2.11]
	at org.springframework.boot.web.servlet.context.ServletWebServerApplicationContext.doClose(ServletWebServerApplicationContext.java:179) ~[spring-boot-3.5.6.jar:3.5.6]
	at org.springframework.context.support.AbstractApplicationContext.close(AbstractApplicationContext.java:1126) ~[spring-context-6.2.11.jar:6.2.11]
	at org.springframework.boot.SpringApplicationShutdownHook.closeAndWait(SpringApplicationShutdownHook.java:147) ~[spring-boot-3.5.6.jar:3.5.6]
	at java.base/java.lang.Iterable.forEach(Iterable.java:75) ~[na:na]
	at org.springframework.boot.SpringApplicationShutdownHook.run(SpringApplicationShutdownHook.java:116) ~[spring-boot-3.5.6.jar:3.5.6]
	at java.base/java.lang.Thread.run(Thread.java:1474) ~[na:na]

2025-12-12T14:09:57.267+07:00  INFO 24112 --- [user-service] [SpringApplicationShutdownHook] [                                                 ] com.netflix.discovery.DiscoveryClient    : Completed shut down of DiscoveryClient
2025-12-12T19:39:25.342+07:00  INFO 15568 --- [user-service] [main] [                                                 ] com.ecommerce.user.UserApplication       : Starting UserApplication using Java 25 with PID 15568 (D:\ecom-microservices\user\target\classes started by Admin in D:\ecom-microservices)
2025-12-12T19:39:25.348+07:00  INFO 15568 --- [user-service] [main] [                                                 ] com.ecommerce.user.UserApplication       : No active profile set, falling back to 1 default profile: "default"
2025-12-12T19:39:25.404+07:00  INFO 15568 --- [user-service] [main] [                                                 ] o.s.c.c.c.ConfigServerConfigDataLoader   : Fetching config from server at : http://localhost:8888
2025-12-12T19:39:25.404+07:00  INFO 15568 --- [user-service] [main] [                                                 ] o.s.c.c.c.ConfigServerConfigDataLoader   : Located environment: name=user-service, profiles=[default], label=null, version=null, state=null
2025-12-12T19:39:27.861+07:00  INFO 15568 --- [user-service] [main] [                                                 ] .s.d.r.c.RepositoryConfigurationDelegate : Bootstrapping Spring Data MongoDB repositories in DEFAULT mode.
2025-12-12T19:39:28.287+07:00  INFO 15568 --- [user-service] [main] [                                                 ] .s.d.r.c.RepositoryConfigurationDelegate : Finished Spring Data repository scanning in 394 ms. Found 1 MongoDB repository interface.
2025-12-12T19:39:28.939+07:00  INFO 15568 --- [user-service] [main] [                                                 ] faultConfiguringBeanFactoryPostProcessor : No bean named 'errorChannel' has been explicitly defined. Therefore, a default PublishSubscribeChannel will be created.
2025-12-12T19:39:28.951+07:00  INFO 15568 --- [user-service] [main] [                                                 ] faultConfiguringBeanFactoryPostProcessor : No bean named 'integrationHeaderChannelRegistry' has been explicitly defined. Therefore, a default DefaultHeaderChannelRegistry will be created.
2025-12-12T19:39:29.288+07:00  INFO 15568 --- [user-service] [main] [                                                 ] o.s.cloud.context.scope.GenericScope     : BeanFactory id=04b56e4c-d277-345d-a49e-9d6cb3d119a3
2025-12-12T19:39:30.246+07:00  INFO 15568 --- [user-service] [main] [                                                 ] o.s.b.w.embedded.tomcat.TomcatWebServer  : Tomcat initialized with port 8082 (http)
2025-12-12T19:39:30.267+07:00  INFO 15568 --- [user-service] [main] [                                                 ] o.apache.catalina.core.StandardService   : Starting service [Tomcat]
2025-12-12T19:39:30.268+07:00  INFO 15568 --- [user-service] [main] [                                                 ] o.apache.catalina.core.StandardEngine    : Starting Servlet engine: [Apache Tomcat/10.1.46]
2025-12-12T19:39:30.389+07:00  INFO 15568 --- [user-service] [main] [                                                 ] o.a.c.c.C.[Tomcat].[localhost].[/]       : Initializing Spring embedded WebApplicationContext
2025-12-12T19:39:30.390+07:00  INFO 15568 --- [user-service] [main] [                                                 ] w.s.c.ServletWebServerApplicationContext : Root WebApplicationContext: initialization completed in 4984 ms
2025-12-12T19:39:31.782+07:00  INFO 15568 --- [user-service] [main] [                                                 ] org.mongodb.driver.client                : MongoClient with metadata {"driver": {"name": "mongo-java-driver|sync|spring-boot", "version": "5.5.1"}, "os": {"type": "Windows", "name": "Windows 11", "architecture": "amd64", "version": "10.0"}, "platform": "Java/Oracle Corporation/25+37-LTS-3491"} created with settings MongoClientSettings{readPreference=primary, writeConcern=WriteConcern{w=null, wTimeout=null ms, journal=null}, retryWrites=true, retryReads=true, readConcern=ReadConcern{level=null}, credential=null, transportSettings=null, commandListeners=[io.micrometer.core.instrument.binder.mongodb.MongoMetricsCommandListener@21046afa], codecRegistry=ProvidersCodecRegistry{codecProviders=[ValueCodecProvider{}, BsonValueCodecProvider{}, DBRefCodecProvider{}, DBObjectCodecProvider{}, DocumentCodecProvider{}, CollectionCodecProvider{}, IterableCodecProvider{}, MapCodecProvider{}, GeoJsonCodecProvider{}, GridFSFileCodecProvider{}, Jsr310CodecProvider{}, JsonObjectCodecProvider{}, BsonCodecProvider{}, EnumCodecProvider{}, com.mongodb.client.model.mql.ExpressionCodecProvider@552fffc8, com.mongodb.Jep395RecordCodecProvider@5ac53209, com.mongodb.KotlinCodecProvider@6d035815]}, loggerSettings=LoggerSettings{maxDocumentLength=1000}, clusterSettings={hosts=[localhost:27017], srvServiceName=mongodb, mode=SINGLE, requiredClusterType=UNKNOWN, requiredReplicaSetName='null', serverSelector='null', clusterListeners='[]', serverSelectionTimeout='30000 ms', localThreshold='15 ms'}, socketSettings=SocketSettings{connectTimeoutMS=10000, readTimeoutMS=0, receiveBufferSize=0, proxySettings=ProxySettings{host=null, port=null, username=null, password=null}}, heartbeatSocketSettings=SocketSettings{connectTimeoutMS=10000, readTimeoutMS=10000, receiveBufferSize=0, proxySettings=ProxySettings{host=null, port=null, username=null, password=null}}, connectionPoolSettings=ConnectionPoolSettings{maxSize=100, minSize=0, maxWaitTimeMS=120000, maxConnectionLifeTimeMS=0, maxConnectionIdleTimeMS=0, maintenanceInitialDelayMS=0, maintenanceFrequencyMS=60000, connectionPoolListeners=[io.micrometer.core.instrument.binder.mongodb.MongoMetricsConnectionPoolListener@6fd2acf5], maxConnecting=2}, serverSettings=ServerSettings{heartbeatFrequencyMS=10000, minHeartbeatFrequencyMS=500, serverMonitoringMode=AUTO, serverListeners='[]', serverMonitorListeners='[]'}, sslSettings=SslSettings{enabled=false, invalidHostNameAllowed=false, context=null}, applicationName='null', compressorList=[], uuidRepresentation=JAVA_LEGACY, serverApi=null, autoEncryptionSettings=null, dnsClient=null, inetAddressResolver=null, contextProvider=null, timeoutMS=null}
2025-12-12T19:39:31.833+07:00  INFO 15568 --- [user-service] [cluster-ClusterId{value='693c0d03f194f3420798d59b', description='null'}-localhost:27017] [                                                 ] org.mongodb.driver.cluster               : Monitor thread successfully connected to server with description ServerDescription{address=localhost:27017, type=STANDALONE, cryptd=false, state=CONNECTED, ok=true, minWireVersion=0, maxWireVersion=27, maxDocumentSize=16777216, logicalSessionTimeoutMinutes=30, roundTripTimeNanos=72014200, minRoundTripTimeNanos=0}
2025-12-12T19:39:33.384+07:00  INFO 15568 --- [user-service] [main] [                                                 ] o.s.cloud.commons.util.InetUtils         : Cannot determine local hostname
2025-12-12T19:39:35.517+07:00  INFO 15568 --- [user-service] [main] [                                                 ] o.s.cloud.commons.util.InetUtils         : Cannot determine local hostname
2025-12-12T19:39:35.907+07:00  WARN 15568 --- [user-service] [main] [                                                 ] c.f.c.c.BeanFactoryAwareFunctionRegistry : Failed to locate function 'busConsumer' for function definition 'busConsumer'. Returning null.
2025-12-12T19:39:35.986+07:00  INFO 15568 --- [user-service] [main] [                                                 ] o.s.c.s.m.DirectWithAttributesChannel    : Channel 'user-service.springCloudBusInput' has 1 subscriber(s).
2025-12-12T19:39:37.225+07:00  INFO 15568 --- [user-service] [main] [                                                 ] o.s.cloud.commons.util.InetUtils         : Cannot determine local hostname
2025-12-12T19:39:37.235+07:00  INFO 15568 --- [user-service] [main] [                                                 ] DiscoveryClientOptionalArgsConfiguration : Eureka HTTP Client uses RestTemplate.
2025-12-12T19:39:37.274+07:00  WARN 15568 --- [user-service] [main] [                                                 ] iguration$LoadBalancerCaffeineWarnLogger : Spring Cloud LoadBalancer is currently working with the default cache. While this cache implementation is useful for development and tests, it's recommended to use Caffeine cache in production.You can switch to using Caffeine cache, by adding it and org.springframework.cache.caffeine.CaffeineCacheManager to the classpath.
2025-12-12T19:39:37.280+07:00  INFO 15568 --- [user-service] [main] [                                                 ] o.s.b.a.e.web.EndpointLinksResolver      : Exposing 35 endpoints beneath base path '/actuator'
2025-12-12T19:39:37.402+07:00  INFO 15568 --- [user-service] [main] [                                                 ] o.s.i.endpoint.EventDrivenConsumer       : Adding {logging-channel-adapter:_org.springframework.integration.errorLogger} as a subscriber to the 'errorChannel' channel
2025-12-12T19:39:37.403+07:00  INFO 15568 --- [user-service] [main] [                                                 ] o.s.i.channel.PublishSubscribeChannel    : Channel 'user-service.errorChannel' has 1 subscriber(s).
2025-12-12T19:39:37.403+07:00  INFO 15568 --- [user-service] [main] [                                                 ] o.s.i.endpoint.EventDrivenConsumer       : started bean '_org.springframework.integration.errorLogger'
2025-12-12T19:39:37.474+07:00  INFO 15568 --- [user-service] [main] [                                                 ] o.s.c.n.eureka.InstanceInfoFactory       : Setting initial instance status as: STARTING
2025-12-12T19:39:37.496+07:00  INFO 15568 --- [user-service] [main] [                                                 ] com.netflix.discovery.DiscoveryClient    : Initializing Eureka in region us-east-1
2025-12-12T19:39:37.501+07:00  INFO 15568 --- [user-service] [main] [                                                 ] c.n.d.s.r.aws.ConfigClusterResolver      : Resolving eureka endpoints via configuration
2025-12-12T19:39:37.508+07:00  INFO 15568 --- [user-service] [main] [                                                 ] com.netflix.discovery.DiscoveryClient    : Disable delta property : false
2025-12-12T19:39:37.508+07:00  INFO 15568 --- [user-service] [main] [                                                 ] com.netflix.discovery.DiscoveryClient    : Single vip registry refresh property : null
2025-12-12T19:39:37.508+07:00  INFO 15568 --- [user-service] [main] [                                                 ] com.netflix.discovery.DiscoveryClient    : Force full registry fetch : false
2025-12-12T19:39:37.508+07:00  INFO 15568 --- [user-service] [main] [                                                 ] com.netflix.discovery.DiscoveryClient    : Application is null : false
2025-12-12T19:39:37.508+07:00  INFO 15568 --- [user-service] [main] [                                                 ] com.netflix.discovery.DiscoveryClient    : Registered Applications size is zero : true
2025-12-12T19:39:37.508+07:00  INFO 15568 --- [user-service] [main] [                                                 ] com.netflix.discovery.DiscoveryClient    : Application version is -1: true
2025-12-12T19:39:37.508+07:00  INFO 15568 --- [user-service] [main] [                                                 ] com.netflix.discovery.DiscoveryClient    : Getting all instance registry info from the eureka server
2025-12-12T19:39:38.027+07:00  INFO 15568 --- [user-service] [main] [                                                 ] com.netflix.discovery.DiscoveryClient    : The response status is 200
2025-12-12T19:39:38.029+07:00  INFO 15568 --- [user-service] [main] [                                                 ] com.netflix.discovery.DiscoveryClient    : Starting heartbeat executor: renew interval is: 30
2025-12-12T19:39:38.030+07:00  INFO 15568 --- [user-service] [main] [                                                 ] c.n.discovery.InstanceInfoReplicator     : InstanceInfoReplicator onDemand update allowed rate per min is 4
2025-12-12T19:39:38.032+07:00  INFO 15568 --- [user-service] [main] [                                                 ] com.netflix.discovery.DiscoveryClient    : Discovery Client initialized at timestamp 1765543178031 with initial instances count: 0
2025-12-12T19:39:38.036+07:00  INFO 15568 --- [user-service] [main] [                                                 ] o.s.c.n.e.s.EurekaServiceRegistry        : Registering application USER-SERVICE with eureka with status UP
2025-12-12T19:39:38.036+07:00  INFO 15568 --- [user-service] [main] [                                                 ] com.netflix.discovery.DiscoveryClient    : Saw local status change event StatusChangeEvent [timestamp=1765543178036, current=UP, previous=STARTING]
2025-12-12T19:39:38.038+07:00  INFO 15568 --- [user-service] [DiscoveryClient-InstanceInfoReplicator-%d] [                                                 ] com.netflix.discovery.DiscoveryClient    : DiscoveryClient_USER-SERVICE/localhost:user-service:8082: registering service...
2025-12-12T19:39:38.040+07:00  INFO 15568 --- [user-service] [main] [                                                 ] o.s.c.s.binder.DefaultBinderFactory      : Creating binder: rabbit
2025-12-12T19:39:38.041+07:00  INFO 15568 --- [user-service] [main] [                                                 ] o.s.c.s.binder.DefaultBinderFactory      : Constructing binder child context for rabbit
2025-12-12T19:39:38.190+07:00  INFO 15568 --- [user-service] [main] [                                                 ] o.s.c.s.binder.DefaultBinderFactory      : Caching the binder: rabbit
2025-12-12T19:39:38.210+07:00  INFO 15568 --- [user-service] [main] [                                                 ] c.s.b.r.p.RabbitExchangeQueueProvisioner : declaring queue for inbound: springCloudBus.anonymous.ExBi-7cTSn26QFqHxkZRXA, bound to: springCloudBus
2025-12-12T19:39:38.216+07:00  INFO 15568 --- [user-service] [main] [                                                 ] o.s.a.r.c.CachingConnectionFactory       : Attempting to connect to: [localhost:5672]
2025-12-12T19:39:38.240+07:00  INFO 15568 --- [user-service] [DiscoveryClient-InstanceInfoReplicator-%d] [                                                 ] com.netflix.discovery.DiscoveryClient    : DiscoveryClient_USER-SERVICE/localhost:user-service:8082 - registration status: 204
2025-12-12T19:39:38.507+07:00  INFO 15568 --- [user-service] [main] [                                                 ] o.s.a.r.c.CachingConnectionFactory       : Created new connection: rabbitConnectionFactory#247d44b4:0/SimpleConnection@7c943143 [delegate=amqp://guest@127.0.0.1:5672/, localPort=49246]
2025-12-12T19:39:38.630+07:00  INFO 15568 --- [user-service] [main] [                                                 ] o.s.c.stream.binder.BinderErrorChannel   : Channel 'rabbit-620760381.springCloudBusInput.errors' has 1 subscriber(s).
2025-12-12T19:39:38.631+07:00  INFO 15568 --- [user-service] [main] [                                                 ] o.s.c.stream.binder.BinderErrorChannel   : Channel 'rabbit-620760381.springCloudBusInput.errors' has 2 subscriber(s).
2025-12-12T19:39:38.648+07:00  INFO 15568 --- [user-service] [main] [                                                 ] o.s.i.a.i.AmqpInboundChannelAdapter      : started bean 'inbound.springCloudBus.anonymous.ExBi-7cTSn26QFqHxkZRXA'
2025-12-12T19:39:38.660+07:00  INFO 15568 --- [user-service] [main] [                                                 ] o.s.b.w.embedded.tomcat.TomcatWebServer  : Tomcat started on port 8082 (http) with context path '/'
2025-12-12T19:39:38.661+07:00  INFO 15568 --- [user-service] [main] [                                                 ] .s.c.n.e.s.EurekaAutoServiceRegistration : Updating port to 8082
2025-12-12T19:39:38.964+07:00  INFO 15568 --- [user-service] [http-nio-8082-exec-1] [                                                 ] o.a.c.c.C.[Tomcat].[localhost].[/]       : Initializing Spring DispatcherServlet 'dispatcherServlet'
2025-12-12T19:39:38.964+07:00  INFO 15568 --- [user-service] [http-nio-8082-exec-1] [                                                 ] o.s.web.servlet.DispatcherServlet        : Initializing Servlet 'dispatcherServlet'
2025-12-12T19:39:38.966+07:00  INFO 15568 --- [user-service] [http-nio-8082-exec-1] [                                                 ] o.s.web.servlet.DispatcherServlet        : Completed initialization in 1 ms
2025-12-12T19:39:39.667+07:00  INFO 15568 --- [user-service] [main] [                                                 ] o.s.cloud.commons.util.InetUtils         : Cannot determine local hostname
2025-12-12T19:39:40.674+07:00  INFO 15568 --- [user-service] [main] [                                                 ] o.s.cloud.commons.util.InetUtils         : Cannot determine local hostname
2025-12-12T19:39:40.723+07:00  INFO 15568 --- [user-service] [main] [                                                 ] com.ecommerce.user.UserApplication       : Started UserApplication in 17.596 seconds (process running for 18.459)
2025-12-12T19:40:08.039+07:00  INFO 15568 --- [user-service] [DiscoveryClient-CacheRefreshExecutor-%d] [                                                 ] com.netflix.discovery.DiscoveryClient    : Disable delta property : false
2025-12-12T19:40:08.056+07:00  INFO 15568 --- [user-service] [DiscoveryClient-CacheRefreshExecutor-%d] [                                                 ] com.netflix.discovery.DiscoveryClient    : Single vip registry refresh property : null
2025-12-12T19:40:08.057+07:00  INFO 15568 --- [user-service] [DiscoveryClient-CacheRefreshExecutor-%d] [                                                 ] com.netflix.discovery.DiscoveryClient    : Force full registry fetch : false
2025-12-12T19:40:08.057+07:00  INFO 15568 --- [user-service] [DiscoveryClient-CacheRefreshExecutor-%d] [                                                 ] com.netflix.discovery.DiscoveryClient    : Application is null : false
2025-12-12T19:40:08.057+07:00  INFO 15568 --- [user-service] [DiscoveryClient-CacheRefreshExecutor-%d] [                                                 ] com.netflix.discovery.DiscoveryClient    : Registered Applications size is zero : true
2025-12-12T19:40:08.057+07:00  INFO 15568 --- [user-service] [DiscoveryClient-CacheRefreshExecutor-%d] [                                                 ] com.netflix.discovery.DiscoveryClient    : Application version is -1: false
2025-12-12T19:40:08.057+07:00  INFO 15568 --- [user-service] [DiscoveryClient-CacheRefreshExecutor-%d] [                                                 ] com.netflix.discovery.DiscoveryClient    : Getting all instance registry info from the eureka server
2025-12-12T19:40:08.266+07:00  INFO 15568 --- [user-service] [DiscoveryClient-CacheRefreshExecutor-%d] [                                                 ] com.netflix.discovery.DiscoveryClient    : The response status is 200
2025-12-12T19:41:45.652+07:00  WARN 15568 --- [user-service] [AMQP Connection 127.0.0.1:5672] [                                                 ] c.r.c.impl.ForgivingExceptionHandler     : An unexpected connection driver error occurred (Exception message: Connection reset)
2025-12-12T19:41:45.742+07:00  WARN 15568 --- [user-service] [springCloudBus.anonymous.ExBi-7cTSn26QFqHxkZRXA-1] [                                                 ] o.s.a.r.l.SimpleMessageListenerContainer : Consumer raised exception, processing can restart if the connection factory supports it

com.rabbitmq.client.ShutdownSignalException: connection error; protocol method: #method<connection.close>(reply-code=320, reply-text=CONNECTION_FORCED - broker forced connection closure with reason 'shutdown', class-id=0, method-id=0)
	at com.rabbitmq.client.impl.AMQConnection.startShutdown(AMQConnection.java:1007) ~[amqp-client-5.25.0.jar:5.25.0]
	at com.rabbitmq.client.impl.AMQConnection.shutdown(AMQConnection.java:997) ~[amqp-client-5.25.0.jar:5.25.0]
	at com.rabbitmq.client.impl.AMQConnection.handleConnectionClose(AMQConnection.java:935) ~[amqp-client-5.25.0.jar:5.25.0]
	at com.rabbitmq.client.impl.AMQConnection.processControlCommand(AMQConnection.java:890) ~[amqp-client-5.25.0.jar:5.25.0]
	at com.rabbitmq.client.impl.AMQConnection$1.processAsync(AMQConnection.java:275) ~[amqp-client-5.25.0.jar:5.25.0]
	at com.rabbitmq.client.impl.AMQChannel.handleCompleteInboundCommand(AMQChannel.java:193) ~[amqp-client-5.25.0.jar:5.25.0]
	at com.rabbitmq.client.impl.AMQChannel.handleFrame(AMQChannel.java:125) ~[amqp-client-5.25.0.jar:5.25.0]
	at com.rabbitmq.client.impl.AMQConnection.readFrame(AMQConnection.java:741) ~[amqp-client-5.25.0.jar:5.25.0]
	at com.rabbitmq.client.impl.AMQConnection.access$400(AMQConnection.java:48) ~[amqp-client-5.25.0.jar:5.25.0]
	at com.rabbitmq.client.impl.AMQConnection$MainLoop.run(AMQConnection.java:688) ~[amqp-client-5.25.0.jar:5.25.0]
	at java.base/java.lang.Thread.run(Thread.java:1474) ~[na:na]

2025-12-12T19:41:45.961+07:00  INFO 15568 --- [user-service] [springCloudBus.anonymous.ExBi-7cTSn26QFqHxkZRXA-1] [                                                 ] o.s.a.r.l.SimpleMessageListenerContainer : Restarting Consumer@68fd0fba: tags=[[amq.ctag-OlgLILZwkliHbfBaP8Y_DA]], channel=Cached Rabbit Channel: AMQChannel(amqp://guest@127.0.0.1:5672/,1), conn: Proxy@5eb054 Shared Rabbit Connection: SimpleConnection@7c943143 [delegate=amqp://guest@127.0.0.1:5672/, localPort=49246], acknowledgeMode=AUTO local queue size=0
2025-12-12T19:41:46.070+07:00  INFO 15568 --- [user-service] [springCloudBus.anonymous.ExBi-7cTSn26QFqHxkZRXA-2] [                                                 ] o.s.a.r.c.CachingConnectionFactory       : Attempting to connect to: [localhost:5672]
2025-12-12T19:41:46.131+07:00  INFO 15568 --- [user-service] [springCloudBus.anonymous.ExBi-7cTSn26QFqHxkZRXA-2] [                                                 ] o.s.a.r.c.CachingConnectionFactory       : Created new connection: rabbitConnectionFactory#247d44b4:1/SimpleConnection@190d9b61 [delegate=amqp://guest@127.0.0.1:5672/, localPort=57708]
2025-12-12T19:41:46.170+07:00  INFO 15568 --- [user-service] [springCloudBus.anonymous.ExBi-7cTSn26QFqHxkZRXA-2] [                                                 ] o.s.amqp.rabbit.core.RabbitAdmin         : Auto-declaring a non-durable, auto-delete, or exclusive Queue (springCloudBus.anonymous.ExBi-7cTSn26QFqHxkZRXA) durable:false, auto-delete:true, exclusive:true. It will be redeclared if the broker stops and is restarted while the connection factory is alive, but all messages will be lost.
2025-12-12T19:42:38.761+07:00  INFO 15568 --- [user-service] [DiscoveryClient-HeartbeatExecutor-%d] [                                                 ] com.netflix.discovery.DiscoveryClient    : DiscoveryClient_USER-SERVICE/localhost:user-service:8082 - Re-registering apps/USER-SERVICE
2025-12-12T19:42:38.783+07:00  INFO 15568 --- [user-service] [DiscoveryClient-HeartbeatExecutor-%d] [                                                 ] com.netflix.discovery.DiscoveryClient    : DiscoveryClient_USER-SERVICE/localhost:user-service:8082: registering service...
2025-12-12T19:42:38.827+07:00  INFO 15568 --- [user-service] [DiscoveryClient-HeartbeatExecutor-%d] [                                                 ] com.netflix.discovery.DiscoveryClient    : DiscoveryClient_USER-SERVICE/localhost:user-service:8082 - registration status: 204
2025-12-12T19:43:21.477+07:00  INFO 15568 --- [user-service] [SpringApplicationShutdownHook] [                                                 ] o.s.c.n.e.s.EurekaServiceRegistry        : Unregistering application USER-SERVICE with eureka with status DOWN
2025-12-12T19:43:21.498+07:00  INFO 15568 --- [user-service] [SpringApplicationShutdownHook] [                                                 ] com.netflix.discovery.DiscoveryClient    : Saw local status change event StatusChangeEvent [timestamp=1765543401498, current=DOWN, previous=UP]
2025-12-12T19:43:21.499+07:00  INFO 15568 --- [user-service] [DiscoveryClient-InstanceInfoReplicator-%d] [                                                 ] com.netflix.discovery.DiscoveryClient    : DiscoveryClient_USER-SERVICE/localhost:user-service:8082: registering service...
2025-12-12T19:43:21.533+07:00  INFO 15568 --- [user-service] [DiscoveryClient-InstanceInfoReplicator-%d] [                                                 ] com.netflix.discovery.DiscoveryClient    : DiscoveryClient_USER-SERVICE/localhost:user-service:8082 - registration status: 204
2025-12-12T19:43:21.640+07:00  INFO 15568 --- [user-service] [SpringApplicationShutdownHook] [                                                 ] o.s.b.w.e.tomcat.GracefulShutdown        : Commencing graceful shutdown. Waiting for active requests to complete
2025-12-12T19:43:21.683+07:00  INFO 15568 --- [user-service] [tomcat-shutdown] [                                                 ] o.s.b.w.e.tomcat.GracefulShutdown        : Graceful shutdown complete
2025-12-12T19:43:21.760+07:00  INFO 15568 --- [user-service] [SpringApplicationShutdownHook] [                                                 ] o.s.a.r.l.SimpleMessageListenerContainer : Waiting for workers to finish.
2025-12-12T19:43:22.390+07:00  INFO 15568 --- [user-service] [SpringApplicationShutdownHook] [                                                 ] o.s.a.r.l.SimpleMessageListenerContainer : Successfully waited for workers to finish.
2025-12-12T19:43:22.395+07:00  INFO 15568 --- [user-service] [SpringApplicationShutdownHook] [                                                 ] o.s.i.a.i.AmqpInboundChannelAdapter      : stopped bean 'inbound.springCloudBus.anonymous.ExBi-7cTSn26QFqHxkZRXA'
2025-12-12T19:43:22.426+07:00  INFO 15568 --- [user-service] [SpringApplicationShutdownHook] [                                                 ] o.s.c.stream.binder.BinderErrorChannel   : Channel 'user-service.rabbit-620760381.springCloudBusInput.errors' has 1 subscriber(s).
2025-12-12T19:43:22.432+07:00  INFO 15568 --- [user-service] [SpringApplicationShutdownHook] [                                                 ] o.s.c.stream.binder.BinderErrorChannel   : Channel 'user-service.rabbit-620760381.springCloudBusInput.errors' has 0 subscriber(s).
2025-12-12T19:43:22.714+07:00  INFO 15568 --- [user-service] [SpringApplicationShutdownHook] [                                                 ] o.s.i.endpoint.EventDrivenConsumer       : Removing {logging-channel-adapter:_org.springframework.integration.errorLogger} as a subscriber to the 'errorChannel' channel
2025-12-12T19:43:22.714+07:00  INFO 15568 --- [user-service] [SpringApplicationShutdownHook] [                                                 ] o.s.i.channel.PublishSubscribeChannel    : Channel 'user-service.errorChannel' has 0 subscriber(s).
2025-12-12T19:43:22.715+07:00  INFO 15568 --- [user-service] [SpringApplicationShutdownHook] [                                                 ] o.s.i.endpoint.EventDrivenConsumer       : stopped bean '_org.springframework.integration.errorLogger'
2025-12-12T19:43:23.545+07:00  INFO 15568 --- [user-service] [SpringApplicationShutdownHook] [                                                 ] com.netflix.discovery.DiscoveryClient    : Shutting down DiscoveryClient ...
2025-12-12T19:43:26.547+07:00  INFO 15568 --- [user-service] [SpringApplicationShutdownHook] [                                                 ] com.netflix.discovery.DiscoveryClient    : Unregistering ...
2025-12-12T19:43:26.565+07:00  INFO 15568 --- [user-service] [SpringApplicationShutdownHook] [                                                 ] com.netflix.discovery.DiscoveryClient    : DiscoveryClient_USER-SERVICE/localhost:user-service:8082 - deregister  status: 200
2025-12-12T19:43:26.567+07:00  INFO 15568 --- [user-service] [SpringApplicationShutdownHook] [                                                 ] com.netflix.discovery.DiscoveryClient    : Completed shut down of DiscoveryClient
2025-12-12T19:43:31.784+07:00  INFO 25712 --- [user-service] [main] [                                                 ] com.ecommerce.user.UserApplication       : Starting UserApplication using Java 25 with PID 25712 (D:\ecom-microservices\user\target\classes started by Admin in D:\ecom-microservices)
2025-12-12T19:43:31.788+07:00  INFO 25712 --- [user-service] [main] [                                                 ] com.ecommerce.user.UserApplication       : No active profile set, falling back to 1 default profile: "default"
2025-12-12T19:43:31.835+07:00  INFO 25712 --- [user-service] [main] [                                                 ] o.s.c.c.c.ConfigServerConfigDataLoader   : Fetching config from server at : http://localhost:8888
2025-12-12T19:43:31.835+07:00  INFO 25712 --- [user-service] [main] [                                                 ] o.s.c.c.c.ConfigServerConfigDataLoader   : Located environment: name=user-service, profiles=[default], label=null, version=null, state=null
2025-12-12T19:43:33.993+07:00  INFO 25712 --- [user-service] [main] [                                                 ] .s.d.r.c.RepositoryConfigurationDelegate : Bootstrapping Spring Data MongoDB repositories in DEFAULT mode.
2025-12-12T19:43:34.413+07:00  INFO 25712 --- [user-service] [main] [                                                 ] .s.d.r.c.RepositoryConfigurationDelegate : Finished Spring Data repository scanning in 391 ms. Found 1 MongoDB repository interface.
2025-12-12T19:43:34.661+07:00  INFO 25712 --- [user-service] [main] [                                                 ] faultConfiguringBeanFactoryPostProcessor : No bean named 'errorChannel' has been explicitly defined. Therefore, a default PublishSubscribeChannel will be created.
2025-12-12T19:43:34.668+07:00  INFO 25712 --- [user-service] [main] [                                                 ] faultConfiguringBeanFactoryPostProcessor : No bean named 'integrationHeaderChannelRegistry' has been explicitly defined. Therefore, a default DefaultHeaderChannelRegistry will be created.
2025-12-12T19:43:34.854+07:00  INFO 25712 --- [user-service] [main] [                                                 ] o.s.cloud.context.scope.GenericScope     : BeanFactory id=04b56e4c-d277-345d-a49e-9d6cb3d119a3
2025-12-12T19:43:35.339+07:00  INFO 25712 --- [user-service] [main] [                                                 ] o.s.b.w.embedded.tomcat.TomcatWebServer  : Tomcat initialized with port 8082 (http)
2025-12-12T19:43:35.352+07:00  INFO 25712 --- [user-service] [main] [                                                 ] o.apache.catalina.core.StandardService   : Starting service [Tomcat]
2025-12-12T19:43:35.353+07:00  INFO 25712 --- [user-service] [main] [                                                 ] o.apache.catalina.core.StandardEngine    : Starting Servlet engine: [Apache Tomcat/10.1.46]
2025-12-12T19:43:35.428+07:00  INFO 25712 --- [user-service] [main] [                                                 ] o.a.c.c.C.[Tomcat].[localhost].[/]       : Initializing Spring embedded WebApplicationContext
2025-12-12T19:43:35.429+07:00  INFO 25712 --- [user-service] [main] [                                                 ] w.s.c.ServletWebServerApplicationContext : Root WebApplicationContext: initialization completed in 3591 ms
2025-12-12T19:43:36.240+07:00  INFO 25712 --- [user-service] [main] [                                                 ] org.mongodb.driver.client                : MongoClient with metadata {"driver": {"name": "mongo-java-driver|sync|spring-boot", "version": "5.5.1"}, "os": {"type": "Windows", "name": "Windows 11", "architecture": "amd64", "version": "10.0"}, "platform": "Java/Oracle Corporation/25+37-LTS-3491"} created with settings MongoClientSettings{readPreference=primary, writeConcern=WriteConcern{w=null, wTimeout=null ms, journal=null}, retryWrites=true, retryReads=true, readConcern=ReadConcern{level=null}, credential=null, transportSettings=null, commandListeners=[io.micrometer.core.instrument.binder.mongodb.MongoMetricsCommandListener@5ac53209], codecRegistry=ProvidersCodecRegistry{codecProviders=[ValueCodecProvider{}, BsonValueCodecProvider{}, DBRefCodecProvider{}, DBObjectCodecProvider{}, DocumentCodecProvider{}, CollectionCodecProvider{}, IterableCodecProvider{}, MapCodecProvider{}, GeoJsonCodecProvider{}, GridFSFileCodecProvider{}, Jsr310CodecProvider{}, JsonObjectCodecProvider{}, BsonCodecProvider{}, EnumCodecProvider{}, com.mongodb.client.model.mql.ExpressionCodecProvider@6d035815, com.mongodb.Jep395RecordCodecProvider@6fd2acf5, com.mongodb.KotlinCodecProvider@45a9cf78]}, loggerSettings=LoggerSettings{maxDocumentLength=1000}, clusterSettings={hosts=[localhost:27017], srvServiceName=mongodb, mode=SINGLE, requiredClusterType=UNKNOWN, requiredReplicaSetName='null', serverSelector='null', clusterListeners='[]', serverSelectionTimeout='30000 ms', localThreshold='15 ms'}, socketSettings=SocketSettings{connectTimeoutMS=10000, readTimeoutMS=0, receiveBufferSize=0, proxySettings=ProxySettings{host=null, port=null, username=null, password=null}}, heartbeatSocketSettings=SocketSettings{connectTimeoutMS=10000, readTimeoutMS=10000, receiveBufferSize=0, proxySettings=ProxySettings{host=null, port=null, username=null, password=null}}, connectionPoolSettings=ConnectionPoolSettings{maxSize=100, minSize=0, maxWaitTimeMS=120000, maxConnectionLifeTimeMS=0, maxConnectionIdleTimeMS=0, maintenanceInitialDelayMS=0, maintenanceFrequencyMS=60000, connectionPoolListeners=[io.micrometer.core.instrument.binder.mongodb.MongoMetricsConnectionPoolListener@368ff8be], maxConnecting=2}, serverSettings=ServerSettings{heartbeatFrequencyMS=10000, minHeartbeatFrequencyMS=500, serverMonitoringMode=AUTO, serverListeners='[]', serverMonitorListeners='[]'}, sslSettings=SslSettings{enabled=false, invalidHostNameAllowed=false, context=null}, applicationName='null', compressorList=[], uuidRepresentation=JAVA_LEGACY, serverApi=null, autoEncryptionSettings=null, dnsClient=null, inetAddressResolver=null, contextProvider=null, timeoutMS=null}
2025-12-12T19:43:36.275+07:00  INFO 25712 --- [user-service] [cluster-ClusterId{value='693c0df87bd9a388178fe918', description='null'}-localhost:27017] [                                                 ] org.mongodb.driver.cluster               : Monitor thread successfully connected to server with description ServerDescription{address=localhost:27017, type=STANDALONE, cryptd=false, state=CONNECTED, ok=true, minWireVersion=0, maxWireVersion=27, maxDocumentSize=16777216, logicalSessionTimeoutMinutes=30, roundTripTimeNanos=46481900, minRoundTripTimeNanos=0}
2025-12-12T19:43:37.585+07:00  INFO 25712 --- [user-service] [main] [                                                 ] o.s.cloud.commons.util.InetUtils         : Cannot determine local hostname
2025-12-12T19:43:39.215+07:00  INFO 25712 --- [user-service] [main] [                                                 ] o.s.cloud.commons.util.InetUtils         : Cannot determine local hostname
2025-12-12T19:43:39.401+07:00  WARN 25712 --- [user-service] [main] [                                                 ] c.f.c.c.BeanFactoryAwareFunctionRegistry : Failed to locate function 'busConsumer' for function definition 'busConsumer'. Returning null.
2025-12-12T19:43:39.492+07:00  INFO 25712 --- [user-service] [main] [                                                 ] o.s.c.s.m.DirectWithAttributesChannel    : Channel 'user-service.springCloudBusInput' has 1 subscriber(s).
2025-12-12T19:43:40.678+07:00  INFO 25712 --- [user-service] [main] [                                                 ] o.s.cloud.commons.util.InetUtils         : Cannot determine local hostname
2025-12-12T19:43:40.688+07:00  INFO 25712 --- [user-service] [main] [                                                 ] DiscoveryClientOptionalArgsConfiguration : Eureka HTTP Client uses RestTemplate.
2025-12-12T19:43:40.718+07:00  WARN 25712 --- [user-service] [main] [                                                 ] iguration$LoadBalancerCaffeineWarnLogger : Spring Cloud LoadBalancer is currently working with the default cache. While this cache implementation is useful for development and tests, it's recommended to use Caffeine cache in production.You can switch to using Caffeine cache, by adding it and org.springframework.cache.caffeine.CaffeineCacheManager to the classpath.
2025-12-12T19:43:40.724+07:00  INFO 25712 --- [user-service] [main] [                                                 ] o.s.b.a.e.web.EndpointLinksResolver      : Exposing 35 endpoints beneath base path '/actuator'
2025-12-12T19:43:40.812+07:00  INFO 25712 --- [user-service] [main] [                                                 ] o.s.i.endpoint.EventDrivenConsumer       : Adding {logging-channel-adapter:_org.springframework.integration.errorLogger} as a subscriber to the 'errorChannel' channel
2025-12-12T19:43:40.813+07:00  INFO 25712 --- [user-service] [main] [                                                 ] o.s.i.channel.PublishSubscribeChannel    : Channel 'user-service.errorChannel' has 1 subscriber(s).
2025-12-12T19:43:40.813+07:00  INFO 25712 --- [user-service] [main] [                                                 ] o.s.i.endpoint.EventDrivenConsumer       : started bean '_org.springframework.integration.errorLogger'
2025-12-12T19:43:40.884+07:00  INFO 25712 --- [user-service] [main] [                                                 ] o.s.c.n.eureka.InstanceInfoFactory       : Setting initial instance status as: STARTING
2025-12-12T19:43:40.928+07:00  INFO 25712 --- [user-service] [main] [                                                 ] com.netflix.discovery.DiscoveryClient    : Initializing Eureka in region us-east-1
2025-12-12T19:43:40.935+07:00  INFO 25712 --- [user-service] [main] [                                                 ] c.n.d.s.r.aws.ConfigClusterResolver      : Resolving eureka endpoints via configuration
2025-12-12T19:43:40.948+07:00  INFO 25712 --- [user-service] [main] [                                                 ] com.netflix.discovery.DiscoveryClient    : Disable delta property : false
2025-12-12T19:43:40.949+07:00  INFO 25712 --- [user-service] [main] [                                                 ] com.netflix.discovery.DiscoveryClient    : Single vip registry refresh property : null
2025-12-12T19:43:40.949+07:00  INFO 25712 --- [user-service] [main] [                                                 ] com.netflix.discovery.DiscoveryClient    : Force full registry fetch : false
2025-12-12T19:43:40.949+07:00  INFO 25712 --- [user-service] [main] [                                                 ] com.netflix.discovery.DiscoveryClient    : Application is null : false
2025-12-12T19:43:40.949+07:00  INFO 25712 --- [user-service] [main] [                                                 ] com.netflix.discovery.DiscoveryClient    : Registered Applications size is zero : true
2025-12-12T19:43:40.949+07:00  INFO 25712 --- [user-service] [main] [                                                 ] com.netflix.discovery.DiscoveryClient    : Application version is -1: true
2025-12-12T19:43:40.949+07:00  INFO 25712 --- [user-service] [main] [                                                 ] com.netflix.discovery.DiscoveryClient    : Getting all instance registry info from the eureka server
2025-12-12T19:43:41.211+07:00  INFO 25712 --- [user-service] [main] [                                                 ] com.netflix.discovery.DiscoveryClient    : The response status is 200
2025-12-12T19:43:41.214+07:00  INFO 25712 --- [user-service] [main] [                                                 ] com.netflix.discovery.DiscoveryClient    : Starting heartbeat executor: renew interval is: 30
2025-12-12T19:43:41.214+07:00  INFO 25712 --- [user-service] [main] [                                                 ] c.n.discovery.InstanceInfoReplicator     : InstanceInfoReplicator onDemand update allowed rate per min is 4
2025-12-12T19:43:41.215+07:00  INFO 25712 --- [user-service] [main] [                                                 ] com.netflix.discovery.DiscoveryClient    : Discovery Client initialized at timestamp 1765543421215 with initial instances count: 3
2025-12-12T19:43:41.218+07:00  INFO 25712 --- [user-service] [main] [                                                 ] o.s.c.n.e.s.EurekaServiceRegistry        : Registering application USER-SERVICE with eureka with status UP
2025-12-12T19:43:41.218+07:00  INFO 25712 --- [user-service] [main] [                                                 ] com.netflix.discovery.DiscoveryClient    : Saw local status change event StatusChangeEvent [timestamp=1765543421218, current=UP, previous=STARTING]
2025-12-12T19:43:41.219+07:00  INFO 25712 --- [user-service] [DiscoveryClient-InstanceInfoReplicator-%d] [                                                 ] com.netflix.discovery.DiscoveryClient    : DiscoveryClient_USER-SERVICE/localhost:user-service:8082: registering service...
2025-12-12T19:43:41.219+07:00  INFO 25712 --- [user-service] [main] [                                                 ] o.s.c.s.binder.DefaultBinderFactory      : Creating binder: rabbit
2025-12-12T19:43:41.219+07:00  INFO 25712 --- [user-service] [main] [                                                 ] o.s.c.s.binder.DefaultBinderFactory      : Constructing binder child context for rabbit
2025-12-12T19:43:41.262+07:00  INFO 25712 --- [user-service] [DiscoveryClient-InstanceInfoReplicator-%d] [                                                 ] com.netflix.discovery.DiscoveryClient    : DiscoveryClient_USER-SERVICE/localhost:user-service:8082 - registration status: 204
2025-12-12T19:43:41.305+07:00  INFO 25712 --- [user-service] [main] [                                                 ] o.s.c.s.binder.DefaultBinderFactory      : Caching the binder: rabbit
2025-12-12T19:43:41.314+07:00  INFO 25712 --- [user-service] [main] [                                                 ] c.s.b.r.p.RabbitExchangeQueueProvisioner : declaring queue for inbound: springCloudBus.anonymous.wGOXMrk3Sf-LNuXNieenEg, bound to: springCloudBus
2025-12-12T19:43:41.319+07:00  INFO 25712 --- [user-service] [main] [                                                 ] o.s.a.r.c.CachingConnectionFactory       : Attempting to connect to: [localhost:5672]
2025-12-12T19:43:41.409+07:00  INFO 25712 --- [user-service] [main] [                                                 ] o.s.a.r.c.CachingConnectionFactory       : Created new connection: rabbitConnectionFactory#1067192a:0/SimpleConnection@48bafe39 [delegate=amqp://guest@127.0.0.1:5672/, localPort=50693]
2025-12-12T19:43:41.528+07:00  INFO 25712 --- [user-service] [main] [                                                 ] o.s.c.stream.binder.BinderErrorChannel   : Channel 'rabbit-405044635.springCloudBusInput.errors' has 1 subscriber(s).
2025-12-12T19:43:41.528+07:00  INFO 25712 --- [user-service] [main] [                                                 ] o.s.c.stream.binder.BinderErrorChannel   : Channel 'rabbit-405044635.springCloudBusInput.errors' has 2 subscriber(s).
2025-12-12T19:43:41.549+07:00  INFO 25712 --- [user-service] [main] [                                                 ] o.s.i.a.i.AmqpInboundChannelAdapter      : started bean 'inbound.springCloudBus.anonymous.wGOXMrk3Sf-LNuXNieenEg'
2025-12-12T19:43:41.559+07:00  INFO 25712 --- [user-service] [main] [                                                 ] o.s.b.w.embedded.tomcat.TomcatWebServer  : Tomcat started on port 8082 (http) with context path '/'
2025-12-12T19:43:41.559+07:00  INFO 25712 --- [user-service] [main] [                                                 ] .s.c.n.e.s.EurekaAutoServiceRegistration : Updating port to 8082
2025-12-12T19:43:42.566+07:00  INFO 25712 --- [user-service] [main] [                                                 ] o.s.cloud.commons.util.InetUtils         : Cannot determine local hostname
2025-12-12T19:43:43.573+07:00  INFO 25712 --- [user-service] [main] [                                                 ] o.s.cloud.commons.util.InetUtils         : Cannot determine local hostname
2025-12-12T19:43:43.607+07:00  INFO 25712 --- [user-service] [main] [                                                 ] com.ecommerce.user.UserApplication       : Started UserApplication in 14.161 seconds (process running for 15.188)
2025-12-12T19:43:44.124+07:00  INFO 25712 --- [user-service] [http-nio-8082-exec-1] [                                                 ] o.a.c.c.C.[Tomcat].[localhost].[/]       : Initializing Spring DispatcherServlet 'dispatcherServlet'
2025-12-12T19:43:44.124+07:00  INFO 25712 --- [user-service] [http-nio-8082-exec-1] [                                                 ] o.s.web.servlet.DispatcherServlet        : Initializing Servlet 'dispatcherServlet'
2025-12-12T19:43:44.125+07:00  INFO 25712 --- [user-service] [http-nio-8082-exec-1] [                                                 ] o.s.web.servlet.DispatcherServlet        : Completed initialization in 1 ms
2025-12-12T19:48:40.960+07:00  INFO 25712 --- [user-service] [AsyncResolver-bootstrap-executor-%d] [                                                 ] c.n.d.s.r.aws.ConfigClusterResolver      : Resolving eureka endpoints via configuration
2025-12-12T19:53:41.000+07:00  INFO 25712 --- [user-service] [AsyncResolver-bootstrap-executor-%d] [                                                 ] c.n.d.s.r.aws.ConfigClusterResolver      : Resolving eureka endpoints via configuration
2025-12-12T19:58:41.038+07:00  INFO 25712 --- [user-service] [AsyncResolver-bootstrap-executor-%d] [                                                 ] c.n.d.s.r.aws.ConfigClusterResolver      : Resolving eureka endpoints via configuration
2025-12-12T20:02:58.110+07:00  INFO 25712 --- [user-service] [SpringApplicationShutdownHook] [                                                 ] o.s.c.n.e.s.EurekaServiceRegistry        : Unregistering application USER-SERVICE with eureka with status DOWN
2025-12-12T20:02:58.133+07:00  INFO 25712 --- [user-service] [SpringApplicationShutdownHook] [                                                 ] com.netflix.discovery.DiscoveryClient    : Saw local status change event StatusChangeEvent [timestamp=1765544578133, current=DOWN, previous=UP]
2025-12-12T20:02:58.135+07:00  INFO 25712 --- [user-service] [DiscoveryClient-InstanceInfoReplicator-%d] [                                                 ] com.netflix.discovery.DiscoveryClient    : DiscoveryClient_USER-SERVICE/localhost:user-service:8082: registering service...
2025-12-12T20:02:58.264+07:00  INFO 25712 --- [user-service] [DiscoveryClient-InstanceInfoReplicator-%d] [                                                 ] com.netflix.discovery.DiscoveryClient    : DiscoveryClient_USER-SERVICE/localhost:user-service:8082 - registration status: 204
2025-12-12T20:02:58.276+07:00  INFO 25712 --- [user-service] [SpringApplicationShutdownHook] [                                                 ] o.s.b.w.e.tomcat.GracefulShutdown        : Commencing graceful shutdown. Waiting for active requests to complete
2025-12-12T20:02:58.332+07:00  INFO 25712 --- [user-service] [tomcat-shutdown] [                                                 ] o.s.b.w.e.tomcat.GracefulShutdown        : Graceful shutdown complete
2025-12-12T20:02:58.491+07:00  INFO 25712 --- [user-service] [SpringApplicationShutdownHook] [                                                 ] o.s.a.r.l.SimpleMessageListenerContainer : Waiting for workers to finish.
2025-12-12T20:02:59.299+07:00  INFO 25712 --- [user-service] [SpringApplicationShutdownHook] [                                                 ] o.s.a.r.l.SimpleMessageListenerContainer : Successfully waited for workers to finish.
2025-12-12T20:02:59.307+07:00  INFO 25712 --- [user-service] [SpringApplicationShutdownHook] [                                                 ] o.s.i.a.i.AmqpInboundChannelAdapter      : stopped bean 'inbound.springCloudBus.anonymous.wGOXMrk3Sf-LNuXNieenEg'
2025-12-12T20:02:59.333+07:00  INFO 25712 --- [user-service] [SpringApplicationShutdownHook] [                                                 ] o.s.c.stream.binder.BinderErrorChannel   : Channel 'user-service.rabbit-405044635.springCloudBusInput.errors' has 1 subscriber(s).
2025-12-12T20:02:59.339+07:00  INFO 25712 --- [user-service] [SpringApplicationShutdownHook] [                                                 ] o.s.c.stream.binder.BinderErrorChannel   : Channel 'user-service.rabbit-405044635.springCloudBusInput.errors' has 0 subscriber(s).
2025-12-12T20:02:59.673+07:00  INFO 25712 --- [user-service] [SpringApplicationShutdownHook] [                                                 ] o.s.i.endpoint.EventDrivenConsumer       : Removing {logging-channel-adapter:_org.springframework.integration.errorLogger} as a subscriber to the 'errorChannel' channel
2025-12-12T20:02:59.674+07:00  INFO 25712 --- [user-service] [SpringApplicationShutdownHook] [                                                 ] o.s.i.channel.PublishSubscribeChannel    : Channel 'user-service.errorChannel' has 0 subscriber(s).
2025-12-12T20:02:59.675+07:00  INFO 25712 --- [user-service] [SpringApplicationShutdownHook] [                                                 ] o.s.i.endpoint.EventDrivenConsumer       : stopped bean '_org.springframework.integration.errorLogger'
2025-12-12T20:03:00.633+07:00  INFO 25712 --- [user-service] [SpringApplicationShutdownHook] [                                                 ] com.netflix.discovery.DiscoveryClient    : Shutting down DiscoveryClient ...
2025-12-12T20:03:03.635+07:00  INFO 25712 --- [user-service] [SpringApplicationShutdownHook] [                                                 ] com.netflix.discovery.DiscoveryClient    : Unregistering ...
2025-12-12T20:03:03.658+07:00  INFO 25712 --- [user-service] [SpringApplicationShutdownHook] [                                                 ] com.netflix.discovery.DiscoveryClient    : DiscoveryClient_USER-SERVICE/localhost:user-service:8082 - deregister  status: 200
2025-12-12T20:03:03.658+07:00  INFO 25712 --- [user-service] [SpringApplicationShutdownHook] [                                                 ] com.netflix.discovery.DiscoveryClient    : Completed shut down of DiscoveryClient
2025-12-12T20:04:37.003+07:00  INFO 20448 --- [user-service] [main] [                                                 ] com.ecommerce.user.UserApplication       : Starting UserApplication using Java 25 with PID 20448 (D:\ecom-microservices\user\target\classes started by Admin in D:\ecom-microservices)
2025-12-12T20:04:37.009+07:00  INFO 20448 --- [user-service] [main] [                                                 ] com.ecommerce.user.UserApplication       : No active profile set, falling back to 1 default profile: "default"
2025-12-12T20:04:37.059+07:00  INFO 20448 --- [user-service] [main] [                                                 ] o.s.c.c.c.ConfigServerConfigDataLoader   : Fetching config from server at : http://localhost:8888
2025-12-12T20:04:37.059+07:00  INFO 20448 --- [user-service] [main] [                                                 ] o.s.c.c.c.ConfigServerConfigDataLoader   : Located environment: name=user-service, profiles=[default], label=null, version=null, state=null
2025-12-12T20:04:39.146+07:00  INFO 20448 --- [user-service] [main] [                                                 ] .s.d.r.c.RepositoryConfigurationDelegate : Bootstrapping Spring Data MongoDB repositories in DEFAULT mode.
2025-12-12T20:04:39.339+07:00  INFO 20448 --- [user-service] [main] [                                                 ] .s.d.r.c.RepositoryConfigurationDelegate : Finished Spring Data repository scanning in 181 ms. Found 1 MongoDB repository interface.
2025-12-12T20:04:39.637+07:00  INFO 20448 --- [user-service] [main] [                                                 ] faultConfiguringBeanFactoryPostProcessor : No bean named 'errorChannel' has been explicitly defined. Therefore, a default PublishSubscribeChannel will be created.
2025-12-12T20:04:39.680+07:00  INFO 20448 --- [user-service] [main] [                                                 ] faultConfiguringBeanFactoryPostProcessor : No bean named 'integrationHeaderChannelRegistry' has been explicitly defined. Therefore, a default DefaultHeaderChannelRegistry will be created.
2025-12-12T20:04:39.992+07:00  INFO 20448 --- [user-service] [main] [                                                 ] o.s.cloud.context.scope.GenericScope     : BeanFactory id=04b56e4c-d277-345d-a49e-9d6cb3d119a3
2025-12-12T20:04:40.782+07:00  INFO 20448 --- [user-service] [main] [                                                 ] o.s.b.w.embedded.tomcat.TomcatWebServer  : Tomcat initialized with port 8082 (http)
2025-12-12T20:04:40.800+07:00  INFO 20448 --- [user-service] [main] [                                                 ] o.apache.catalina.core.StandardService   : Starting service [Tomcat]
2025-12-12T20:04:40.800+07:00  INFO 20448 --- [user-service] [main] [                                                 ] o.apache.catalina.core.StandardEngine    : Starting Servlet engine: [Apache Tomcat/10.1.46]
2025-12-12T20:04:40.901+07:00  INFO 20448 --- [user-service] [main] [                                                 ] o.a.c.c.C.[Tomcat].[localhost].[/]       : Initializing Spring embedded WebApplicationContext
2025-12-12T20:04:40.902+07:00  INFO 20448 --- [user-service] [main] [                                                 ] w.s.c.ServletWebServerApplicationContext : Root WebApplicationContext: initialization completed in 3841 ms
2025-12-12T20:04:42.015+07:00  INFO 20448 --- [user-service] [main] [                                                 ] org.mongodb.driver.client                : MongoClient with metadata {"driver": {"name": "mongo-java-driver|sync|spring-boot", "version": "5.5.1"}, "os": {"type": "Windows", "name": "Windows 11", "architecture": "amd64", "version": "10.0"}, "platform": "Java/Oracle Corporation/25+37-LTS-3491"} created with settings MongoClientSettings{readPreference=primary, writeConcern=WriteConcern{w=null, wTimeout=null ms, journal=null}, retryWrites=true, retryReads=true, readConcern=ReadConcern{level=null}, credential=null, transportSettings=null, commandListeners=[io.micrometer.core.instrument.binder.mongodb.MongoMetricsCommandListener@21046afa], codecRegistry=ProvidersCodecRegistry{codecProviders=[ValueCodecProvider{}, BsonValueCodecProvider{}, DBRefCodecProvider{}, DBObjectCodecProvider{}, DocumentCodecProvider{}, CollectionCodecProvider{}, IterableCodecProvider{}, MapCodecProvider{}, GeoJsonCodecProvider{}, GridFSFileCodecProvider{}, Jsr310CodecProvider{}, JsonObjectCodecProvider{}, BsonCodecProvider{}, EnumCodecProvider{}, com.mongodb.client.model.mql.ExpressionCodecProvider@552fffc8, com.mongodb.Jep395RecordCodecProvider@5ac53209, com.mongodb.KotlinCodecProvider@6d035815]}, loggerSettings=LoggerSettings{maxDocumentLength=1000}, clusterSettings={hosts=[localhost:27017], srvServiceName=mongodb, mode=SINGLE, requiredClusterType=UNKNOWN, requiredReplicaSetName='null', serverSelector='null', clusterListeners='[]', serverSelectionTimeout='30000 ms', localThreshold='15 ms'}, socketSettings=SocketSettings{connectTimeoutMS=10000, readTimeoutMS=0, receiveBufferSize=0, proxySettings=ProxySettings{host=null, port=null, username=null, password=null}}, heartbeatSocketSettings=SocketSettings{connectTimeoutMS=10000, readTimeoutMS=10000, receiveBufferSize=0, proxySettings=ProxySettings{host=null, port=null, username=null, password=null}}, connectionPoolSettings=ConnectionPoolSettings{maxSize=100, minSize=0, maxWaitTimeMS=120000, maxConnectionLifeTimeMS=0, maxConnectionIdleTimeMS=0, maintenanceInitialDelayMS=0, maintenanceFrequencyMS=60000, connectionPoolListeners=[io.micrometer.core.instrument.binder.mongodb.MongoMetricsConnectionPoolListener@6fd2acf5], maxConnecting=2}, serverSettings=ServerSettings{heartbeatFrequencyMS=10000, minHeartbeatFrequencyMS=500, serverMonitoringMode=AUTO, serverListeners='[]', serverMonitorListeners='[]'}, sslSettings=SslSettings{enabled=false, invalidHostNameAllowed=false, context=null}, applicationName='null', compressorList=[], uuidRepresentation=JAVA_LEGACY, serverApi=null, autoEncryptionSettings=null, dnsClient=null, inetAddressResolver=null, contextProvider=null, timeoutMS=null}
2025-12-12T20:04:42.081+07:00  INFO 20448 --- [user-service] [cluster-ClusterId{value='693c12e9157381decce1b7cd', description='null'}-localhost:27017] [                                                 ] org.mongodb.driver.cluster               : Monitor thread successfully connected to server with description ServerDescription{address=localhost:27017, type=STANDALONE, cryptd=false, state=CONNECTED, ok=true, minWireVersion=0, maxWireVersion=27, maxDocumentSize=16777216, logicalSessionTimeoutMinutes=30, roundTripTimeNanos=96509700, minRoundTripTimeNanos=0}
2025-12-12T20:04:43.527+07:00  INFO 20448 --- [user-service] [main] [                                                 ] o.s.cloud.commons.util.InetUtils         : Cannot determine local hostname
2025-12-12T20:04:45.585+07:00  INFO 20448 --- [user-service] [main] [                                                 ] o.s.cloud.commons.util.InetUtils         : Cannot determine local hostname
2025-12-12T20:04:45.880+07:00  WARN 20448 --- [user-service] [main] [                                                 ] c.f.c.c.BeanFactoryAwareFunctionRegistry : Failed to locate function 'busConsumer' for function definition 'busConsumer'. Returning null.
2025-12-12T20:04:45.971+07:00  INFO 20448 --- [user-service] [main] [                                                 ] o.s.c.s.m.DirectWithAttributesChannel    : Channel 'user-service.springCloudBusInput' has 1 subscriber(s).
2025-12-12T20:04:47.159+07:00  INFO 20448 --- [user-service] [main] [                                                 ] o.s.cloud.commons.util.InetUtils         : Cannot determine local hostname
2025-12-12T20:04:47.169+07:00  INFO 20448 --- [user-service] [main] [                                                 ] DiscoveryClientOptionalArgsConfiguration : Eureka HTTP Client uses RestTemplate.
2025-12-12T20:04:47.208+07:00  WARN 20448 --- [user-service] [main] [                                                 ] iguration$LoadBalancerCaffeineWarnLogger : Spring Cloud LoadBalancer is currently working with the default cache. While this cache implementation is useful for development and tests, it's recommended to use Caffeine cache in production.You can switch to using Caffeine cache, by adding it and org.springframework.cache.caffeine.CaffeineCacheManager to the classpath.
2025-12-12T20:04:47.214+07:00  INFO 20448 --- [user-service] [main] [                                                 ] o.s.b.a.e.web.EndpointLinksResolver      : Exposing 35 endpoints beneath base path '/actuator'
2025-12-12T20:04:47.342+07:00  INFO 20448 --- [user-service] [main] [                                                 ] o.s.i.endpoint.EventDrivenConsumer       : Adding {logging-channel-adapter:_org.springframework.integration.errorLogger} as a subscriber to the 'errorChannel' channel
2025-12-12T20:04:47.342+07:00  INFO 20448 --- [user-service] [main] [                                                 ] o.s.i.channel.PublishSubscribeChannel    : Channel 'user-service.errorChannel' has 1 subscriber(s).
2025-12-12T20:04:47.343+07:00  INFO 20448 --- [user-service] [main] [                                                 ] o.s.i.endpoint.EventDrivenConsumer       : started bean '_org.springframework.integration.errorLogger'
2025-12-12T20:04:47.405+07:00  INFO 20448 --- [user-service] [main] [                                                 ] o.s.c.n.eureka.InstanceInfoFactory       : Setting initial instance status as: STARTING
2025-12-12T20:04:47.430+07:00  INFO 20448 --- [user-service] [main] [                                                 ] com.netflix.discovery.DiscoveryClient    : Initializing Eureka in region us-east-1
2025-12-12T20:04:47.436+07:00  INFO 20448 --- [user-service] [main] [                                                 ] c.n.d.s.r.aws.ConfigClusterResolver      : Resolving eureka endpoints via configuration
2025-12-12T20:04:47.444+07:00  INFO 20448 --- [user-service] [main] [                                                 ] com.netflix.discovery.DiscoveryClient    : Disable delta property : false
2025-12-12T20:04:47.444+07:00  INFO 20448 --- [user-service] [main] [                                                 ] com.netflix.discovery.DiscoveryClient    : Single vip registry refresh property : null
2025-12-12T20:04:47.444+07:00  INFO 20448 --- [user-service] [main] [                                                 ] com.netflix.discovery.DiscoveryClient    : Force full registry fetch : false
2025-12-12T20:04:47.444+07:00  INFO 20448 --- [user-service] [main] [                                                 ] com.netflix.discovery.DiscoveryClient    : Application is null : false
2025-12-12T20:04:47.444+07:00  INFO 20448 --- [user-service] [main] [                                                 ] com.netflix.discovery.DiscoveryClient    : Registered Applications size is zero : true
2025-12-12T20:04:47.444+07:00  INFO 20448 --- [user-service] [main] [                                                 ] com.netflix.discovery.DiscoveryClient    : Application version is -1: true
2025-12-12T20:04:47.445+07:00  INFO 20448 --- [user-service] [main] [                                                 ] com.netflix.discovery.DiscoveryClient    : Getting all instance registry info from the eureka server
2025-12-12T20:04:47.717+07:00  INFO 20448 --- [user-service] [main] [                                                 ] com.netflix.discovery.DiscoveryClient    : The response status is 200
2025-12-12T20:04:47.720+07:00  INFO 20448 --- [user-service] [main] [                                                 ] com.netflix.discovery.DiscoveryClient    : Starting heartbeat executor: renew interval is: 30
2025-12-12T20:04:47.721+07:00  INFO 20448 --- [user-service] [main] [                                                 ] c.n.discovery.InstanceInfoReplicator     : InstanceInfoReplicator onDemand update allowed rate per min is 4
2025-12-12T20:04:47.724+07:00  INFO 20448 --- [user-service] [main] [                                                 ] com.netflix.discovery.DiscoveryClient    : Discovery Client initialized at timestamp 1765544687723 with initial instances count: 3
2025-12-12T20:04:47.728+07:00  INFO 20448 --- [user-service] [main] [                                                 ] o.s.c.n.e.s.EurekaServiceRegistry        : Registering application USER-SERVICE with eureka with status UP
2025-12-12T20:04:47.730+07:00  INFO 20448 --- [user-service] [main] [                                                 ] com.netflix.discovery.DiscoveryClient    : Saw local status change event StatusChangeEvent [timestamp=1765544687729, current=UP, previous=STARTING]
2025-12-12T20:04:47.732+07:00  INFO 20448 --- [user-service] [DiscoveryClient-InstanceInfoReplicator-%d] [                                                 ] com.netflix.discovery.DiscoveryClient    : DiscoveryClient_USER-SERVICE/localhost:user-service:8082: registering service...
2025-12-12T20:04:47.733+07:00  INFO 20448 --- [user-service] [main] [                                                 ] o.s.c.s.binder.DefaultBinderFactory      : Creating binder: rabbit
2025-12-12T20:04:47.734+07:00  INFO 20448 --- [user-service] [main] [                                                 ] o.s.c.s.binder.DefaultBinderFactory      : Constructing binder child context for rabbit
2025-12-12T20:04:47.857+07:00  INFO 20448 --- [user-service] [main] [                                                 ] o.s.c.s.binder.DefaultBinderFactory      : Caching the binder: rabbit
2025-12-12T20:04:47.868+07:00  INFO 20448 --- [user-service] [main] [                                                 ] c.s.b.r.p.RabbitExchangeQueueProvisioner : declaring queue for inbound: springCloudBus.anonymous.jf14GypKQ0CUWgDFak2yTQ, bound to: springCloudBus
2025-12-12T20:04:47.873+07:00  INFO 20448 --- [user-service] [main] [                                                 ] o.s.a.r.c.CachingConnectionFactory       : Attempting to connect to: [localhost:5672]
2025-12-12T20:04:47.882+07:00  INFO 20448 --- [user-service] [DiscoveryClient-InstanceInfoReplicator-%d] [                                                 ] com.netflix.discovery.DiscoveryClient    : DiscoveryClient_USER-SERVICE/localhost:user-service:8082 - registration status: 204
2025-12-12T20:04:47.985+07:00  INFO 20448 --- [user-service] [main] [                                                 ] o.s.a.r.c.CachingConnectionFactory       : Created new connection: rabbitConnectionFactory#62966c9f:0/SimpleConnection@f55ecec [delegate=amqp://guest@127.0.0.1:5672/, localPort=59305]
2025-12-12T20:04:48.118+07:00  INFO 20448 --- [user-service] [main] [                                                 ] o.s.c.stream.binder.BinderErrorChannel   : Channel 'rabbit-1608905456.springCloudBusInput.errors' has 1 subscriber(s).
2025-12-12T20:04:48.118+07:00  INFO 20448 --- [user-service] [main] [                                                 ] o.s.c.stream.binder.BinderErrorChannel   : Channel 'rabbit-1608905456.springCloudBusInput.errors' has 2 subscriber(s).
2025-12-12T20:04:48.140+07:00  INFO 20448 --- [user-service] [main] [                                                 ] o.s.i.a.i.AmqpInboundChannelAdapter      : started bean 'inbound.springCloudBus.anonymous.jf14GypKQ0CUWgDFak2yTQ'
2025-12-12T20:04:48.151+07:00  INFO 20448 --- [user-service] [main] [                                                 ] o.s.b.w.embedded.tomcat.TomcatWebServer  : Tomcat started on port 8082 (http) with context path '/'
2025-12-12T20:04:48.153+07:00  INFO 20448 --- [user-service] [main] [                                                 ] .s.c.n.e.s.EurekaAutoServiceRegistration : Updating port to 8082
2025-12-12T20:04:49.160+07:00  INFO 20448 --- [user-service] [main] [                                                 ] o.s.cloud.commons.util.InetUtils         : Cannot determine local hostname
2025-12-12T20:04:49.558+07:00  INFO 20448 --- [user-service] [http-nio-8082-exec-1] [                                                 ] o.a.c.c.C.[Tomcat].[localhost].[/]       : Initializing Spring DispatcherServlet 'dispatcherServlet'
2025-12-12T20:04:49.558+07:00  INFO 20448 --- [user-service] [http-nio-8082-exec-1] [                                                 ] o.s.web.servlet.DispatcherServlet        : Initializing Servlet 'dispatcherServlet'
2025-12-12T20:04:49.560+07:00  INFO 20448 --- [user-service] [http-nio-8082-exec-1] [                                                 ] o.s.web.servlet.DispatcherServlet        : Completed initialization in 2 ms
2025-12-12T20:04:50.167+07:00  INFO 20448 --- [user-service] [main] [                                                 ] o.s.cloud.commons.util.InetUtils         : Cannot determine local hostname
2025-12-12T20:04:50.201+07:00  INFO 20448 --- [user-service] [main] [                                                 ] com.ecommerce.user.UserApplication       : Started UserApplication in 16.185 seconds (process running for 17.557)
2025-12-12T20:05:26.194+07:00  INFO 20448 --- [user-service] [http-nio-8082-exec-4] [693c1306611d943a87f46c0a5be67c3a-ce3db3a25f20073d] c.e.user.controllers.UserController      : Request received for user: 68fbbb07379e941b2ab52a97
2025-12-12T20:05:26.207+07:00  INFO 20448 --- [user-service] [http-nio-8082-exec-4] [693c1306611d943a87f46c0a5be67c3a-ce3db3a25f20073d] c.e.user.controllers.UserController      : This is INFO level - General system information
2025-12-12T20:05:26.208+07:00  WARN 20448 --- [user-service] [http-nio-8082-exec-4] [693c1306611d943a87f46c0a5be67c3a-ce3db3a25f20073d] c.e.user.controllers.UserController      : This is WARN level - Something might be wrong
2025-12-12T20:05:26.209+07:00 ERROR 20448 --- [user-service] [http-nio-8082-exec-4] [693c1306611d943a87f46c0a5be67c3a-ce3db3a25f20073d] c.e.user.controllers.UserController      : This is ERROR level - Something failed
2025-12-12T20:09:47.460+07:00  INFO 20448 --- [user-service] [AsyncResolver-bootstrap-executor-%d] [                                                 ] c.n.d.s.r.aws.ConfigClusterResolver      : Resolving eureka endpoints via configuration
2025-12-12T20:14:47.514+07:00  INFO 20448 --- [user-service] [AsyncResolver-bootstrap-executor-%d] [                                                 ] c.n.d.s.r.aws.ConfigClusterResolver      : Resolving eureka endpoints via configuration
2025-12-12T20:19:47.589+07:00  INFO 20448 --- [user-service] [AsyncResolver-bootstrap-executor-%d] [                                                 ] c.n.d.s.r.aws.ConfigClusterResolver      : Resolving eureka endpoints via configuration
2025-12-12T20:24:25.317+07:00  INFO 20448 --- [user-service] [http-nio-8082-exec-9] [693c17874a58e033f82470e22e28c469-c48c31ebe3655496] c.e.user.controllers.UserController      : Request received for user: 68fbbb07379e941b2ab52a97
2025-12-12T20:24:25.365+07:00  INFO 20448 --- [user-service] [http-nio-8082-exec-9] [693c17874a58e033f82470e22e28c469-c48c31ebe3655496] c.e.user.controllers.UserController      : This is INFO level - General system information
2025-12-12T20:24:25.368+07:00  WARN 20448 --- [user-service] [http-nio-8082-exec-9] [693c17874a58e033f82470e22e28c469-c48c31ebe3655496] c.e.user.controllers.UserController      : This is WARN level - Something might be wrong
2025-12-12T20:24:25.368+07:00 ERROR 20448 --- [user-service] [http-nio-8082-exec-9] [693c17874a58e033f82470e22e28c469-c48c31ebe3655496] c.e.user.controllers.UserController      : This is ERROR level - Something failed
2025-12-12T20:24:47.640+07:00  INFO 20448 --- [user-service] [AsyncResolver-bootstrap-executor-%d] [                                                 ] c.n.d.s.r.aws.ConfigClusterResolver      : Resolving eureka endpoints via configuration
2025-12-12T20:29:47.653+07:00  INFO 20448 --- [user-service] [AsyncResolver-bootstrap-executor-%d] [                                                 ] c.n.d.s.r.aws.ConfigClusterResolver      : Resolving eureka endpoints via configuration
2025-12-12T20:34:47.705+07:00  INFO 20448 --- [user-service] [AsyncResolver-bootstrap-executor-%d] [                                                 ] c.n.d.s.r.aws.ConfigClusterResolver      : Resolving eureka endpoints via configuration
2025-12-12T20:39:47.758+07:00  INFO 20448 --- [user-service] [AsyncResolver-bootstrap-executor-%d] [                                                 ] c.n.d.s.r.aws.ConfigClusterResolver      : Resolving eureka endpoints via configuration
2025-12-12T20:44:47.832+07:00  INFO 20448 --- [user-service] [AsyncResolver-bootstrap-executor-%d] [                                                 ] c.n.d.s.r.aws.ConfigClusterResolver      : Resolving eureka endpoints via configuration
2025-12-12T20:49:47.893+07:00  INFO 20448 --- [user-service] [AsyncResolver-bootstrap-executor-%d] [                                                 ] c.n.d.s.r.aws.ConfigClusterResolver      : Resolving eureka endpoints via configuration
2025-12-12T20:52:05.287+07:00  INFO 20448 --- [user-service] [SpringApplicationShutdownHook] [                                                 ] o.s.c.n.e.s.EurekaServiceRegistry        : Unregistering application USER-SERVICE with eureka with status DOWN
2025-12-12T20:52:05.335+07:00  INFO 20448 --- [user-service] [SpringApplicationShutdownHook] [                                                 ] com.netflix.discovery.DiscoveryClient    : Saw local status change event StatusChangeEvent [timestamp=1765547525335, current=DOWN, previous=UP]
2025-12-12T20:52:05.339+07:00  INFO 20448 --- [user-service] [DiscoveryClient-InstanceInfoReplicator-%d] [                                                 ] com.netflix.discovery.DiscoveryClient    : DiscoveryClient_USER-SERVICE/localhost:user-service:8082: registering service...
2025-12-12T20:52:05.631+07:00  INFO 20448 --- [user-service] [SpringApplicationShutdownHook] [                                                 ] o.s.b.w.e.tomcat.GracefulShutdown        : Commencing graceful shutdown. Waiting for active requests to complete
2025-12-12T20:52:05.759+07:00  INFO 20448 --- [user-service] [tomcat-shutdown] [                                                 ] o.s.b.w.e.tomcat.GracefulShutdown        : Graceful shutdown complete
2025-12-12T20:52:05.863+07:00  INFO 20448 --- [user-service] [DiscoveryClient-InstanceInfoReplicator-%d] [                                                 ] com.netflix.discovery.DiscoveryClient    : DiscoveryClient_USER-SERVICE/localhost:user-service:8082 - registration status: 204
2025-12-12T20:52:06.015+07:00  INFO 20448 --- [user-service] [SpringApplicationShutdownHook] [                                                 ] o.s.a.r.l.SimpleMessageListenerContainer : Waiting for workers to finish.
2025-12-12T20:52:06.138+07:00  INFO 20448 --- [user-service] [SpringApplicationShutdownHook] [                                                 ] o.s.a.r.l.SimpleMessageListenerContainer : Successfully waited for workers to finish.
2025-12-12T20:52:06.148+07:00  INFO 20448 --- [user-service] [SpringApplicationShutdownHook] [                                                 ] o.s.i.a.i.AmqpInboundChannelAdapter      : stopped bean 'inbound.springCloudBus.anonymous.jf14GypKQ0CUWgDFak2yTQ'
2025-12-12T20:52:06.192+07:00  INFO 20448 --- [user-service] [SpringApplicationShutdownHook] [                                                 ] o.s.c.stream.binder.BinderErrorChannel   : Channel 'user-service.rabbit-1608905456.springCloudBusInput.errors' has 1 subscriber(s).
2025-12-12T20:52:06.199+07:00  INFO 20448 --- [user-service] [SpringApplicationShutdownHook] [                                                 ] o.s.c.stream.binder.BinderErrorChannel   : Channel 'user-service.rabbit-1608905456.springCloudBusInput.errors' has 0 subscriber(s).
2025-12-12T20:52:06.571+07:00  INFO 20448 --- [user-service] [DiscoveryClient-HeartbeatExecutor-%d] [693c1e06aa4b7c69c70cf2d40332588f-c70cf2d40332588f] o.a.h.c.h.i.c.HttpRequestRetryExec       : Recoverable I/O exception (java.net.SocketException) caught when processing request to {}->[http://localhost:8761]
2025-12-12T20:52:06.680+07:00  INFO 20448 --- [user-service] [DiscoveryClient-HeartbeatExecutor-%d] [                                                 ] c.n.d.s.t.d.RedirectingEurekaHttpClient  : Request execution error. endpoint=DefaultEndpoint{ serviceUrl='http://localhost:8761/eureka/} exception=I/O error on PUT request for "http://localhost:8761/eureka/apps/USER-SERVICE/localhost:user-service:8082": Connect to http://localhost:8761 failed: Connection refused: getsockopt stacktrace=org.springframework.web.client.ResourceAccessException: I/O error on PUT request for "http://localhost:8761/eureka/apps/USER-SERVICE/localhost:user-service:8082": Connect to http://localhost:8761 failed: Connection refused: getsockopt
	at org.springframework.web.client.RestTemplate.createResourceAccessException(RestTemplate.java:926)
	at org.springframework.web.client.RestTemplate.doExecute(RestTemplate.java:906)
	at org.springframework.web.client.RestTemplate.execute(RestTemplate.java:841)
	at org.springframework.web.client.RestTemplate.exchange(RestTemplate.java:702)
	at org.springframework.cloud.netflix.eureka.http.RestTemplateEurekaHttpClient.sendHeartBeat(RestTemplateEurekaHttpClient.java:119)
	at com.netflix.discovery.shared.transport.decorator.EurekaHttpClientDecorator$3.execute(EurekaHttpClientDecorator.java:92)
	at com.netflix.discovery.shared.transport.decorator.RedirectingEurekaHttpClient.execute(RedirectingEurekaHttpClient.java:91)
	at com.netflix.discovery.shared.transport.decorator.EurekaHttpClientDecorator.sendHeartBeat(EurekaHttpClientDecorator.java:89)
	at com.netflix.discovery.shared.transport.decorator.EurekaHttpClientDecorator$3.execute(EurekaHttpClientDecorator.java:92)
	at com.netflix.discovery.shared.transport.decorator.RetryableEurekaHttpClient.execute(RetryableEurekaHttpClient.java:120)
	at com.netflix.discovery.shared.transport.decorator.EurekaHttpClientDecorator.sendHeartBeat(EurekaHttpClientDecorator.java:89)
	at com.netflix.discovery.shared.transport.decorator.EurekaHttpClientDecorator$3.execute(EurekaHttpClientDecorator.java:92)
	at com.netflix.discovery.shared.transport.decorator.SessionedEurekaHttpClient.execute(SessionedEurekaHttpClient.java:76)
	at com.netflix.discovery.shared.transport.decorator.EurekaHttpClientDecorator.sendHeartBeat(EurekaHttpClientDecorator.java:89)
	at com.netflix.discovery.DiscoveryClient.renew(DiscoveryClient.java:845)
	at com.netflix.discovery.DiscoveryClient$HeartbeatThread.run(DiscoveryClient.java:1402)
	at java.base/java.util.concurrent.Executors$RunnableAdapter.call(Executors.java:545)
	at java.base/java.util.concurrent.FutureTask.run(FutureTask.java:328)
	at java.base/java.util.concurrent.ThreadPoolExecutor.runWorker(ThreadPoolExecutor.java:1090)
	at java.base/java.util.concurrent.ThreadPoolExecutor$Worker.run(ThreadPoolExecutor.java:614)
	at java.base/java.lang.Thread.run(Thread.java:1474)
Caused by: org.apache.hc.client5.http.HttpHostConnectException: Connect to http://localhost:8761 failed: Connection refused: getsockopt
	at java.base/sun.nio.ch.Net.pollConnect(Native Method)
	at java.base/sun.nio.ch.Net.pollConnectNow(Net.java:639)
	at java.base/sun.nio.ch.NioSocketImpl.timedFinishConnect(NioSocketImpl.java:543)
	at java.base/sun.nio.ch.NioSocketImpl.connect(NioSocketImpl.java:594)
	at java.base/java.net.SocksSocketImpl.connect(SocksSocketImpl.java:284)
	at java.base/java.net.Socket.connect(Socket.java:659)
	at org.apache.hc.client5.http.impl.io.DefaultHttpClientConnectionOperator.connect(DefaultHttpClientConnectionOperator.java:205)
	at org.apache.hc.client5.http.impl.io.PoolingHttpClientConnectionManager.connect(PoolingHttpClientConnectionManager.java:490)
	at org.apache.hc.client5.http.impl.classic.InternalExecRuntime.connectEndpoint(InternalExecRuntime.java:164)
	at org.apache.hc.client5.http.impl.classic.InternalExecRuntime.connectEndpoint(InternalExecRuntime.java:174)
	at org.apache.hc.client5.http.impl.classic.ConnectExec.execute(ConnectExec.java:144)
	at org.apache.hc.client5.http.impl.classic.ExecChainElement.execute(ExecChainElement.java:51)
	at org.apache.hc.client5.http.impl.classic.ProtocolExec.execute(ProtocolExec.java:195)
	at org.apache.hc.client5.http.impl.classic.ExecChainElement.execute(ExecChainElement.java:51)
	at org.apache.hc.client5.http.impl.classic.ContentCompressionExec.execute(ContentCompressionExec.java:150)
	at org.apache.hc.client5.http.impl.classic.ExecChainElement.execute(ExecChainElement.java:51)
	at org.apache.hc.client5.http.impl.classic.HttpRequestRetryExec.execute(HttpRequestRetryExec.java:113)
	at org.apache.hc.client5.http.impl.classic.ExecChainElement.execute(ExecChainElement.java:51)
	at org.apache.hc.client5.http.impl.classic.RedirectExec.execute(RedirectExec.java:110)
	at org.apache.hc.client5.http.impl.classic.ExecChainElement.execute(ExecChainElement.java:51)
	at org.apache.hc.client5.http.impl.classic.InternalHttpClient.doExecute(InternalHttpClient.java:185)
	at org.apache.hc.client5.http.impl.classic.CloseableHttpClient.execute(CloseableHttpClient.java:87)
	at org.apache.hc.client5.http.impl.classic.CloseableHttpClient.execute(CloseableHttpClient.java:55)
	at org.apache.hc.client5.http.classic.HttpClient.executeOpen(HttpClient.java:183)
	at org.springframework.http.client.HttpComponentsClientHttpRequest.executeInternal(HttpComponentsClientHttpRequest.java:99)
	at org.springframework.http.client.AbstractStreamingClientHttpRequest.executeInternal(AbstractStreamingClientHttpRequest.java:71)
	at org.springframework.http.client.AbstractClientHttpRequest.execute(AbstractClientHttpRequest.java:81)
	at org.springframework.http.client.InterceptingClientHttpRequest$InterceptingRequestExecution.execute(InterceptingClientHttpRequest.java:117)
	at org.springframework.cloud.netflix.eureka.http.RestTemplateTransportClientFactory.lambda$restTemplate$2(RestTemplateTransportClientFactory.java:145)
	at org.springframework.http.client.InterceptingClientHttpRequest$InterceptingRequestExecution.execute(InterceptingClientHttpRequest.java:88)
	at org.springframework.http.client.InterceptingClientHttpRequest.executeInternal(InterceptingClientHttpRequest.java:72)
	at org.springframework.http.client.AbstractBufferingClientHttpRequest.executeInternal(AbstractBufferingClientHttpRequest.java:48)
	at org.springframework.http.client.AbstractClientHttpRequest.execute(AbstractClientHttpRequest.java:81)
	at org.springframework.web.client.RestTemplate.doExecute(RestTemplate.java:900)
	... 19 more

2025-12-12T20:52:06.680+07:00  INFO 20448 --- [user-service] [DiscoveryClient-CacheRefreshExecutor-%d] [                                                 ] c.n.d.s.t.d.RedirectingEurekaHttpClient  : Request execution error. endpoint=DefaultEndpoint{ serviceUrl='http://localhost:8761/eureka/} exception=I/O error on GET request for "http://localhost:8761/eureka/apps/delta": Connect to http://localhost:8761 failed: Connection refused: getsockopt stacktrace=org.springframework.web.client.ResourceAccessException: I/O error on GET request for "http://localhost:8761/eureka/apps/delta": Connect to http://localhost:8761 failed: Connection refused: getsockopt
	at org.springframework.web.client.RestTemplate.createResourceAccessException(RestTemplate.java:926)
	at org.springframework.web.client.RestTemplate.doExecute(RestTemplate.java:906)
	at org.springframework.web.client.RestTemplate.execute(RestTemplate.java:841)
	at org.springframework.web.client.RestTemplate.exchange(RestTemplate.java:702)
	at org.springframework.cloud.netflix.eureka.http.RestTemplateEurekaHttpClient.getApplicationsInternal(RestTemplateEurekaHttpClient.java:174)
	at org.springframework.cloud.netflix.eureka.http.RestTemplateEurekaHttpClient.getDelta(RestTemplateEurekaHttpClient.java:186)
	at com.netflix.discovery.shared.transport.decorator.EurekaHttpClientDecorator$7.execute(EurekaHttpClientDecorator.java:152)
	at com.netflix.discovery.shared.transport.decorator.RedirectingEurekaHttpClient.execute(RedirectingEurekaHttpClient.java:91)
	at com.netflix.discovery.shared.transport.decorator.EurekaHttpClientDecorator.getDelta(EurekaHttpClientDecorator.java:149)
	at com.netflix.discovery.shared.transport.decorator.EurekaHttpClientDecorator$7.execute(EurekaHttpClientDecorator.java:152)
	at com.netflix.discovery.shared.transport.decorator.RetryableEurekaHttpClient.execute(RetryableEurekaHttpClient.java:120)
	at com.netflix.discovery.shared.transport.decorator.EurekaHttpClientDecorator.getDelta(EurekaHttpClientDecorator.java:149)
	at com.netflix.discovery.shared.transport.decorator.EurekaHttpClientDecorator$7.execute(EurekaHttpClientDecorator.java:152)
	at com.netflix.discovery.shared.transport.decorator.SessionedEurekaHttpClient.execute(SessionedEurekaHttpClient.java:76)
	at com.netflix.discovery.shared.transport.decorator.EurekaHttpClientDecorator.getDelta(EurekaHttpClientDecorator.java:149)
	at com.netflix.discovery.DiscoveryClient.getAndUpdateDelta(DiscoveryClient.java:1080)
	at com.netflix.discovery.DiscoveryClient.fetchRegistry(DiscoveryClient.java:963)
	at com.netflix.discovery.DiscoveryClient.refreshRegistry(DiscoveryClient.java:1473)
	at com.netflix.discovery.DiscoveryClient$CacheRefreshThread.run(DiscoveryClient.java:1441)
	at java.base/java.util.concurrent.Executors$RunnableAdapter.call(Executors.java:545)
	at java.base/java.util.concurrent.FutureTask.run(FutureTask.java:328)
	at java.base/java.util.concurrent.ThreadPoolExecutor.runWorker(ThreadPoolExecutor.java:1090)
	at java.base/java.util.concurrent.ThreadPoolExecutor$Worker.run(ThreadPoolExecutor.java:614)
	at java.base/java.lang.Thread.run(Thread.java:1474)
Caused by: org.apache.hc.client5.http.HttpHostConnectException: Connect to http://localhost:8761 failed: Connection refused: getsockopt
	at java.base/sun.nio.ch.Net.pollConnect(Native Method)
	at java.base/sun.nio.ch.Net.pollConnectNow(Net.java:639)
	at java.base/sun.nio.ch.NioSocketImpl.timedFinishConnect(NioSocketImpl.java:543)
	at java.base/sun.nio.ch.NioSocketImpl.connect(NioSocketImpl.java:594)
	at java.base/java.net.SocksSocketImpl.connect(SocksSocketImpl.java:284)
	at java.base/java.net.Socket.connect(Socket.java:659)
	at org.apache.hc.client5.http.impl.io.DefaultHttpClientConnectionOperator.connect(DefaultHttpClientConnectionOperator.java:205)
	at org.apache.hc.client5.http.impl.io.PoolingHttpClientConnectionManager.connect(PoolingHttpClientConnectionManager.java:490)
	at org.apache.hc.client5.http.impl.classic.InternalExecRuntime.connectEndpoint(InternalExecRuntime.java:164)
	at org.apache.hc.client5.http.impl.classic.InternalExecRuntime.connectEndpoint(InternalExecRuntime.java:174)
	at org.apache.hc.client5.http.impl.classic.ConnectExec.execute(ConnectExec.java:144)
	at org.apache.hc.client5.http.impl.classic.ExecChainElement.execute(ExecChainElement.java:51)
	at org.apache.hc.client5.http.impl.classic.ProtocolExec.execute(ProtocolExec.java:195)
	at org.apache.hc.client5.http.impl.classic.ExecChainElement.execute(ExecChainElement.java:51)
	at org.apache.hc.client5.http.impl.classic.ContentCompressionExec.execute(ContentCompressionExec.java:150)
	at org.apache.hc.client5.http.impl.classic.ExecChainElement.execute(ExecChainElement.java:51)
	at org.apache.hc.client5.http.impl.classic.HttpRequestRetryExec.execute(HttpRequestRetryExec.java:113)
	at org.apache.hc.client5.http.impl.classic.ExecChainElement.execute(ExecChainElement.java:51)
	at org.apache.hc.client5.http.impl.classic.RedirectExec.execute(RedirectExec.java:110)
	at org.apache.hc.client5.http.impl.classic.ExecChainElement.execute(ExecChainElement.java:51)
	at org.apache.hc.client5.http.impl.classic.InternalHttpClient.doExecute(InternalHttpClient.java:185)
	at org.apache.hc.client5.http.impl.classic.CloseableHttpClient.execute(CloseableHttpClient.java:87)
	at org.apache.hc.client5.http.impl.classic.CloseableHttpClient.execute(CloseableHttpClient.java:55)
	at org.apache.hc.client5.http.classic.HttpClient.executeOpen(HttpClient.java:183)
	at org.springframework.http.client.HttpComponentsClientHttpRequest.executeInternal(HttpComponentsClientHttpRequest.java:99)
	at org.springframework.http.client.AbstractStreamingClientHttpRequest.executeInternal(AbstractStreamingClientHttpRequest.java:71)
	at org.springframework.http.client.AbstractClientHttpRequest.execute(AbstractClientHttpRequest.java:81)
	at org.springframework.http.client.InterceptingClientHttpRequest$InterceptingRequestExecution.execute(InterceptingClientHttpRequest.java:117)
	at org.springframework.cloud.netflix.eureka.http.RestTemplateTransportClientFactory.lambda$restTemplate$2(RestTemplateTransportClientFactory.java:145)
	at org.springframework.http.client.InterceptingClientHttpRequest$InterceptingRequestExecution.execute(InterceptingClientHttpRequest.java:88)
	at org.springframework.http.client.InterceptingClientHttpRequest.executeInternal(InterceptingClientHttpRequest.java:72)
	at org.springframework.http.client.AbstractBufferingClientHttpRequest.executeInternal(AbstractBufferingClientHttpRequest.java:48)
	at org.springframework.http.client.AbstractClientHttpRequest.execute(AbstractClientHttpRequest.java:81)
	at org.springframework.web.client.RestTemplate.doExecute(RestTemplate.java:900)
	... 22 more

2025-12-12T20:52:06.684+07:00  WARN 20448 --- [user-service] [DiscoveryClient-HeartbeatExecutor-%d] [                                                 ] c.n.d.s.t.d.RetryableEurekaHttpClient    : Request execution failed with message: I/O error on PUT request for "http://localhost:8761/eureka/apps/USER-SERVICE/localhost:user-service:8082": Connect to http://localhost:8761 failed: Connection refused: getsockopt
2025-12-12T20:52:06.684+07:00  WARN 20448 --- [user-service] [DiscoveryClient-CacheRefreshExecutor-%d] [                                                 ] c.n.d.s.t.d.RetryableEurekaHttpClient    : Request execution failed with message: I/O error on GET request for "http://localhost:8761/eureka/apps/delta": Connect to http://localhost:8761 failed: Connection refused: getsockopt
2025-12-12T20:52:06.757+07:00  INFO 20448 --- [user-service] [SpringApplicationShutdownHook] [                                                 ] o.s.i.endpoint.EventDrivenConsumer       : Removing {logging-channel-adapter:_org.springframework.integration.errorLogger} as a subscriber to the 'errorChannel' channel
2025-12-12T20:52:06.757+07:00  INFO 20448 --- [user-service] [SpringApplicationShutdownHook] [                                                 ] o.s.i.channel.PublishSubscribeChannel    : Channel 'user-service.errorChannel' has 0 subscriber(s).
2025-12-12T20:52:06.760+07:00  INFO 20448 --- [user-service] [SpringApplicationShutdownHook] [                                                 ] o.s.i.endpoint.EventDrivenConsumer       : stopped bean '_org.springframework.integration.errorLogger'
2025-12-12T20:52:06.774+07:00  INFO 20448 --- [user-service] [DiscoveryClient-HeartbeatExecutor-%d] [                                                 ] c.n.d.s.t.d.RedirectingEurekaHttpClient  : Request execution error. endpoint=DefaultEndpoint{ serviceUrl='http://localhost:8761/eureka/}, exception=I/O error on PUT request for "http://localhost:8761/eureka/apps/USER-SERVICE/localhost:user-service:8082": Connect to http://localhost:8761 failed: Connection refused: getsockopt stacktrace=org.springframework.web.client.ResourceAccessException: I/O error on PUT request for "http://localhost:8761/eureka/apps/USER-SERVICE/localhost:user-service:8082": Connect to http://localhost:8761 failed: Connection refused: getsockopt
	at org.springframework.web.client.RestTemplate.createResourceAccessException(RestTemplate.java:926)
	at org.springframework.web.client.RestTemplate.doExecute(RestTemplate.java:906)
	at org.springframework.web.client.RestTemplate.execute(RestTemplate.java:841)
	at org.springframework.web.client.RestTemplate.exchange(RestTemplate.java:702)
	at org.springframework.cloud.netflix.eureka.http.RestTemplateEurekaHttpClient.sendHeartBeat(RestTemplateEurekaHttpClient.java:119)
	at com.netflix.discovery.shared.transport.decorator.EurekaHttpClientDecorator$3.execute(EurekaHttpClientDecorator.java:92)
	at com.netflix.discovery.shared.transport.decorator.RedirectingEurekaHttpClient.executeOnNewServer(RedirectingEurekaHttpClient.java:121)
	at com.netflix.discovery.shared.transport.decorator.RedirectingEurekaHttpClient.execute(RedirectingEurekaHttpClient.java:80)
	at com.netflix.discovery.shared.transport.decorator.EurekaHttpClientDecorator.sendHeartBeat(EurekaHttpClientDecorator.java:89)
	at com.netflix.discovery.shared.transport.decorator.EurekaHttpClientDecorator$3.execute(EurekaHttpClientDecorator.java:92)
	at com.netflix.discovery.shared.transport.decorator.RetryableEurekaHttpClient.execute(RetryableEurekaHttpClient.java:120)
	at com.netflix.discovery.shared.transport.decorator.EurekaHttpClientDecorator.sendHeartBeat(EurekaHttpClientDecorator.java:89)
	at com.netflix.discovery.shared.transport.decorator.EurekaHttpClientDecorator$3.execute(EurekaHttpClientDecorator.java:92)
	at com.netflix.discovery.shared.transport.decorator.SessionedEurekaHttpClient.execute(SessionedEurekaHttpClient.java:76)
	at com.netflix.discovery.shared.transport.decorator.EurekaHttpClientDecorator.sendHeartBeat(EurekaHttpClientDecorator.java:89)
	at com.netflix.discovery.DiscoveryClient.renew(DiscoveryClient.java:845)
	at com.netflix.discovery.DiscoveryClient$HeartbeatThread.run(DiscoveryClient.java:1402)
	at java.base/java.util.concurrent.Executors$RunnableAdapter.call(Executors.java:545)
	at java.base/java.util.concurrent.FutureTask.run(FutureTask.java:328)
	at java.base/java.util.concurrent.ThreadPoolExecutor.runWorker(ThreadPoolExecutor.java:1090)
	at java.base/java.util.concurrent.ThreadPoolExecutor$Worker.run(ThreadPoolExecutor.java:614)
	at java.base/java.lang.Thread.run(Thread.java:1474)
Caused by: org.apache.hc.client5.http.HttpHostConnectException: Connect to http://localhost:8761 failed: Connection refused: getsockopt
	at java.base/sun.nio.ch.Net.pollConnect(Native Method)
	at java.base/sun.nio.ch.Net.pollConnectNow(Net.java:639)
	at java.base/sun.nio.ch.NioSocketImpl.timedFinishConnect(NioSocketImpl.java:543)
	at java.base/sun.nio.ch.NioSocketImpl.connect(NioSocketImpl.java:594)
	at java.base/java.net.SocksSocketImpl.connect(SocksSocketImpl.java:284)
	at java.base/java.net.Socket.connect(Socket.java:659)
	at org.apache.hc.client5.http.impl.io.DefaultHttpClientConnectionOperator.connect(DefaultHttpClientConnectionOperator.java:205)
	at org.apache.hc.client5.http.impl.io.PoolingHttpClientConnectionManager.connect(PoolingHttpClientConnectionManager.java:490)
	at org.apache.hc.client5.http.impl.classic.InternalExecRuntime.connectEndpoint(InternalExecRuntime.java:164)
	at org.apache.hc.client5.http.impl.classic.InternalExecRuntime.connectEndpoint(InternalExecRuntime.java:174)
	at org.apache.hc.client5.http.impl.classic.ConnectExec.execute(ConnectExec.java:144)
	at org.apache.hc.client5.http.impl.classic.ExecChainElement.execute(ExecChainElement.java:51)
	at org.apache.hc.client5.http.impl.classic.ProtocolExec.execute(ProtocolExec.java:195)
	at org.apache.hc.client5.http.impl.classic.ExecChainElement.execute(ExecChainElement.java:51)
	at org.apache.hc.client5.http.impl.classic.ContentCompressionExec.execute(ContentCompressionExec.java:150)
	at org.apache.hc.client5.http.impl.classic.ExecChainElement.execute(ExecChainElement.java:51)
	at org.apache.hc.client5.http.impl.classic.HttpRequestRetryExec.execute(HttpRequestRetryExec.java:113)
	at org.apache.hc.client5.http.impl.classic.ExecChainElement.execute(ExecChainElement.java:51)
	at org.apache.hc.client5.http.impl.classic.RedirectExec.execute(RedirectExec.java:110)
	at org.apache.hc.client5.http.impl.classic.ExecChainElement.execute(ExecChainElement.java:51)
	at org.apache.hc.client5.http.impl.classic.InternalHttpClient.doExecute(InternalHttpClient.java:185)
	at org.apache.hc.client5.http.impl.classic.CloseableHttpClient.execute(CloseableHttpClient.java:87)
	at org.apache.hc.client5.http.impl.classic.CloseableHttpClient.execute(CloseableHttpClient.java:55)
	at org.apache.hc.client5.http.classic.HttpClient.executeOpen(HttpClient.java:183)
	at org.springframework.http.client.HttpComponentsClientHttpRequest.executeInternal(HttpComponentsClientHttpRequest.java:99)
	at org.springframework.http.client.AbstractStreamingClientHttpRequest.executeInternal(AbstractStreamingClientHttpRequest.java:71)
	at org.springframework.http.client.AbstractClientHttpRequest.execute(AbstractClientHttpRequest.java:81)
	at org.springframework.http.client.InterceptingClientHttpRequest$InterceptingRequestExecution.execute(InterceptingClientHttpRequest.java:117)
	at org.springframework.cloud.netflix.eureka.http.RestTemplateTransportClientFactory.lambda$restTemplate$2(RestTemplateTransportClientFactory.java:145)
	at org.springframework.http.client.InterceptingClientHttpRequest$InterceptingRequestExecution.execute(InterceptingClientHttpRequest.java:88)
	at org.springframework.http.client.InterceptingClientHttpRequest.executeInternal(InterceptingClientHttpRequest.java:72)
	at org.springframework.http.client.AbstractBufferingClientHttpRequest.executeInternal(AbstractBufferingClientHttpRequest.java:48)
	at org.springframework.http.client.AbstractClientHttpRequest.execute(AbstractClientHttpRequest.java:81)
	at org.springframework.web.client.RestTemplate.doExecute(RestTemplate.java:900)
	... 20 more

2025-12-12T20:52:06.777+07:00  WARN 20448 --- [user-service] [DiscoveryClient-HeartbeatExecutor-%d] [                                                 ] c.n.d.s.t.d.RetryableEurekaHttpClient    : Request execution failed with message: I/O error on PUT request for "http://localhost:8761/eureka/apps/USER-SERVICE/localhost:user-service:8082": Connect to http://localhost:8761 failed: Connection refused: getsockopt
2025-12-12T20:52:06.778+07:00  INFO 20448 --- [user-service] [DiscoveryClient-CacheRefreshExecutor-%d] [                                                 ] c.n.d.s.t.d.RedirectingEurekaHttpClient  : Request execution error. endpoint=DefaultEndpoint{ serviceUrl='http://localhost:8761/eureka/}, exception=I/O error on GET request for "http://localhost:8761/eureka/apps/delta": Connect to http://localhost:8761 failed: Connection refused: getsockopt stacktrace=org.springframework.web.client.ResourceAccessException: I/O error on GET request for "http://localhost:8761/eureka/apps/delta": Connect to http://localhost:8761 failed: Connection refused: getsockopt
	at org.springframework.web.client.RestTemplate.createResourceAccessException(RestTemplate.java:926)
	at org.springframework.web.client.RestTemplate.doExecute(RestTemplate.java:906)
	at org.springframework.web.client.RestTemplate.execute(RestTemplate.java:841)
	at org.springframework.web.client.RestTemplate.exchange(RestTemplate.java:702)
	at org.springframework.cloud.netflix.eureka.http.RestTemplateEurekaHttpClient.getApplicationsInternal(RestTemplateEurekaHttpClient.java:174)
	at org.springframework.cloud.netflix.eureka.http.RestTemplateEurekaHttpClient.getDelta(RestTemplateEurekaHttpClient.java:186)
	at com.netflix.discovery.shared.transport.decorator.EurekaHttpClientDecorator$7.execute(EurekaHttpClientDecorator.java:152)
	at com.netflix.discovery.shared.transport.decorator.RedirectingEurekaHttpClient.executeOnNewServer(RedirectingEurekaHttpClient.java:121)
	at com.netflix.discovery.shared.transport.decorator.RedirectingEurekaHttpClient.execute(RedirectingEurekaHttpClient.java:80)
	at com.netflix.discovery.shared.transport.decorator.EurekaHttpClientDecorator.getDelta(EurekaHttpClientDecorator.java:149)
	at com.netflix.discovery.shared.transport.decorator.EurekaHttpClientDecorator$7.execute(EurekaHttpClientDecorator.java:152)
	at com.netflix.discovery.shared.transport.decorator.RetryableEurekaHttpClient.execute(RetryableEurekaHttpClient.java:120)
	at com.netflix.discovery.shared.transport.decorator.EurekaHttpClientDecorator.getDelta(EurekaHttpClientDecorator.java:149)
	at com.netflix.discovery.shared.transport.decorator.EurekaHttpClientDecorator$7.execute(EurekaHttpClientDecorator.java:152)
	at com.netflix.discovery.shared.transport.decorator.SessionedEurekaHttpClient.execute(SessionedEurekaHttpClient.java:76)
	at com.netflix.discovery.shared.transport.decorator.EurekaHttpClientDecorator.getDelta(EurekaHttpClientDecorator.java:149)
	at com.netflix.discovery.DiscoveryClient.getAndUpdateDelta(DiscoveryClient.java:1080)
	at com.netflix.discovery.DiscoveryClient.fetchRegistry(DiscoveryClient.java:963)
	at com.netflix.discovery.DiscoveryClient.refreshRegistry(DiscoveryClient.java:1473)
	at com.netflix.discovery.DiscoveryClient$CacheRefreshThread.run(DiscoveryClient.java:1441)
	at java.base/java.util.concurrent.Executors$RunnableAdapter.call(Executors.java:545)
	at java.base/java.util.concurrent.FutureTask.run(FutureTask.java:328)
	at java.base/java.util.concurrent.ThreadPoolExecutor.runWorker(ThreadPoolExecutor.java:1090)
	at java.base/java.util.concurrent.ThreadPoolExecutor$Worker.run(ThreadPoolExecutor.java:614)
	at java.base/java.lang.Thread.run(Thread.java:1474)
Caused by: org.apache.hc.client5.http.HttpHostConnectException: Connect to http://localhost:8761 failed: Connection refused: getsockopt
	at java.base/sun.nio.ch.Net.pollConnect(Native Method)
	at java.base/sun.nio.ch.Net.pollConnectNow(Net.java:639)
	at java.base/sun.nio.ch.NioSocketImpl.timedFinishConnect(NioSocketImpl.java:543)
	at java.base/sun.nio.ch.NioSocketImpl.connect(NioSocketImpl.java:594)
	at java.base/java.net.SocksSocketImpl.connect(SocksSocketImpl.java:284)
	at java.base/java.net.Socket.connect(Socket.java:659)
	at org.apache.hc.client5.http.impl.io.DefaultHttpClientConnectionOperator.connect(DefaultHttpClientConnectionOperator.java:205)
	at org.apache.hc.client5.http.impl.io.PoolingHttpClientConnectionManager.connect(PoolingHttpClientConnectionManager.java:490)
	at org.apache.hc.client5.http.impl.classic.InternalExecRuntime.connectEndpoint(InternalExecRuntime.java:164)
	at org.apache.hc.client5.http.impl.classic.InternalExecRuntime.connectEndpoint(InternalExecRuntime.java:174)
	at org.apache.hc.client5.http.impl.classic.ConnectExec.execute(ConnectExec.java:144)
	at org.apache.hc.client5.http.impl.classic.ExecChainElement.execute(ExecChainElement.java:51)
	at org.apache.hc.client5.http.impl.classic.ProtocolExec.execute(ProtocolExec.java:195)
	at org.apache.hc.client5.http.impl.classic.ExecChainElement.execute(ExecChainElement.java:51)
	at org.apache.hc.client5.http.impl.classic.ContentCompressionExec.execute(ContentCompressionExec.java:150)
	at org.apache.hc.client5.http.impl.classic.ExecChainElement.execute(ExecChainElement.java:51)
	at org.apache.hc.client5.http.impl.classic.HttpRequestRetryExec.execute(HttpRequestRetryExec.java:113)
	at org.apache.hc.client5.http.impl.classic.ExecChainElement.execute(ExecChainElement.java:51)
	at org.apache.hc.client5.http.impl.classic.RedirectExec.execute(RedirectExec.java:110)
	at org.apache.hc.client5.http.impl.classic.ExecChainElement.execute(ExecChainElement.java:51)
	at org.apache.hc.client5.http.impl.classic.InternalHttpClient.doExecute(InternalHttpClient.java:185)
	at org.apache.hc.client5.http.impl.classic.CloseableHttpClient.execute(CloseableHttpClient.java:87)
	at org.apache.hc.client5.http.impl.classic.CloseableHttpClient.execute(CloseableHttpClient.java:55)
	at org.apache.hc.client5.http.classic.HttpClient.executeOpen(HttpClient.java:183)
	at org.springframework.http.client.HttpComponentsClientHttpRequest.executeInternal(HttpComponentsClientHttpRequest.java:99)
	at org.springframework.http.client.AbstractStreamingClientHttpRequest.executeInternal(AbstractStreamingClientHttpRequest.java:71)
	at org.springframework.http.client.AbstractClientHttpRequest.execute(AbstractClientHttpRequest.java:81)
	at org.springframework.http.client.InterceptingClientHttpRequest$InterceptingRequestExecution.execute(InterceptingClientHttpRequest.java:117)
	at org.springframework.cloud.netflix.eureka.http.RestTemplateTransportClientFactory.lambda$restTemplate$2(RestTemplateTransportClientFactory.java:145)
	at org.springframework.http.client.InterceptingClientHttpRequest$InterceptingRequestExecution.execute(InterceptingClientHttpRequest.java:88)
	at org.springframework.http.client.InterceptingClientHttpRequest.executeInternal(InterceptingClientHttpRequest.java:72)
	at org.springframework.http.client.AbstractBufferingClientHttpRequest.executeInternal(AbstractBufferingClientHttpRequest.java:48)
	at org.springframework.http.client.AbstractClientHttpRequest.execute(AbstractClientHttpRequest.java:81)
	at org.springframework.web.client.RestTemplate.doExecute(RestTemplate.java:900)
	... 23 more

2025-12-12T20:52:06.781+07:00  WARN 20448 --- [user-service] [DiscoveryClient-CacheRefreshExecutor-%d] [                                                 ] c.n.d.s.t.d.RetryableEurekaHttpClient    : Request execution failed with message: I/O error on GET request for "http://localhost:8761/eureka/apps/delta": Connect to http://localhost:8761 failed: Connection refused: getsockopt
2025-12-12T20:52:06.783+07:00  INFO 20448 --- [user-service] [DiscoveryClient-CacheRefreshExecutor-%d] [                                                 ] com.netflix.discovery.DiscoveryClient    : DiscoveryClient_USER-SERVICE/localhost:user-service:8082 - was unable to refresh its cache! This periodic background refresh will be retried in 30 seconds. status = Cannot execute request on any known server stacktrace = com.netflix.discovery.shared.transport.TransportException: Cannot execute request on any known server
	at com.netflix.discovery.shared.transport.decorator.RetryableEurekaHttpClient.execute(RetryableEurekaHttpClient.java:112)
	at com.netflix.discovery.shared.transport.decorator.EurekaHttpClientDecorator.getDelta(EurekaHttpClientDecorator.java:149)
	at com.netflix.discovery.shared.transport.decorator.EurekaHttpClientDecorator$7.execute(EurekaHttpClientDecorator.java:152)
	at com.netflix.discovery.shared.transport.decorator.SessionedEurekaHttpClient.execute(SessionedEurekaHttpClient.java:76)
	at com.netflix.discovery.shared.transport.decorator.EurekaHttpClientDecorator.getDelta(EurekaHttpClientDecorator.java:149)
	at com.netflix.discovery.DiscoveryClient.getAndUpdateDelta(DiscoveryClient.java:1080)
	at com.netflix.discovery.DiscoveryClient.fetchRegistry(DiscoveryClient.java:963)
	at com.netflix.discovery.DiscoveryClient.refreshRegistry(DiscoveryClient.java:1473)
	at com.netflix.discovery.DiscoveryClient$CacheRefreshThread.run(DiscoveryClient.java:1441)
	at java.base/java.util.concurrent.Executors$RunnableAdapter.call(Executors.java:545)
	at java.base/java.util.concurrent.FutureTask.run(FutureTask.java:328)
	at java.base/java.util.concurrent.ThreadPoolExecutor.runWorker(ThreadPoolExecutor.java:1090)
	at java.base/java.util.concurrent.ThreadPoolExecutor$Worker.run(ThreadPoolExecutor.java:614)
	at java.base/java.lang.Thread.run(Thread.java:1474)

2025-12-12T20:52:06.778+07:00 ERROR 20448 --- [user-service] [DiscoveryClient-HeartbeatExecutor-%d] [                                                 ] com.netflix.discovery.DiscoveryClient    : DiscoveryClient_USER-SERVICE/localhost:user-service:8082 - was unable to send heartbeat!

com.netflix.discovery.shared.transport.TransportException: Cannot execute request on any known server
	at com.netflix.discovery.shared.transport.decorator.RetryableEurekaHttpClient.execute(RetryableEurekaHttpClient.java:112) ~[eureka-client-2.0.4.jar:2.0.4]
	at com.netflix.discovery.shared.transport.decorator.EurekaHttpClientDecorator.sendHeartBeat(EurekaHttpClientDecorator.java:89) ~[eureka-client-2.0.4.jar:2.0.4]
	at com.netflix.discovery.shared.transport.decorator.EurekaHttpClientDecorator$3.execute(EurekaHttpClientDecorator.java:92) ~[eureka-client-2.0.4.jar:2.0.4]
	at com.netflix.discovery.shared.transport.decorator.SessionedEurekaHttpClient.execute(SessionedEurekaHttpClient.java:76) ~[eureka-client-2.0.4.jar:2.0.4]
	at com.netflix.discovery.shared.transport.decorator.EurekaHttpClientDecorator.sendHeartBeat(EurekaHttpClientDecorator.java:89) ~[eureka-client-2.0.4.jar:2.0.4]
	at com.netflix.discovery.DiscoveryClient.renew(DiscoveryClient.java:845) ~[eureka-client-2.0.4.jar:2.0.4]
	at com.netflix.discovery.DiscoveryClient$HeartbeatThread.run(DiscoveryClient.java:1402) ~[eureka-client-2.0.4.jar:2.0.4]
	at java.base/java.util.concurrent.Executors$RunnableAdapter.call(Executors.java:545) ~[na:na]
	at java.base/java.util.concurrent.FutureTask.run(FutureTask.java:328) ~[na:na]
	at java.base/java.util.concurrent.ThreadPoolExecutor.runWorker(ThreadPoolExecutor.java:1090) ~[na:na]
	at java.base/java.util.concurrent.ThreadPoolExecutor$Worker.run(ThreadPoolExecutor.java:614) ~[na:na]
	at java.base/java.lang.Thread.run(Thread.java:1474) ~[na:na]

2025-12-12T20:52:07.930+07:00  INFO 20448 --- [user-service] [SpringApplicationShutdownHook] [                                                 ] com.netflix.discovery.DiscoveryClient    : Shutting down DiscoveryClient ...
2025-12-12T20:52:10.932+07:00  INFO 20448 --- [user-service] [SpringApplicationShutdownHook] [                                                 ] com.netflix.discovery.DiscoveryClient    : Unregistering ...
2025-12-12T20:52:10.956+07:00  INFO 20448 --- [user-service] [SpringApplicationShutdownHook] [                                                 ] c.n.d.s.t.d.RedirectingEurekaHttpClient  : Request execution error. endpoint=DefaultEndpoint{ serviceUrl='http://localhost:8761/eureka/}, exception=I/O error on DELETE request for "http://localhost:8761/eureka/apps/USER-SERVICE/localhost:user-service:8082": Connect to http://localhost:8761 failed: Connection refused: getsockopt stacktrace=org.springframework.web.client.ResourceAccessException: I/O error on DELETE request for "http://localhost:8761/eureka/apps/USER-SERVICE/localhost:user-service:8082": Connect to http://localhost:8761 failed: Connection refused: getsockopt
	at org.springframework.web.client.RestTemplate.createResourceAccessException(RestTemplate.java:926)
	at org.springframework.web.client.RestTemplate.doExecute(RestTemplate.java:906)
	at org.springframework.web.client.RestTemplate.execute(RestTemplate.java:841)
	at org.springframework.web.client.RestTemplate.exchange(RestTemplate.java:702)
	at org.springframework.cloud.netflix.eureka.http.RestTemplateEurekaHttpClient.cancel(RestTemplateEurekaHttpClient.java:100)
	at com.netflix.discovery.shared.transport.decorator.EurekaHttpClientDecorator$2.execute(EurekaHttpClientDecorator.java:74)
	at com.netflix.discovery.shared.transport.decorator.RedirectingEurekaHttpClient.executeOnNewServer(RedirectingEurekaHttpClient.java:121)
	at com.netflix.discovery.shared.transport.decorator.RedirectingEurekaHttpClient.execute(RedirectingEurekaHttpClient.java:80)
	at com.netflix.discovery.shared.transport.decorator.EurekaHttpClientDecorator.cancel(EurekaHttpClientDecorator.java:71)
	at com.netflix.discovery.shared.transport.decorator.EurekaHttpClientDecorator$2.execute(EurekaHttpClientDecorator.java:74)
	at com.netflix.discovery.shared.transport.decorator.RetryableEurekaHttpClient.execute(RetryableEurekaHttpClient.java:120)
	at com.netflix.discovery.shared.transport.decorator.EurekaHttpClientDecorator.cancel(EurekaHttpClientDecorator.java:71)
	at com.netflix.discovery.shared.transport.decorator.EurekaHttpClientDecorator$2.execute(EurekaHttpClientDecorator.java:74)
	at com.netflix.discovery.shared.transport.decorator.SessionedEurekaHttpClient.execute(SessionedEurekaHttpClient.java:76)
	at com.netflix.discovery.shared.transport.decorator.EurekaHttpClientDecorator.cancel(EurekaHttpClientDecorator.java:71)
	at com.netflix.discovery.DiscoveryClient.unregister(DiscoveryClient.java:919)
	at com.netflix.discovery.DiscoveryClient.shutdown(DiscoveryClient.java:900)
	at java.base/jdk.internal.reflect.DirectMethodHandleAccessor.invoke(DirectMethodHandleAccessor.java:104)
	at java.base/java.lang.reflect.Method.invoke(Method.java:565)
	at org.springframework.beans.factory.annotation.InitDestroyAnnotationBeanPostProcessor$LifecycleMethod.invoke(InitDestroyAnnotationBeanPostProcessor.java:457)
	at org.springframework.beans.factory.annotation.InitDestroyAnnotationBeanPostProcessor$LifecycleMetadata.invokeDestroyMethods(InitDestroyAnnotationBeanPostProcessor.java:415)
	at org.springframework.beans.factory.annotation.InitDestroyAnnotationBeanPostProcessor.postProcessBeforeDestruction(InitDestroyAnnotationBeanPostProcessor.java:239)
	at org.springframework.beans.factory.support.DisposableBeanAdapter.destroy(DisposableBeanAdapter.java:203)
	at org.springframework.beans.factory.support.DisposableBeanAdapter.run(DisposableBeanAdapter.java:196)
	at org.springframework.cloud.context.scope.GenericScope$BeanLifecycleWrapper.destroy(GenericScope.java:387)
	at org.springframework.cloud.context.scope.GenericScope.destroy(GenericScope.java:134)
	at org.springframework.beans.factory.support.DisposableBeanAdapter.destroy(DisposableBeanAdapter.java:212)
	at org.springframework.beans.factory.support.DefaultSingletonBeanRegistry.destroyBean(DefaultSingletonBeanRegistry.java:798)
	at org.springframework.beans.factory.support.DefaultSingletonBeanRegistry.destroySingleton(DefaultSingletonBeanRegistry.java:748)
	at org.springframework.beans.factory.support.DefaultListableBeanFactory.destroySingleton(DefaultListableBeanFactory.java:1489)
	at org.springframework.beans.factory.support.DefaultSingletonBeanRegistry.destroySingletons(DefaultSingletonBeanRegistry.java:707)
	at org.springframework.beans.factory.support.DefaultListableBeanFactory.destroySingletons(DefaultListableBeanFactory.java:1482)
	at org.springframework.context.support.AbstractApplicationContext.destroyBeans(AbstractApplicationContext.java:1219)
	at org.springframework.context.support.AbstractApplicationContext.doClose(AbstractApplicationContext.java:1180)
	at org.springframework.boot.web.servlet.context.ServletWebServerApplicationContext.doClose(ServletWebServerApplicationContext.java:179)
	at org.springframework.context.support.AbstractApplicationContext.close(AbstractApplicationContext.java:1126)
	at org.springframework.boot.SpringApplicationShutdownHook.closeAndWait(SpringApplicationShutdownHook.java:147)
	at java.base/java.lang.Iterable.forEach(Iterable.java:75)
	at org.springframework.boot.SpringApplicationShutdownHook.run(SpringApplicationShutdownHook.java:116)
	at java.base/java.lang.Thread.run(Thread.java:1474)
Caused by: org.apache.hc.client5.http.HttpHostConnectException: Connect to http://localhost:8761 failed: Connection refused: getsockopt
	at java.base/sun.nio.ch.Net.pollConnect(Native Method)
	at java.base/sun.nio.ch.Net.pollConnectNow(Net.java:639)
	at java.base/sun.nio.ch.NioSocketImpl.timedFinishConnect(NioSocketImpl.java:543)
	at java.base/sun.nio.ch.NioSocketImpl.connect(NioSocketImpl.java:594)
	at java.base/java.net.SocksSocketImpl.connect(SocksSocketImpl.java:284)
	at java.base/java.net.Socket.connect(Socket.java:659)
	at org.apache.hc.client5.http.impl.io.DefaultHttpClientConnectionOperator.connect(DefaultHttpClientConnectionOperator.java:205)
	at org.apache.hc.client5.http.impl.io.PoolingHttpClientConnectionManager.connect(PoolingHttpClientConnectionManager.java:490)
	at org.apache.hc.client5.http.impl.classic.InternalExecRuntime.connectEndpoint(InternalExecRuntime.java:164)
	at org.apache.hc.client5.http.impl.classic.InternalExecRuntime.connectEndpoint(InternalExecRuntime.java:174)
	at org.apache.hc.client5.http.impl.classic.ConnectExec.execute(ConnectExec.java:144)
	at org.apache.hc.client5.http.impl.classic.ExecChainElement.execute(ExecChainElement.java:51)
	at org.apache.hc.client5.http.impl.classic.ProtocolExec.execute(ProtocolExec.java:195)
	at org.apache.hc.client5.http.impl.classic.ExecChainElement.execute(ExecChainElement.java:51)
	at org.apache.hc.client5.http.impl.classic.ContentCompressionExec.execute(ContentCompressionExec.java:150)
	at org.apache.hc.client5.http.impl.classic.ExecChainElement.execute(ExecChainElement.java:51)
	at org.apache.hc.client5.http.impl.classic.HttpRequestRetryExec.execute(HttpRequestRetryExec.java:113)
	at org.apache.hc.client5.http.impl.classic.ExecChainElement.execute(ExecChainElement.java:51)
	at org.apache.hc.client5.http.impl.classic.RedirectExec.execute(RedirectExec.java:110)
	at org.apache.hc.client5.http.impl.classic.ExecChainElement.execute(ExecChainElement.java:51)
	at org.apache.hc.client5.http.impl.classic.InternalHttpClient.doExecute(InternalHttpClient.java:185)
	at org.apache.hc.client5.http.impl.classic.CloseableHttpClient.execute(CloseableHttpClient.java:87)
	at org.apache.hc.client5.http.impl.classic.CloseableHttpClient.execute(CloseableHttpClient.java:55)
	at org.apache.hc.client5.http.classic.HttpClient.executeOpen(HttpClient.java:183)
	at org.springframework.http.client.HttpComponentsClientHttpRequest.executeInternal(HttpComponentsClientHttpRequest.java:99)
	at org.springframework.http.client.AbstractStreamingClientHttpRequest.executeInternal(AbstractStreamingClientHttpRequest.java:71)
	at org.springframework.http.client.AbstractClientHttpRequest.execute(AbstractClientHttpRequest.java:81)
	at org.springframework.http.client.InterceptingClientHttpRequest$InterceptingRequestExecution.execute(InterceptingClientHttpRequest.java:117)
	at org.springframework.cloud.netflix.eureka.http.RestTemplateTransportClientFactory.lambda$restTemplate$2(RestTemplateTransportClientFactory.java:145)
	at org.springframework.http.client.InterceptingClientHttpRequest$InterceptingRequestExecution.execute(InterceptingClientHttpRequest.java:88)
	at org.springframework.http.client.InterceptingClientHttpRequest.executeInternal(InterceptingClientHttpRequest.java:72)
	at org.springframework.http.client.AbstractBufferingClientHttpRequest.executeInternal(AbstractBufferingClientHttpRequest.java:48)
	at org.springframework.http.client.AbstractClientHttpRequest.execute(AbstractClientHttpRequest.java:81)
	at org.springframework.web.client.RestTemplate.doExecute(RestTemplate.java:900)
	... 38 more

2025-12-12T20:52:10.957+07:00  WARN 20448 --- [user-service] [SpringApplicationShutdownHook] [                                                 ] c.n.d.s.t.d.RetryableEurekaHttpClient    : Request execution failed with message: I/O error on DELETE request for "http://localhost:8761/eureka/apps/USER-SERVICE/localhost:user-service:8082": Connect to http://localhost:8761 failed: Connection refused: getsockopt
2025-12-12T20:52:10.957+07:00 ERROR 20448 --- [user-service] [SpringApplicationShutdownHook] [                                                 ] com.netflix.discovery.DiscoveryClient    : DiscoveryClient_USER-SERVICE/localhost:user-service:8082 - de-registration failedCannot execute request on any known server

com.netflix.discovery.shared.transport.TransportException: Cannot execute request on any known server
	at com.netflix.discovery.shared.transport.decorator.RetryableEurekaHttpClient.execute(RetryableEurekaHttpClient.java:112) ~[eureka-client-2.0.4.jar:2.0.4]
	at com.netflix.discovery.shared.transport.decorator.EurekaHttpClientDecorator.cancel(EurekaHttpClientDecorator.java:71) ~[eureka-client-2.0.4.jar:2.0.4]
	at com.netflix.discovery.shared.transport.decorator.EurekaHttpClientDecorator$2.execute(EurekaHttpClientDecorator.java:74) ~[eureka-client-2.0.4.jar:2.0.4]
	at com.netflix.discovery.shared.transport.decorator.SessionedEurekaHttpClient.execute(SessionedEurekaHttpClient.java:76) ~[eureka-client-2.0.4.jar:2.0.4]
	at com.netflix.discovery.shared.transport.decorator.EurekaHttpClientDecorator.cancel(EurekaHttpClientDecorator.java:71) ~[eureka-client-2.0.4.jar:2.0.4]
	at com.netflix.discovery.DiscoveryClient.unregister(DiscoveryClient.java:919) ~[eureka-client-2.0.4.jar:2.0.4]
	at com.netflix.discovery.DiscoveryClient.shutdown(DiscoveryClient.java:900) ~[eureka-client-2.0.4.jar:2.0.4]
	at java.base/jdk.internal.reflect.DirectMethodHandleAccessor.invoke(DirectMethodHandleAccessor.java:104) ~[na:na]
	at java.base/java.lang.reflect.Method.invoke(Method.java:565) ~[na:na]
	at org.springframework.beans.factory.annotation.InitDestroyAnnotationBeanPostProcessor$LifecycleMethod.invoke(InitDestroyAnnotationBeanPostProcessor.java:457) ~[spring-beans-6.2.11.jar:6.2.11]
	at org.springframework.beans.factory.annotation.InitDestroyAnnotationBeanPostProcessor$LifecycleMetadata.invokeDestroyMethods(InitDestroyAnnotationBeanPostProcessor.java:415) ~[spring-beans-6.2.11.jar:6.2.11]
	at org.springframework.beans.factory.annotation.InitDestroyAnnotationBeanPostProcessor.postProcessBeforeDestruction(InitDestroyAnnotationBeanPostProcessor.java:239) ~[spring-beans-6.2.11.jar:6.2.11]
	at org.springframework.beans.factory.support.DisposableBeanAdapter.destroy(DisposableBeanAdapter.java:203) ~[spring-beans-6.2.11.jar:6.2.11]
	at org.springframework.beans.factory.support.DisposableBeanAdapter.run(DisposableBeanAdapter.java:196) ~[spring-beans-6.2.11.jar:6.2.11]
	at org.springframework.cloud.context.scope.GenericScope$BeanLifecycleWrapper.destroy(GenericScope.java:387) ~[spring-cloud-context-4.3.0.jar:4.3.0]
	at org.springframework.cloud.context.scope.GenericScope.destroy(GenericScope.java:134) ~[spring-cloud-context-4.3.0.jar:4.3.0]
	at org.springframework.beans.factory.support.DisposableBeanAdapter.destroy(DisposableBeanAdapter.java:212) ~[spring-beans-6.2.11.jar:6.2.11]
	at org.springframework.beans.factory.support.DefaultSingletonBeanRegistry.destroyBean(DefaultSingletonBeanRegistry.java:798) ~[spring-beans-6.2.11.jar:6.2.11]
	at org.springframework.beans.factory.support.DefaultSingletonBeanRegistry.destroySingleton(DefaultSingletonBeanRegistry.java:748) ~[spring-beans-6.2.11.jar:6.2.11]
	at org.springframework.beans.factory.support.DefaultListableBeanFactory.destroySingleton(DefaultListableBeanFactory.java:1489) ~[spring-beans-6.2.11.jar:6.2.11]
	at org.springframework.beans.factory.support.DefaultSingletonBeanRegistry.destroySingletons(DefaultSingletonBeanRegistry.java:707) ~[spring-beans-6.2.11.jar:6.2.11]
	at org.springframework.beans.factory.support.DefaultListableBeanFactory.destroySingletons(DefaultListableBeanFactory.java:1482) ~[spring-beans-6.2.11.jar:6.2.11]
	at org.springframework.context.support.AbstractApplicationContext.destroyBeans(AbstractApplicationContext.java:1219) ~[spring-context-6.2.11.jar:6.2.11]
	at org.springframework.context.support.AbstractApplicationContext.doClose(AbstractApplicationContext.java:1180) ~[spring-context-6.2.11.jar:6.2.11]
	at org.springframework.boot.web.servlet.context.ServletWebServerApplicationContext.doClose(ServletWebServerApplicationContext.java:179) ~[spring-boot-3.5.6.jar:3.5.6]
	at org.springframework.context.support.AbstractApplicationContext.close(AbstractApplicationContext.java:1126) ~[spring-context-6.2.11.jar:6.2.11]
	at org.springframework.boot.SpringApplicationShutdownHook.closeAndWait(SpringApplicationShutdownHook.java:147) ~[spring-boot-3.5.6.jar:3.5.6]
	at java.base/java.lang.Iterable.forEach(Iterable.java:75) ~[na:na]
	at org.springframework.boot.SpringApplicationShutdownHook.run(SpringApplicationShutdownHook.java:116) ~[spring-boot-3.5.6.jar:3.5.6]
	at java.base/java.lang.Thread.run(Thread.java:1474) ~[na:na]

2025-12-12T20:52:10.963+07:00  INFO 20448 --- [user-service] [SpringApplicationShutdownHook] [                                                 ] com.netflix.discovery.DiscoveryClient    : Completed shut down of DiscoveryClient
